subject,description,priority,category,resolution_hours,escalated
Getting error messages,"Hi there, I get a 500 internal server error whenever I open the dashboard. I already tried logging out and back in, and I cleared the cache. Thanks.",medium,Technical,38.9,0
Want my money back,"Hi, I cancelled within the trial period but was still charged $49.00. I would like a refund. Additionally, the app shows an error when I try to export data. I'm a bit disappointed, to be honest. Regards.",medium,Billing,13.5,0
Cannot update payment method,"Hi, The subscription renewal failed and now I can't pay the outstanding balance. I'm a bit disappointed, to be honest. Thank you.",high,Billing,7.1,0
Server error when saving,"Hi there, Saving a project fails with the message 'unexpected error, please try again'. The server logs show a timeout on the API endpoint. Unfortunately this is causing problems for me. Regards.",high,Technical,32.4,1
Invoice amount is wrong,"My latest invoice includes fees I don't recognise. Can you explain the charges? Also, my last package arrived late and the tracking never updated.",medium,Billing,10.9,1
Feedback on the new design,"Hi there, It would be great if you added offline mode in a future release. I reached out last week and got no response. I have followed the steps in your help article multiple times and it still happens. This is annoying and is slowing down my work. Thanks.",medium,General,5.7,0
Requesting a refund for order #98012,"Good morning, I requested a refund two weeks ago for $8.99 and have not received it. Regards.",high,Billing,9.3,0
How do I use offline mode?,"Good morning, Could you give me some information about what's included in each plan? Please help.",low,General,7.8,0
Business hours inquiry,"Good morning, Do you offer a student discount or nonprofit pricing? Unfortunately this is causing problems for me. Thank you.",low,General,9.1,0
Feature request,"Hello, It would be great if you added offline mode in a future release. Also, I was charged an extra fee on my last invoice. Regards.",medium,General,7.9,0
Student discount?,"Good morning, We're interested in a partnership with your company, who should we contact? I checked the network tab and the request returns a 502 error. I already tried logging out and back in, and I cleared the cache. This is the third time I've contacted you about this. Thanks.",medium,General,7.7,0
Payment declined,"Hello team, The subscription renewal failed and now I can't pay the outstanding balance. Thanks.",medium,Billing,9.8,0
Delete my account,Please delete my account and all associated data. The browser console shows an exception with code E1042. Thank you.,medium,Account,8.5,0
Received someone else's order,The package contained someone else's order. Regards.,low,Shipping,30.1,0
Deactivate profile,"Hi, How do I permanently delete my account? This is quite frustrating. Thank you.",high,Account,5.2,0
Integration not working,"Hello, Our API calls to the orders endpoint keep timing out after 30 seconds. On top of that, I can't log in to my account on the mobile app. Looking forward to your reply.",high,Technical,29.5,0
Two-factor code not received,"The verification code is always rejected as invalid. Also, I was charged an extra fee on my last invoice. Looking forward to your reply.",medium,Account,16.3,0
Want my money back,"Good morning, I cancelled within the trial period but was still charged $12.50. I would like a refund. Thanks.",high,Billing,6.3,0
Need a return label,I need to change the shipping address for order #61209 before it's dispatched. Our SSL certificate and DNS configuration look correct. I love your product and it's been great so far. Please help.,low,Shipping,21.8,0
Website very slow,"Hello, Exporting my data to CSV produces an empty file. Thanks.",high,Technical,12.0,0
Pages take forever to load,"Exporting my data to CSV produces an empty file. On top of that, I can't log in to my account on the mobile app. I'm furious. Your product is useless right now. I'm considering legal action. Looking forward to your reply.",urgent,Technical,26.2,1
Application keeps crashing,"Hi, The app crashes every time I try to upload a file larger than 10MB. The server logs show a timeout on the API endpoint. I'm a bit disappointed, to be honest. Regards.",urgent,Technical,21.6,0
Does the product support bulk export?,"Hi there, How do I get started with calendar sync? I couldn't find it in the help center. On top of that, I can't log in to my account on the mobile app. Unfortunately this is causing problems for me. Please help.",low,General,13.6,0
Export to CSV not working,"The website has been extremely slow, pages take over a minute to load. I'm on an iPhone 14 on iOS 17 with app version 5.0.2. Our SSL certificate and DNS configuration look correct. Also, my last package arrived late and the tracking never updated. This is annoying and is slowing down my work. Thanks.",urgent,Technical,36.8,0
Card keeps getting declined,"My payment keeps getting declined even though the card works everywhere else. Additionally, I had a question about your support hours. Thanks.",low,Billing,28.4,0
Where is my order?,"Good morning, The package was marked as shipped but never arrived. Our SSL certificate and DNS configuration look correct. I already tried logging out and back in, and I cleared the cache. Additionally, the app shows an error when I try to export data. Thanks.",urgent,Shipping,23.0,0
Server error when saving,"Hi, Saving a project fails with the message 'unexpected error, please try again'. I'm on Windows 11 with app version 5.0.2. Also, I was charged an extra fee on my last invoice. Thanks.",medium,Technical,38.7,0
Delete my account,"Hello, I would like to deactivate my profile and close the account. I'm a bit disappointed, to be honest.",high,Account,8.4,0
Upgrade billing question,"Is there a discount coupon for annual billing? I want to switch from monthly payment. I restarted and reinstalled everything, nothing works. This is the third time I've contacted you about this. Also, my last package arrived late and the tracking never updated. This is quite frustrating. Thank you.",medium,Billing,24.4,1
Business hours inquiry,"Hello, What are your support hours on weekends? I have followed the steps in your help article multiple times and it still happens. I already tried logging out and back in, and I cleared the cache. Thank you.",low,General,8.6,0
Crash when uploading files,The app crashes every time I try to upload a file larger than 10MB. I love your product and it's been great so far. Looking forward to your reply.,urgent,Technical,13.2,0
Changes not saving,"Hello, Changes I make on my laptop don't sync to my phone anymore. Our SSL certificate and DNS configuration look correct. Unfortunately this is causing problems for me.",high,Technical,14.3,0
Order #30055 not delivered,"I ordered 3 days ago and still have no delivery. I'm a bit disappointed, to be honest. Thanks.",low,Shipping,32.3,1
Deactivate profile,"How do I permanently delete my account? Also, I was charged an extra fee on my last invoice. This is quite frustrating.",high,Account,8.3,1
No tracking information,"Good morning, Tracking has shown 'in transit' at the same warehouse for a week. This is annoying and is slowing down my work. Thanks.",high,Shipping,13.0,1
Lost my authenticator,I'm not receiving the two-factor verification code by SMS. It keeps happening again and again for weeks now. Unfortunately this is causing problems for me. Regards.,high,Account,7.4,0
Duplicate payment this month,"Good morning, My bank statement shows the same $8.99 transaction twice on yesterday. This is the third time I've contacted you about this. It keeps happening again and again for weeks now. This is completely unacceptable! Looking forward to your reply.",low,Billing,28.4,1
Application keeps crashing,"Hi, The app crashes every time I try to upload a file larger than 10MB. I'm on Windows 11 with app version 3.9.8. It keeps happening again and again for weeks now. I have followed the steps in your help article multiple times and it still happens. Unfortunately this is causing problems for me. Regards.",high,Technical,28.1,1
Received someone else's order,"Hello team, The package contained someone else's order. The server logs show a timeout on the API endpoint. I love your product and it's been great so far. Thank you.",medium,Shipping,23.1,0
Package was damaged,"Hello, My order arrived with a cracked screen, the box was crushed by the courier. I checked the network tab and the request returns a 502 error. Thanks so much, I appreciate the quick help. Please help.",high,Shipping,17.2,1
Pages take forever to load,"Good morning, The search feature is not working, it just keeps loading. The browser console shows an exception with code 502. The server logs show a timeout on the API endpoint. Additionally, I had a question about your support hours. Thanks.",high,Technical,34.2,0
Sync is broken,"Hi, Changes I make on my laptop don't sync to my phone anymore. The browser console shows an exception with code 403. Thanks.",low,Technical,56.8,0
Pages take forever to load,"Hello, Exporting my data to CSV produces an empty file. I restarted and reinstalled everything, nothing works. This is the third time I've contacted you about this. Thanks.",medium,Technical,28.2,0
Application keeps crashing,"Hi there, The mobile app freezes and then crashes when I open the reports section. The browser console shows an exception with code E1042. Thanks.",low,Technical,44.7,0
Invoice amount is wrong,"Hi, The invoice for yesterday shows $49.00 but my plan should cost less. Unfortunately this is causing problems for me. Looking forward to your reply.",urgent,Billing,7.6,1
Does the product support single sign-on?,"Good morning, I'm wondering whether your product supports offline mode. This is quite frustrating. Thanks.",medium,General,4.9,0
API requests timing out,"Hi there, Our API calls to the orders endpoint keep timing out after 30 seconds. I checked the network tab and the request returns a 502 error. This is the third time I've contacted you about this. I restarted and reinstalled everything, nothing works. Also, I was charged an extra fee on my last invoice. This is quite frustrating. Looking forward to your reply.",medium,Technical,33.4,0
Error 500 on dashboard,"Hi, I get a 500 internal server error whenever I open the dashboard. The browser console shows an exception with code 502. It keeps happening again and again for weeks now. I have followed the steps in your help article multiple times and it still happens. Thanks.",low,Technical,48.5,0
Item arrived broken,"Hi there, The parcel arrived damaged and the item inside is broken. I have followed the steps in your help article multiple times and it still happens. I'm a bit disappointed, to be honest. Regards.",high,Shipping,23.1,1
Payment declined,My payment keeps getting declined even though the card works everywhere else. Looking forward to your reply.,low,Billing,13.1,0
Application keeps crashing,"Hi, The app crashes every time I try to upload a file larger than 10MB. The browser console shows an exception with code 403. Regards.",low,Technical,37.4,0
Item arrived broken,"Good morning, The parcel arrived damaged and the item inside is broken. I have followed the steps in your help article multiple times and it still happens. On top of that, I can't log in to my account on the mobile app. Regards.",high,Shipping,25.7,0
Change email address,"Good morning, How can I change the email address on my account profile?",high,Account,4.8,1
Application keeps crashing,"Hello team, The mobile app freezes and then crashes when I open the reports section. The server logs show a timeout on the API endpoint. Our SSL certificate and DNS configuration look correct. I already tried logging out and back in, and I cleared the cache. I restarted and reinstalled everything, nothing works. This is completely unacceptable! Thanks.",urgent,Technical,42.9,1
Incorrect item in package,"The package contained someone else's order. I restarted and reinstalled everything, nothing works. I'm a bit disappointed, to be honest. Regards.",urgent,Shipping,10.1,0
Requesting a refund for order #55321,"Hello team, I cancelled within the trial period but was still charged $49.00. I would like a refund. I already tried logging out and back in, and I cleared the cache. It keeps happening again and again for weeks now. Also, my last package arrived late and the tracking never updated. Looking forward to your reply.",low,Billing,43.9,0
Incorrect invoice,The invoice for last Monday shows $49.00 but my plan should cost less. This is annoying and is slowing down my work. Regards.,medium,Billing,11.3,0
Requesting a refund for order #55321,"Hello team, I cancelled within the trial period but was still charged $12.50. I would like a refund. On top of that, I can't log in to my account on the mobile app.",high,Billing,8.2,0
How do I use custom reports?,"Could you give me some information about what's included in each plan? I already tried logging out and back in, and I cleared the cache. On top of that, I can't log in to my account on the mobile app. I'm a bit disappointed, to be honest. Thank you.",medium,General,10.4,1
Two-factor code not received,"Hello team, I'm not receiving the two-factor verification code by SMS. Additionally, the app shows an error when I try to export data. Thanks.",high,Account,6.2,0
Invoice amount is wrong,"Hi there, The invoice for yesterday shows $99.00 but my plan should cost less. It keeps happening again and again for weeks now. On top of that, I can't log in to my account on the mobile app. Thank you.",medium,Billing,19.4,0
Feedback on the new design,"Hello, A suggestion: it would be nice to have a dark mode.",low,General,7.7,0
Received someone else's order,"Hi, The item delivered doesn't match what I ordered in order #61209. Please help.",medium,Shipping,17.5,0
Error 500 on dashboard,"Good morning, Saving a project fails with the message 'unexpected error, please try again'. On top of that, I can't log in to my account on the mobile app. Regards.",low,Technical,106.2,0
Update my username,How can I change the email address on my account profile? Our SSL certificate and DNS configuration look correct. Overall I'm very happy with the service. Looking forward to your reply.,high,Account,6.6,0
Does the product support bulk export?,"Hello, I'm wondering whether your product supports offline mode. It keeps happening again and again for weeks now. Regards.",low,General,7.4,0
Change email address,"Hi, I want to add a new team member to my account with admin permissions. Thank you.",medium,Account,4.3,0
Incorrect item in package,"Good morning, The item delivered doesn't match what I ordered in order #77310. I already tried logging out and back in, and I cleared the cache. Your team has always been really helpful, thanks in advance! Thanks.",high,Shipping,16.4,1
Account suspended,"Hi, My account got locked after a few failed login attempts. I have followed the steps in your help article multiple times and it still happens. Thanks so much, I appreciate the quick help. Please help.",medium,Account,9.3,0
Tracking number not updating,"Hello team, Tracking has shown 'in transit' at the same warehouse for a week. Thank you.",low,Shipping,23.4,0
Invoice does not match my plan,"Hello, My latest invoice includes fees I don't recognise. Can you explain the charges? I'm on Chrome 126 with app version 4.2.1. Looking forward to your reply.",low,Billing,30.5,0
Website very slow,"Hello team, The search feature is not working, it just keeps loading. I'm a bit disappointed, to be honest. Regards.",medium,Technical,29.6,0
Export to CSV not working,Exporting my data to CSV produces an empty file. I'm on an iPhone 14 on iOS 17 with app version 4.2.1.,low,Technical,54.7,0
Refund request,"Hello team, I cancelled within the trial period but was still charged $49.00. I would like a refund. I restarted and reinstalled everything, nothing works. This is the third time I've contacted you about this. Additionally, I had a question about your support hours. This is annoying and is slowing down my work. Looking forward to your reply.",medium,Billing,17.9,1
Update my username,"Good morning, I need to update my username and profile details. I love your product and it's been great so far. Thanks.",medium,Account,4.8,0
Delete my account,"Hi there, Please delete my account and all associated data. This is the third time I've contacted you about this. It keeps happening again and again for weeks now. I'm a bit disappointed, to be honest. Thanks.",urgent,Account,7.6,0
Requesting a refund for order #61209,"Hi there, I cancelled within the trial period but was still charged $249.00. I would like a refund. Looking forward to your reply.",medium,Billing,9.8,0
Incorrect invoice,"Hello, The invoice for March 3rd shows $8.99 but my plan should cost less. This is annoying and is slowing down my work. Please help.",high,Billing,12.6,0
Export to CSV not working,"Hello team, The search feature is not working, it just keeps loading. The browser console shows an exception with code 502. I'm on macOS Sonoma with app version 5.0.2. This is quite frustrating. Please help.",medium,Technical,42.2,0
Getting error messages,The page shows error code 502 and nothing loads. I checked the network tab and the request returns a 502 error. Our SSL certificate and DNS configuration look correct. Looking forward to your reply.,medium,Technical,44.2,0
Incorrect item in package,"Hi, I received the wrong item, I ordered a blue one and got a red one. I restarted and reinstalled everything, nothing works. I'm a bit disappointed, to be honest. Regards.",urgent,Shipping,15.1,1
Forgot password,I forgot my password and the reset form says my email is not recognised. It keeps happening again and again for weeks now. Unfortunately this is causing problems for me. Thanks.,medium,Account,10.7,0
Cancel subscription billing,"If I upgrade to the Premium plan mid-cycle, how will the billing be prorated? Also, my last package arrived late and the tracking never updated. This is annoying and is slowing down my work. Regards.",medium,Billing,22.4,0
Student discount?,"Good morning, What are your support hours on weekends? Thank you.",low,General,7.5,0
Double charge on my card,"Hello team, I was billed twice for my Enterprise plan this month, two charges of $99.00 on my credit card. Thanks.",medium,Billing,13.7,0
Student discount?,What are your support hours on weekends? Thank you.,low,General,8.9,0
Forgot password,The password reset email never arrives in my inbox. Unfortunately this is causing problems for me.,low,Account,10.9,0
Upgrade billing question,"I want to cancel my subscription at the end of the billing period, will I be charged again?",low,Billing,11.5,0
Lost my authenticator,"Hello, I got a new phone and lost my authenticator app, now I can't pass 2FA. Thank you.",medium,Account,5.4,0
Change shipping address,"Hi there, Can you send me a return label so I can send the item back? Please help.",low,Shipping,28.9,0
Upgrade billing question,Is there a discount coupon for annual billing? I want to switch from monthly payment. Overall I'm very happy with the service. Regards.,low,Billing,13.9,0
Application keeps crashing,Since the latest update the application crashes right after the splash screen. I checked the network tab and the request returns a 502 error. Thanks.,low,Technical,36.4,0
Deactivate profile,"How do I permanently delete my account? I'm a bit disappointed, to be honest.",medium,Account,8.3,0
Invoice amount is wrong,My latest invoice includes fees I don't recognise. Can you explain the charges? Thank you.,medium,Billing,8.3,0
Feature request,"Hi, A suggestion: it would be nice to have a dark mode. Our SSL certificate and DNS configuration look correct. I'm a bit disappointed, to be honest. Please help.",medium,General,7.0,0
Getting error messages,"Hi there, Saving a project fails with the message 'unexpected error, please try again'. I checked the network tab and the request returns a 502 error. Our SSL certificate and DNS configuration look correct. I'm a bit disappointed, to be honest.",medium,Technical,22.8,0
Crash when uploading files,"Good morning, The mobile app freezes and then crashes when I open the reports section. Also, my last package arrived late and the tracking never updated. Looking forward to your reply.",low,Technical,59.9,0
Suggestion for improvement,It would be great if you added bulk export in a future release. Please help.,low,General,5.1,0
Changes not saving,Changes I make on my laptop don't sync to my phone anymore. The server logs show a timeout on the API endpoint. Unfortunately this is causing problems for me.,medium,Technical,28.6,1
Received damaged item,The parcel arrived damaged and the item inside is broken.,high,Shipping,13.6,0
Received damaged item,"Hi, Half of the items in the package were damaged during delivery. This is the third time I've contacted you about this. This is quite frustrating.",medium,Shipping,21.7,0
Package was damaged,"Hi there, Half of the items in the package were damaged during delivery. It keeps happening again and again for weeks now. This is annoying and is slowing down my work. Please help.",high,Shipping,21.5,0
Student discount?,"Hi there, What are your support hours on weekends? Overall I'm very happy with the service. Thank you.",medium,General,3.8,0
Order #61209 not delivered,"Hello team, The package was marked as shipped but never arrived. Regards.",medium,Shipping,23.3,0
Cannot reset my password,"Hi, I forgot my password and the reset form says my email is not recognised. Unfortunately this is causing problems for me. Thank you.",high,Account,5.8,0
Sync is broken,"Hello team, The sync has been stuck on 'pending' for hours and my data is out of date. The server logs show a timeout on the API endpoint. I checked the network tab and the request returns a 502 error. Regards.",medium,Technical,41.2,0
Sync is broken,"Hello, The sync has been stuck on 'pending' for hours and my data is out of date. The server logs show a timeout on the API endpoint. I restarted and reinstalled everything, nothing works. This is completely unacceptable! I want to speak to a manager immediately. Thank you.",high,Technical,47.0,1
Duplicate payment this month,You took the subscription payment two times. Please refund the duplicate charge. Looking forward to your reply.,medium,Billing,7.7,0
Package has not arrived,"Hi, I ordered 7 days ago and still have no delivery. Please help.",high,Shipping,10.8,0
Tracking stuck,"Good morning, The tracking number for order #30055 hasn't updated in 3 days. This is annoying and is slowing down my work. Thanks.",medium,Shipping,12.8,1
Incorrect item in package,"Good morning, The item delivered doesn't match what I ordered in order #10482. Looking forward to your reply.",urgent,Shipping,8.1,0
Invoice does not match my plan,"The receipt lists the Business plan but I'm on a cheaper plan. Additionally, the app shows an error when I try to export data. Thanks.",low,Billing,31.3,0
Error 500 on dashboard,I get a 500 internal server error whenever I open the dashboard. The server logs show a timeout on the API endpoint. I have followed the steps in your help article multiple times and it still happens. I reached out last week and got no response. This is completely unacceptable! I will be leaving a review on social media about this. Thanks.,low,Technical,106.5,0
Sync is broken,"Hi, The sync has been stuck on 'pending' for hours and my data is out of date. The server logs show a timeout on the API endpoint. I have followed the steps in your help article multiple times and it still happens. This is the third time I've contacted you about this. I'm a bit disappointed, to be honest. Thanks.",medium,Technical,37.2,0
Incorrect item in package,The item delivered doesn't match what I ordered in order #77310. I'm furious. Your product is useless right now. I'm considering legal action. Looking forward to your reply.,high,Shipping,18.0,0
Question about features,How do I get started with offline mode? I couldn't find it in the help center. The server logs show a timeout on the API endpoint.,low,General,7.9,0
Update delivery address,"Can you send me a return label so I can send the item back? Thanks so much, I appreciate the quick help. Looking forward to your reply.",low,Shipping,15.7,0
Does the product support custom reports?,"Hello team, Could you give me some information about what's included in each plan? I have followed the steps in your help article multiple times and it still happens. Thank you.",low,General,7.6,0
Sync is broken,"Hello, Changes I make on my laptop don't sync to my phone anymore. The browser console shows an exception with code 502. I reached out last week and got no response. I restarted and reinstalled everything, nothing works. I'm furious. Your product is useless right now. I'm considering legal action. Thank you.",high,Technical,41.7,0
Received damaged item,"Hello team, My order arrived with a cracked screen, the box was crushed by the courier. Also, I was charged an extra fee on my last invoice. This is quite frustrating. Thanks.",medium,Shipping,37.0,0
Sync is broken,"Hello, The sync has been stuck on 'pending' for hours and my data is out of date. I'm on a Pixel 8 on Android 14 with app version 5.0.2. The server logs show a timeout on the API endpoint. Please help.",urgent,Technical,19.7,1
Question about features,"Hi, How do I get started with bulk export? I couldn't find it in the help center. This is annoying and is slowing down my work. Looking forward to your reply.",low,General,11.1,0
Item arrived broken,"Hello team, The parcel arrived damaged and the item inside is broken. I'm furious. Your product is useless right now. I want to speak to a manager immediately. Thanks.",medium,Shipping,13.8,0
Requesting a refund for order #55321,"Hi there, I requested a refund two weeks ago for $49.00 and have not received it. It keeps happening again and again for weeks now. I already tried logging out and back in, and I cleared the cache. Additionally, I had a question about your support hours. Regards.",medium,Billing,19.1,0
Does the product support calendar sync?,I'm wondering whether your product supports bulk export. Thanks.,medium,General,5.7,0
Package has not arrived,The package was marked as shipped but never arrived. Please help.,medium,Shipping,15.8,0
Error 500 on dashboard,"Saving a project fails with the message 'unexpected error, please try again'. Also, my last package arrived late and the tracking never updated. Please help.",low,Technical,69.4,0
Question about features,How do I get started with single sign-on? I couldn't find it in the help center. This is quite frustrating. Regards.,medium,General,6.0,0
Unknown debit on my statement,"Hello, I see a payment to you I don't recognise. I did not approve this transaction. I'm on an iPhone 14 on iOS 17 with app version 4.3.0. Thank you.",high,Billing,9.4,1
App crashes on startup,The app crashes every time I try to upload a file larger than 10MB. This is the third time I've contacted you about this. I'm furious. Your product is useless right now. I want to speak to a manager immediately. Thanks.,urgent,Technical,21.9,1
Account locked,"Good morning, My account was suspended without any notice and I can't log in. Also, I was charged an extra fee on my last invoice. Looking forward to your reply.",high,Account,6.0,0
Invoice amount is wrong,My latest invoice includes fees I don't recognise. Can you explain the charges? This is the third time I've contacted you about this. This is the worst service I've ever experienced!! Please escalate this to a supervisor. Looking forward to your reply.,urgent,Billing,7.3,0
Upgrade billing question,Is there a discount coupon for annual billing? I want to switch from monthly payment. Looking forward to your reply.,high,Billing,12.0,0
Crash when uploading files,"Hello, The mobile app freezes and then crashes when I open the reports section. The browser console shows an exception with code ERR_CONN_RESET. Our SSL certificate and DNS configuration look correct. Also, I was charged an extra fee on my last invoice. Regards.",low,Technical,81.2,1
Website very slow,"Hello team, The website has been extremely slow, pages take over a minute to load. The browser console shows an exception with code E1042. This is quite frustrating. Regards.",medium,Technical,24.6,0
Getting error messages,"Good morning, The page shows error code 0x80070005 and nothing loads. I checked the network tab and the request returns a 502 error. Please help.",urgent,Technical,23.2,0
Integration not working,"The Slack integration stopped posting notifications yesterday. Our SSL certificate and DNS configuration look correct. I have followed the steps in your help article multiple times and it still happens. I restarted and reinstalled everything, nothing works. This is completely unacceptable! Regards.",high,Technical,65.2,1
Forgot password,"Hi there, I forgot my password and the reset form says my email is not recognised. Also, I was charged an extra fee on my last invoice. Please help.",low,Account,23.4,0
Charged twice for my subscription,"Hello team, You took the subscription payment two times. Please refund the duplicate charge. I love your product and it's been great so far. Looking forward to your reply.",low,Billing,15.5,0
Sync is broken,"Hi there, The sync has been stuck on 'pending' for hours and my data is out of date. I'm on an iPhone 14 on iOS 17 with app version 4.3.0. I checked the network tab and the request returns a 502 error. On top of that, I can't log in to my account on the mobile app. Thank you.",low,Technical,91.2,0
Need a return label,"Good morning, I need to change the shipping address for order #98012 before it's dispatched. Looking forward to your reply.",medium,Shipping,11.8,0
Money taken without permission,"Hi, Money was taken from my bank account without my permission, $49.00 on the 15th. Please help.",high,Billing,7.7,0
Charged twice for my subscription,"Hi, You took the subscription payment two times. Please refund the duplicate charge. I have followed the steps in your help article multiple times and it still happens. I reached out last week and got no response.",high,Billing,5.7,0
Changes not saving,"Edits made by my team are not showing up, looks like sync failed. I love your product and it's been great so far.",high,Technical,34.1,0
Account locked,"Hi, I'm locked out and can't sign in to access my projects. I restarted and reinstalled everything, nothing works. This is the third time I've contacted you about this. Thank you.",high,Account,6.8,1
2FA problem,"Good morning, The verification code is always rejected as invalid. I already tried logging out and back in, and I cleared the cache. I have followed the steps in your help article multiple times and it still happens. Unfortunately this is causing problems for me. Thank you.",medium,Account,6.8,0
Password reset link not working,"Hello, When I click the reset link it says the token is invalid or expired. I have followed the steps in your help article multiple times and it still happens. This is quite frustrating. Thanks.",low,Account,12.0,0
Change email address,"Hello team, How can I change the email address on my account profile? Looking forward to your reply.",medium,Account,5.8,0
Unknown debit on my statement,"Hello, Money was taken from my bank account without my permission, $249.00 on March 3rd. Thank you.",medium,Billing,10.6,0
Unauthorized charge,"Money was taken from my bank account without my permission, $12.50 on last Monday. I restarted and reinstalled everything, nothing works. I have followed the steps in your help article multiple times and it still happens.",low,Billing,22.3,0
Cannot update payment method,"Hi, The subscription renewal failed and now I can't pay the outstanding balance. Unfortunately this is causing problems for me. Thanks.",high,Billing,7.5,1
Crash when uploading files,"Hi there, The mobile app freezes and then crashes when I open the reports section. The server logs show a timeout on the API endpoint. On top of that, I can't log in to my account on the mobile app. Looking forward to your reply.",low,Technical,60.5,0
Charged twice for my subscription,"Good morning, I was billed twice for my Pro plan this month, two charges of $99.00 on my credit card. I love your product and it's been great so far.",high,Billing,6.3,0
Deactivate profile,"Hello, I would like to deactivate my profile and close the account. I love your product and it's been great so far. Thank you.",low,Account,9.1,0
Item arrived broken,"Hello team, My order arrived with a cracked screen, the box was crushed by the courier. I love your product and it's been great so far. Please help.",medium,Shipping,13.8,0
Received someone else's order,"Good morning, I received the wrong item, I ordered a blue one and got a red one. Also, I was charged an extra fee on my last invoice. Thanks so much, I appreciate the quick help. Thank you.",medium,Shipping,34.3,0
Cannot reset my password,"Good morning, When I click the reset link it says the token is invalid or expired. Regards.",low,Account,12.9,0
Want my money back,"Good morning, Please process a refund for order #55321, I never used the service after paying. Your team has always been really helpful, thanks in advance! Please help.",medium,Billing,10.5,0
Webhook failures,The Slack integration stopped posting notifications yesterday. Looking forward to your reply.,high,Technical,13.5,0
Getting error messages,"Saving a project fails with the message 'unexpected error, please try again'. I'm on Windows 11 with app version 4.2.1. I reached out last week and got no response. This is completely unacceptable! I will cancel my subscription and switch to a competitor.",low,Technical,92.1,1
Lost my authenticator,"Hi, I'm not receiving the two-factor verification code by SMS. Also, my last package arrived late and the tracking never updated. I'm a bit disappointed, to be honest.",medium,Account,8.2,0
How do I use single sign-on?,"How do I get started with calendar sync? I couldn't find it in the help center. I already tried logging out and back in, and I cleared the cache. I have followed the steps in your help article multiple times and it still happens. I'm a bit disappointed, to be honest. Thank you.",low,General,9.4,0
Export to CSV not working,"Hi, The search feature is not working, it just keeps loading. The server logs show a timeout on the API endpoint.",medium,Technical,36.4,0
Webhook failures,Webhooks are failing with a timeout and our integration is broken. This is annoying and is slowing down my work. Thanks.,urgent,Technical,10.0,0
Money taken without permission,I see a payment to you I don't recognise. I did not approve this transaction. Thank you.,urgent,Billing,4.8,0
Feature request,It would be great if you added single sign-on in a future release.,low,General,8.6,0
Error 500 on dashboard,"Hi there, I get a 500 internal server error whenever I open the dashboard. Your team has always been really helpful, thanks in advance! Looking forward to your reply.",low,Technical,38.3,0
Unauthorized charge,There is a $8.99 debit from your company on my account that I never authorized. I love your product and it's been great so far. Looking forward to your reply.,medium,Billing,12.7,0
Card keeps getting declined,"Hello, The subscription renewal failed and now I can't pay the outstanding balance. On top of that, I can't log in to my account on the mobile app. Looking forward to your reply.",urgent,Billing,10.7,0
Data not syncing between devices,"Hi, Edits made by my team are not showing up, looks like sync failed. The server logs show a timeout on the API endpoint. I already tried logging out and back in, and I cleared the cache. This is the third time I've contacted you about this. Regards.",medium,Technical,35.6,0
Invoice amount is wrong,"Hi, The receipt lists the Premium plan but I'm on a cheaper plan. Overall I'm very happy with the service. Thank you.",medium,Billing,10.5,0
Two-factor code not received,"Good morning, I'm not receiving the two-factor verification code by SMS. I reached out last week and got no response. This is the third time I've contacted you about this. I'm a bit disappointed, to be honest. Thanks.",high,Account,9.6,0
Lost my authenticator,"I got a new phone and lost my authenticator app, now I can't pass 2FA. Please help.",low,Account,12.8,0
Application keeps crashing,"Hi there, The mobile app freezes and then crashes when I open the reports section. This is the third time I've contacted you about this. I am extremely frustrated and angry about this. If this isn't fixed I will dispute the charge with my bank. Please help.",medium,Technical,46.5,1
Getting error messages,"The page shows error code ERR_CONN_RESET and nothing loads. I checked the network tab and the request returns a 502 error. The browser console shows an exception with code 403. I already tried logging out and back in, and I cleared the cache. It keeps happening again and again for weeks now. Unfortunately this is causing problems for me. Regards.",low,Technical,150.9,1
Webhook failures,"Hi there, The Slack integration stopped posting notifications yesterday. Our SSL certificate and DNS configuration look correct. Unfortunately this is causing problems for me. Thank you.",urgent,Technical,27.6,0
Forgot password,"Good morning, When I click the reset link it says the token is invalid or expired. It keeps happening again and again for weeks now. This is the third time I've contacted you about this. This is annoying and is slowing down my work. Regards.",high,Account,5.7,1
App crashes on startup,"Hello team, The mobile app freezes and then crashes when I open the reports section. The browser console shows an exception with code ERR_CONN_RESET. I checked the network tab and the request returns a 502 error. Overall I'm very happy with the service. Regards.",low,Technical,70.1,0
Received damaged item,"Hello, Half of the items in the package were damaged during delivery. This is the third time I've contacted you about this. I restarted and reinstalled everything, nothing works. This is quite frustrating.",high,Shipping,19.3,0
Tracking number not updating,Tracking has shown 'in transit' at the same warehouse for a week. This is completely unacceptable! I will cancel my subscription and switch to a competitor.,medium,Shipping,28.1,1
Payment declined,"Hi there, My payment keeps getting declined even though the card works everywhere else. Overall I'm very happy with the service. Regards.",low,Billing,21.5,0
Lost my authenticator,I'm not receiving the two-factor verification code by SMS. Regards.,low,Account,6.8,0
Pages take forever to load,"Hi, The search feature is not working, it just keeps loading. The browser console shows an exception with code E1042. Regards.",medium,Technical,29.2,0
Received someone else's order,"Hello team, The item delivered doesn't match what I ordered in order #10482. Additionally, I had a question about your support hours. Your team has always been really helpful, thanks in advance! Looking forward to your reply.",high,Shipping,14.1,0
Want my money back,"Hi, I cancelled within the trial period but was still charged $249.00. I would like a refund. Additionally, I had a question about your support hours. Thank you.",urgent,Billing,8.5,0
Unauthorized charge,"Hello, There is a $99.00 debit from your company on my account that I never authorized. Also, my last package arrived late and the tracking never updated.",medium,Billing,13.7,0
2FA problem,I'm not receiving the two-factor verification code by SMS.,medium,Account,5.8,0
Pages take forever to load,"Hi there, The website has been extremely slow, pages take over a minute to load. Please help.",high,Technical,13.0,0
Tracking stuck,The carrier website says the tracking number doesn't exist. I'm furious. Your product is useless right now.,medium,Shipping,27.4,0
Data not syncing between devices,"Hello team, Changes I make on my laptop don't sync to my phone anymore. The browser console shows an exception with code 0x80070005. Our SSL certificate and DNS configuration look correct. This is completely unacceptable!",high,Technical,24.3,1
Unknown debit on my statement,"Hello team, There is a $12.50 debit from your company on my account that I never authorized. I restarted and reinstalled everything, nothing works. This is quite frustrating. Looking forward to your reply.",medium,Billing,9.2,0
Package has not arrived,"Hi there, My order #55321 was supposed to arrive 3 days ago and it's still not here. The browser console shows an exception with code ERR_CONN_RESET. This is the third time I've contacted you about this. I already tried logging out and back in, and I cleared the cache. Additionally, the app shows an error when I try to export data. This is quite frustrating. Thank you.",medium,Shipping,52.5,0
Partnership inquiry,"What are your support hours on weekends? This is the third time I've contacted you about this. Thanks so much, I appreciate the quick help. Looking forward to your reply.",medium,General,8.0,1
Application keeps crashing,"Hi, Since the latest update the application crashes right after the splash screen. I'm on Windows 11 with app version 4.2.1. This is quite frustrating.",high,Technical,27.9,0
Partnership inquiry,"We're interested in a partnership with your company, who should we contact? I already tried logging out and back in, and I cleared the cache. This is quite frustrating. Please help.",low,General,6.6,0
Pages take forever to load,"Hi there, Exporting my data to CSV produces an empty file. The browser console shows an exception with code 502. The server logs show a timeout on the API endpoint. Additionally, I had a question about your support hours. This is quite frustrating.",medium,Technical,61.8,0
Data not syncing between devices,The sync has been stuck on 'pending' for hours and my data is out of date. The browser console shows an exception with code 502. I have followed the steps in your help article multiple times and it still happens. I love your product and it's been great so far. Thanks.,medium,Technical,53.7,1
Feature request,"I wanted to share some feedback on the new design, it looks cleaner. Our SSL certificate and DNS configuration look correct. This is quite frustrating. Regards.",medium,General,6.2,0
Feedback on the new design,"I wanted to share some feedback on the new design, it looks cleaner. Thanks.",medium,General,5.5,0
Change email address,"Hi, I need to update my username and profile details. I checked the network tab and the request returns a 502 error. This is the third time I've contacted you about this. This is the worst service I've ever experienced!! If this isn't fixed I will dispute the charge with my bank. Regards.",high,Account,8.9,0
How do I use custom reports?,"Hello, How do I get started with custom reports? I couldn't find it in the help center. The server logs show a timeout on the API endpoint. Thanks.",low,General,4.8,0
Question about features,"Hello team, I'm wondering whether your product supports single sign-on. I checked the network tab and the request returns a 502 error. Please help.",low,General,11.8,0
Does the product support offline mode?,I'm wondering whether your product supports calendar sync. Overall I'm very happy with the service.,low,General,4.4,0
Locked out of my account,"Hello, My account was suspended without any notice and I can't log in. Additionally, I had a question about your support hours. This is quite frustrating.",low,Account,20.7,0
Question about features,"Could you give me some information about what's included in each plan? I restarted and reinstalled everything, nothing works. Regards.",medium,General,7.0,0
Item arrived broken,"Hello, Half of the items in the package were damaged during delivery. I'm on a Pixel 8 on Android 14 with app version 3.9.8. I restarted and reinstalled everything, nothing works. I reached out last week and got no response. This is annoying and is slowing down my work. Thanks.",medium,Shipping,43.8,1
Data not syncing between devices,"Good morning, Changes I make on my laptop don't sync to my phone anymore. I'm on Chrome 126 with app version 4.2.1. The browser console shows an exception with code E1042. Also, my last package arrived late and the tracking never updated.",medium,Technical,46.2,0
How do I use offline mode?,How do I get started with custom reports? I couldn't find it in the help center. Thank you.,high,General,4.5,0
Change email address,How can I change the email address on my account profile? Thank you.,urgent,Account,3.2,0
Deactivate profile,I would like to deactivate my profile and close the account. This is annoying and is slowing down my work. Looking forward to your reply.,high,Account,2.2,1
Error 500 on dashboard,The page shows error code 502 and nothing loads. Thank you.,low,Technical,52.6,0
API requests timing out,"Hello team, Webhooks are failing with a timeout and our integration is broken. Thanks so much, I appreciate the quick help. Thank you.",medium,Technical,21.3,0
Webhook failures,"Hello, The Slack integration stopped posting notifications yesterday. I restarted and reinstalled everything, nothing works. This is the third time I've contacted you about this. This is annoying and is slowing down my work. Looking forward to your reply.",medium,Technical,37.2,1
Pages take forever to load,"Hello, Exporting my data to CSV produces an empty file. I checked the network tab and the request returns a 502 error. Thanks.",medium,Technical,26.7,0
Two-factor code not received,"Good morning, I got a new phone and lost my authenticator app, now I can't pass 2FA. I'm furious. Your product is useless right now. Regards.",medium,Account,6.1,0
Student discount?,"Hi, We're interested in a partnership with your company, who should we contact? I checked the network tab and the request returns a 502 error. I restarted and reinstalled everything, nothing works. I have followed the steps in your help article multiple times and it still happens. Thank you.",medium,General,5.9,0
API requests timing out,"Hi, The Slack integration stopped posting notifications yesterday. Unfortunately this is causing problems for me. Thank you.",medium,Technical,25.3,0
Application keeps crashing,"Hi, The app crashes every time I try to upload a file larger than 10MB. I'm on Windows 11 with app version 5.0.2. I already tried logging out and back in, and I cleared the cache. Honestly this is ridiculous and a total waste of my time. I want to speak to a manager immediately. Please help.",high,Technical,53.0,1
No tracking information,"Hi there, The tracking number for order #30055 hasn't updated in 10 days. I am extremely frustrated and angry about this. Please escalate this to a supervisor. Regards.",high,Shipping,19.3,1
Webhook failures,"Good morning, Webhooks are failing with a timeout and our integration is broken. The server logs show a timeout on the API endpoint. This is the third time I've contacted you about this. It keeps happening again and again for weeks now. This is quite frustrating. Please help.",high,Technical,28.5,1
Unauthorized charge,"Hello team, There is a $12.50 debit from your company on my account that I never authorized. Looking forward to your reply.",low,Billing,23.4,1
Getting error messages,"Good morning, I get a 500 internal server error whenever I open the dashboard. The browser console shows an exception with code 403. I'm on macOS Sonoma with app version 4.2.1. I'm a bit disappointed, to be honest. Thank you.",urgent,Technical,24.6,0
Business hours inquiry,"We're interested in a partnership with your company, who should we contact? I restarted and reinstalled everything, nothing works. I'm a bit disappointed, to be honest. Please help.",medium,General,6.6,0
Package has not arrived,The package was marked as shipped but never arrived. The browser console shows an exception with code 0x80070005. Thanks.,high,Shipping,17.9,0
Change shipping address,"Hello, I need to change the shipping address for order #55321 before it's dispatched. I have followed the steps in your help article multiple times and it still happens. This is quite frustrating. Regards.",medium,Shipping,25.0,0
Error 500 on dashboard,"Hi, The page shows error code ERR_CONN_RESET and nothing loads. The browser console shows an exception with code 403. I'm on an iPhone 14 on iOS 17 with app version 3.9.8. Also, my last package arrived late and the tracking never updated. Thank you.",medium,Technical,52.8,0
Close my account,"Please delete my account and all associated data. I already tried logging out and back in, and I cleared the cache. I restarted and reinstalled everything, nothing works. This is quite frustrating. Thanks.",medium,Account,14.8,1
API requests timing out,"Hello team, Our API calls to the orders endpoint keep timing out after 30 seconds. Our SSL certificate and DNS configuration look correct. I checked the network tab and the request returns a 502 error. Also, I was charged an extra fee on my last invoice.",medium,Technical,57.2,0
Cannot update payment method,"Hello team, My payment keeps getting declined even though the card works everywhere else. Also, my last package arrived late and the tracking never updated. Your team has always been really helpful, thanks in advance! Regards.",low,Billing,31.4,0
Data not syncing between devices,"Hi there, Edits made by my team are not showing up, looks like sync failed. I'm on an iPhone 14 on iOS 17 with app version 5.0.2. Also, my last package arrived late and the tracking never updated. Overall I'm very happy with the service. Please help.",low,Technical,50.6,0
Account locked,"Hi, My account got locked after a few failed login attempts. Honestly this is ridiculous and a total waste of my time. I will be leaving a review on social media about this. Looking forward to your reply.",medium,Account,7.8,1
Feedback on the new design,"Hi, It would be great if you added single sign-on in a future release. Our SSL certificate and DNS configuration look correct. Please help.",low,General,5.6,0
Unauthorized charge,"Hello team, There is a $49.00 debit from your company on my account that I never authorized. I restarted and reinstalled everything, nothing works. This is the third time I've contacted you about this. This is completely unacceptable! Regards.",urgent,Billing,8.4,1
No tracking information,"Hello, Tracking has shown 'in transit' at the same warehouse for a week. On top of that, I can't log in to my account on the mobile app.",urgent,Shipping,23.3,0
Sync is broken,The sync has been stuck on 'pending' for hours and my data is out of date. Honestly this is ridiculous and a total waste of my time. Thanks.,high,Technical,29.7,0
Add a team member,"I need to update my username and profile details. Our SSL certificate and DNS configuration look correct. Your team has always been really helpful, thanks in advance! Thank you.",medium,Account,5.6,0
Student discount?,"We're interested in a partnership with your company, who should we contact? Additionally, the app shows an error when I try to export data. I'm a bit disappointed, to be honest. Please help.",low,General,6.9,0
How do I use custom reports?,"Hello team, How do I get started with bulk export? I couldn't find it in the help center. Thank you.",medium,General,4.2,0
Order #77310 not delivered,"Good morning, The package was marked as shipped but never arrived. I checked the network tab and the request returns a 502 error. Looking forward to your reply.",low,Shipping,39.2,0
2FA problem,"Good morning, The verification code is always rejected as invalid. Our SSL certificate and DNS configuration look correct. Additionally, the app shows an error when I try to export data. Thanks.",low,Account,15.6,0
Error 500 on dashboard,"Good morning, Saving a project fails with the message 'unexpected error, please try again'. I checked the network tab and the request returns a 502 error. Regards.",urgent,Technical,7.7,0
Application keeps crashing,"The mobile app freezes and then crashes when I open the reports section. The server logs show a timeout on the API endpoint. Thanks so much, I appreciate the quick help.",low,Technical,27.8,0
Unknown debit on my statement,"Hello team, Money was taken from my bank account without my permission, $19.99 on yesterday. It keeps happening again and again for weeks now. I have followed the steps in your help article multiple times and it still happens. This is quite frustrating.",high,Billing,8.4,1
Sync is broken,"Hi, The sync has been stuck on 'pending' for hours and my data is out of date. I checked the network tab and the request returns a 502 error. The browser console shows an exception with code ERR_CONN_RESET. This is quite frustrating. Regards.",medium,Technical,30.8,1
Received damaged item,"Hi there, My order arrived with a cracked screen, the box was crushed by the courier. It keeps happening again and again for weeks now. Unfortunately this is causing problems for me. Thank you.",urgent,Shipping,14.0,1
Received someone else's order,"Hi there, I received the wrong item, I ordered a blue one and got a red one. I'm a bit disappointed, to be honest. Regards.",high,Shipping,15.3,1
Feedback on the new design,"Hello, It would be great if you added custom reports in a future release. The server logs show a timeout on the API endpoint. I have followed the steps in your help article multiple times and it still happens. I already tried logging out and back in, and I cleared the cache. This is annoying and is slowing down my work. Regards.",low,General,7.8,0
Integration not working,Webhooks are failing with a timeout and our integration is broken. Unfortunately this is causing problems for me.,high,Technical,15.5,0
Received someone else's order,"I received the wrong item, I ordered a blue one and got a red one. Thanks.",medium,Shipping,14.9,0
Server error when saving,"The page shows error code 403 and nothing loads. I'm on an iPhone 14 on iOS 17 with app version 5.0.2. Also, my last package arrived late and the tracking never updated. I am extremely frustrated and angry about this.",medium,Technical,48.2,1
Data not syncing between devices,"Hi there, The sync has been stuck on 'pending' for hours and my data is out of date. The server logs show a timeout on the API endpoint. Please help.",low,Technical,35.2,0
No tracking information,Tracking has shown 'in transit' at the same warehouse for a week. Please help.,low,Shipping,19.7,0
Student discount?,Do you offer a student discount or nonprofit pricing? Unfortunately this is causing problems for me. Looking forward to your reply.,medium,General,4.2,0
Error 500 on dashboard,"Hi, Saving a project fails with the message 'unexpected error, please try again'. I'm on a Pixel 8 on Android 14 with app version 4.2.1. I already tried logging out and back in, and I cleared the cache. This is the worst service I've ever experienced!! Please help.",low,Technical,67.6,1
Invoice does not match my plan,"Hello team, The receipt lists the Enterprise plan but I'm on a cheaper plan. Your team has always been really helpful, thanks in advance! Please help.",medium,Billing,10.9,0
Tracking number not updating,"Hi, Tracking has shown 'in transit' at the same warehouse for a week. It keeps happening again and again for weeks now. I already tried logging out and back in, and I cleared the cache. This is quite frustrating. Thank you.",medium,Shipping,35.8,0
Change shipping address,"Hello, Can you send me a return label so I can send the item back? Additionally, I had a question about your support hours.",high,Shipping,18.1,0
Data not syncing between devices,"Changes I make on my laptop don't sync to my phone anymore. I reached out last week and got no response. I'm a bit disappointed, to be honest. Looking forward to your reply.",high,Technical,32.2,0
Business hours inquiry,"Do you offer a student discount or nonprofit pricing? I restarted and reinstalled everything, nothing works. I reached out last week and got no response. I'm a bit disappointed, to be honest. Looking forward to your reply.",medium,General,8.7,1
Change email address,"Hello, I need to update my username and profile details. Honestly this is ridiculous and a total waste of my time. I will cancel my subscription and switch to a competitor. Thanks.",urgent,Account,4.6,0
Update delivery address,"Hi, I need to change the shipping address for order #77310 before it's dispatched.",low,Shipping,27.1,0
Incorrect invoice,"Good morning, The invoice for yesterday shows $249.00 but my plan should cost less. I already tried logging out and back in, and I cleared the cache. Overall I'm very happy with the service. Thanks.",low,Billing,14.6,0
Feature request,"Hello team, A suggestion: it would be nice to have a dark mode. Also, I was charged an extra fee on my last invoice. This is quite frustrating. Looking forward to your reply.",medium,General,9.5,0
Update my username,"Hello, I need to update my username and profile details. The browser console shows an exception with code E1042. Unfortunately this is causing problems for me.",urgent,Account,4.5,0
Locked out of my account,My account was suspended without any notice and I can't log in. I love your product and it's been great so far. Please help.,low,Account,14.0,0
Error 500 on dashboard,"Good morning, Saving a project fails with the message 'unexpected error, please try again'. I'm on macOS Sonoma with app version 4.3.0. I have followed the steps in your help article multiple times and it still happens. This is quite frustrating. Thank you.",high,Technical,59.1,0
Lost my authenticator,"Hi, I'm not receiving the two-factor verification code by SMS. I'm on Windows 11 with app version 3.9.8. I love your product and it's been great so far. Looking forward to your reply.",medium,Account,5.8,0
App crashes on startup,"Since the latest update the application crashes right after the splash screen. The browser console shows an exception with code 0x80070005. Also, I was charged an extra fee on my last invoice.",medium,Technical,48.4,1
App crashes on startup,"Hi, Since the latest update the application crashes right after the splash screen. The server logs show a timeout on the API endpoint. Our SSL certificate and DNS configuration look correct. Thanks so much, I appreciate the quick help. Regards.",low,Technical,32.6,0
Duplicate payment this month,"Good morning, My bank statement shows the same $19.99 transaction twice on last Monday. Your team has always been really helpful, thanks in advance!",high,Billing,7.9,1
Incorrect item in package,"Hello team, The item delivered doesn't match what I ordered in order #61209. I reached out last week and got no response. This is annoying and is slowing down my work. Regards.",low,Shipping,37.6,1
Partnership inquiry,"Hello, What are your support hours on weekends? Unfortunately this is causing problems for me. Looking forward to your reply.",low,General,7.3,0
Refund request,"Hello team, Please process a refund for order #61209, I never used the service after paying. This is the worst service I've ever experienced!! Regards.",low,Billing,23.8,1
Account suspended,"Hi, My account was suspended without any notice and I can't log in. This is the third time I've contacted you about this. This is the worst service I've ever experienced!! Thanks.",high,Account,7.6,0
Getting error messages,"Hello team, I get a 500 internal server error whenever I open the dashboard. This is quite frustrating.",urgent,Technical,11.2,0
Forgot password,"Hi, I forgot my password and the reset form says my email is not recognised. Thanks.",low,Account,12.0,0
Partnership inquiry,"Hello team, We're interested in a partnership with your company, who should we contact? I checked the network tab and the request returns a 502 error. Unfortunately this is causing problems for me.",medium,General,4.1,0
Server error when saving,"Saving a project fails with the message 'unexpected error, please try again'. The server logs show a timeout on the API endpoint. Our SSL certificate and DNS configuration look correct. I love your product and it's been great so far. Please help.",low,Technical,81.2,0
Locked out of my account,"Hello team, My account was suspended without any notice and I can't log in. I love your product and it's been great so far. Looking forward to your reply.",medium,Account,7.3,0
Suggestion for improvement,"Hello team, A suggestion: it would be nice to have a dark mode. On top of that, I can't log in to my account on the mobile app. Please help.",low,General,11.8,0
Order #98012 not delivered,"Hello team, My order #55321 was supposed to arrive 7 days ago and it's still not here.",high,Shipping,12.0,0
Incorrect invoice,"Good morning, The invoice for last Monday shows $12.50 but my plan should cost less. I have followed the steps in your help article multiple times and it still happens. This is the third time I've contacted you about this. Please help.",medium,Billing,18.6,0
Partnership inquiry,"Hi there, We're interested in a partnership with your company, who should we contact? I love your product and it's been great so far. Thanks.",medium,General,3.3,0
Charged twice for my subscription,"Hello, I was billed twice for my Pro plan this month, two charges of $8.99 on my credit card. Thank you.",medium,Billing,11.8,0
Feature request,"Hi, It would be great if you added custom reports in a future release. Thank you.",medium,General,5.7,0
Unauthorized charge,"Money was taken from my bank account without my permission, $19.99 on the 15th. Your team has always been really helpful, thanks in advance!",low,Billing,9.7,0
Getting error messages,"Hi, Saving a project fails with the message 'unexpected error, please try again'. It keeps happening again and again for weeks now. I'm a bit disappointed, to be honest. Thanks.",medium,Technical,35.1,0
Error 500 on dashboard,"Saving a project fails with the message 'unexpected error, please try again'. This is the third time I've contacted you about this. I reached out last week and got no response. This is quite frustrating. Thank you.",medium,Technical,27.5,0
Charged twice for my subscription,"Hi there, You took the subscription payment two times. Please refund the duplicate charge. Thank you.",low,Billing,15.1,0
Business hours inquiry,"Good morning, What are your support hours on weekends? I love your product and it's been great so far. Looking forward to your reply.",medium,General,4.2,0
Package was damaged,"Hi, My order arrived with a cracked screen, the box was crushed by the courier. Also, I was charged an extra fee on my last invoice. This is the worst service I've ever experienced!! Please help.",urgent,Shipping,13.4,0
Deactivate profile,I would like to deactivate my profile and close the account. Looking forward to your reply.,urgent,Account,3.4,0
Sync is broken,Changes I make on my laptop don't sync to my phone anymore. This is quite frustrating. Looking forward to your reply.,high,Technical,20.0,0
Server error when saving,"Hi, I get a 500 internal server error whenever I open the dashboard. Our SSL certificate and DNS configuration look correct. I checked the network tab and the request returns a 502 error. Thank you.",urgent,Technical,23.8,0
Integration not working,"Hello team, Our API calls to the orders endpoint keep timing out after 30 seconds. I restarted and reinstalled everything, nothing works. I'm a bit disappointed, to be honest. Thank you.",high,Technical,24.3,0
2FA problem,I'm not receiving the two-factor verification code by SMS.,medium,Account,6.8,0
Tracking stuck,The carrier website says the tracking number doesn't exist. This is annoying and is slowing down my work. Please help.,urgent,Shipping,6.8,0
Duplicate payment this month,"I was billed twice for my Business plan this month, two charges of $19.99 on my credit card. Please help.",low,Billing,15.0,0
Duplicate payment this month,"Hello team, My bank statement shows the same $19.99 transaction twice on the 15th. Additionally, I had a question about your support hours. Honestly this is ridiculous and a total waste of my time. I'm considering legal action. Regards.",low,Billing,34.1,1
Question about pricing and discounts,"Hi there, If I upgrade to the Team plan mid-cycle, how will the billing be prorated? On top of that, I can't log in to my account on the mobile app.",medium,Billing,16.8,0
Payment declined,My payment keeps getting declined even though the card works everywhere else. Looking forward to your reply.,low,Billing,12.7,0
Question about features,"Good morning, Could you give me some information about what's included in each plan? Thanks so much, I appreciate the quick help.",low,General,6.0,0
Add a team member,"I need to update my username and profile details. I'm a bit disappointed, to be honest. Please help.",low,Account,8.3,0
Feedback on the new design,"Hello team, I wanted to share some feedback on the new design, it looks cleaner. Regards.",low,General,5.2,0
Server error when saving,The page shows error code 0x80070005 and nothing loads. I checked the network tab and the request returns a 502 error. The server logs show a timeout on the API endpoint. Thanks.,low,Technical,70.2,0
Unauthorized charge,I see a payment to you I don't recognise. I did not approve this transaction. This is the worst service I've ever experienced!! Please escalate this to a supervisor. Thanks.,medium,Billing,9.2,1
Update delivery address,"Hi, Please update my delivery address, I've moved. Thanks so much, I appreciate the quick help. Thank you.",medium,Shipping,20.3,0
Money taken without permission,I see a payment to you I don't recognise. I did not approve this transaction. I'm furious. Your product is useless right now. I will cancel my subscription and switch to a competitor. Please help.,medium,Billing,9.2,0
Want my money back,"Please process a refund for order #55321, I never used the service after paying. I checked the network tab and the request returns a 502 error. On top of that, I can't log in to my account on the mobile app. Please help.",medium,Billing,19.2,0
Incorrect item in package,"Hello team, The item delivered doesn't match what I ordered in order #98012. Overall I'm very happy with the service.",low,Shipping,27.5,0
Update my username,"I need to update my username and profile details. I already tried logging out and back in, and I cleared the cache. Thanks so much, I appreciate the quick help. Please help.",high,Account,7.8,0
Update my username,"Good morning, I want to add a new team member to my account with admin permissions. Our SSL certificate and DNS configuration look correct. It keeps happening again and again for weeks now. Thanks.",urgent,Account,6.1,0
Changes not saving,"Hello team, Edits made by my team are not showing up, looks like sync failed. I'm on Chrome 126 with app version 4.2.1. Also, my last package arrived late and the tracking never updated. Please help.",high,Technical,37.3,0
Change shipping address,I need to change the shipping address for order #55321 before it's dispatched. This is the worst service I've ever experienced!! Regards.,medium,Shipping,24.9,1
Export to CSV not working,"Good morning, Exporting my data to CSV produces an empty file. I checked the network tab and the request returns a 502 error. Additionally, I had a question about your support hours. Thanks so much, I appreciate the quick help.",medium,Technical,56.3,0
Item arrived broken,"Hi there, The parcel arrived damaged and the item inside is broken. I have followed the steps in your help article multiple times and it still happens. It keeps happening again and again for weeks now. Thanks.",high,Shipping,17.6,0
Business hours inquiry,"Hi there, Do you offer a student discount or nonprofit pricing? I already tried logging out and back in, and I cleared the cache. This is the third time I've contacted you about this. Unfortunately this is causing problems for me. Thanks.",low,General,9.7,0
Upgrade billing question,"Is there a discount coupon for annual billing? I want to switch from monthly payment. The browser console shows an exception with code 0x80070005. It keeps happening again and again for weeks now. I already tried logging out and back in, and I cleared the cache. Unfortunately this is causing problems for me. Please help.",medium,Billing,28.4,0
Where is my order?,"Hi there, My order #61209 was supposed to arrive 12 days ago and it's still not here. The browser console shows an exception with code ERR_CONN_RESET. It keeps happening again and again for weeks now. This is quite frustrating. Looking forward to your reply.",medium,Shipping,39.1,1
Server error when saving,"Good morning, I get a 500 internal server error whenever I open the dashboard. Our SSL certificate and DNS configuration look correct. The server logs show a timeout on the API endpoint. This is the third time I've contacted you about this. I have followed the steps in your help article multiple times and it still happens. Please help.",medium,Technical,45.4,1
Does the product support custom reports?,"Hello, I'm wondering whether your product supports calendar sync. This is the third time I've contacted you about this. This is quite frustrating.",low,General,9.1,0
Application keeps crashing,"Since the latest update the application crashes right after the splash screen. The browser console shows an exception with code 502. The server logs show a timeout on the API endpoint. This is the third time I've contacted you about this. It keeps happening again and again for weeks now. Also, my last package arrived late and the tracking never updated. Thank you.",high,Technical,49.8,1
Lost my authenticator,"Hi there, I got a new phone and lost my authenticator app, now I can't pass 2FA. Thanks.",medium,Account,6.7,0
Changes not saving,"Hello, Changes I make on my laptop don't sync to my phone anymore. Thanks.",medium,Technical,20.5,0
Changes not saving,"Edits made by my team are not showing up, looks like sync failed. Our SSL certificate and DNS configuration look correct. This is quite frustrating. Thanks.",urgent,Technical,17.6,0
Integration not working,"Hi, Webhooks are failing with a timeout and our integration is broken. The browser console shows an exception with code E1042. The server logs show a timeout on the API endpoint. I reached out last week and got no response. I restarted and reinstalled everything, nothing works. I'm a bit disappointed, to be honest. Regards.",urgent,Technical,35.3,1
Double charge on my card,"Hi there, I was billed twice for my Premium plan this month, two charges of $12.50 on my credit card. This is annoying and is slowing down my work. Looking forward to your reply.",high,Billing,11.9,0
Delete my account,"Hello team, How do I permanently delete my account? I reached out last week and got no response. This is annoying and is slowing down my work. Regards.",urgent,Account,7.1,1
Upgrade billing question,"Hello team, If I upgrade to the Team plan mid-cycle, how will the billing be prorated? This is the third time I've contacted you about this. This is quite frustrating. Please help.",medium,Billing,20.2,0
Question about pricing and discounts,"Hi, If I upgrade to the Pro plan mid-cycle, how will the billing be prorated? This is quite frustrating. Thanks.",low,Billing,15.7,0
Card keeps getting declined,"I tried to update my credit card details but the payment page rejects the card. Also, my last package arrived late and the tracking never updated. Thank you.",medium,Billing,13.0,1
Account suspended,My account got locked after a few failed login attempts. Thank you.,medium,Account,5.8,0
Invoice amount is wrong,The invoice for yesterday shows $249.00 but my plan should cost less. I'm furious. Your product is useless right now. Looking forward to your reply.,medium,Billing,14.5,0
Suggestion for improvement,"Good morning, A suggestion: it would be nice to have a dark mode. Thank you.",high,General,4.1,0
Refund request,"Please process a refund for order #77310, I never used the service after paying. The server logs show a timeout on the API endpoint. This is annoying and is slowing down my work. Looking forward to your reply.",medium,Billing,11.3,0
How do I use bulk export?,"Hi there, Could you give me some information about what's included in each plan? I checked the network tab and the request returns a 502 error. I love your product and it's been great so far. Thanks.",low,General,9.5,0
Changes not saving,"Edits made by my team are not showing up, looks like sync failed. Thanks so much, I appreciate the quick help. Please help.",low,Technical,32.3,0
Student discount?,"Good morning, Do you offer a student discount or nonprofit pricing? Regards.",low,General,7.9,0
Received damaged item,"Hello, My order arrived with a cracked screen, the box was crushed by the courier. Overall I'm very happy with the service. Please help.",low,Shipping,18.3,1
Package has not arrived,"Hello team, The package was marked as shipped but never arrived. Looking forward to your reply.",low,Shipping,32.4,0
Item arrived broken,The parcel arrived damaged and the item inside is broken. Regards.,low,Shipping,27.5,0
How do I use single sign-on?,"Hi, How do I get started with offline mode? I couldn't find it in the help center. Unfortunately this is causing problems for me. Regards.",medium,General,4.6,0
Question about pricing and discounts,"Good morning, Is there a discount coupon for annual billing? I want to switch from monthly payment. I checked the network tab and the request returns a 502 error. Thanks so much, I appreciate the quick help. Looking forward to your reply.",medium,Billing,9.1,0
App crashes on startup,"Hi there, Since the latest update the application crashes right after the splash screen. Regards.",medium,Technical,17.9,1
Data not syncing between devices,The sync has been stuck on 'pending' for hours and my data is out of date. I checked the network tab and the request returns a 502 error. The browser console shows an exception with code 502. Looking forward to your reply.,urgent,Technical,19.0,1
Getting error messages,"Hi, I get a 500 internal server error whenever I open the dashboard. This is quite frustrating. Please help.",high,Technical,15.1,0
Cannot reset my password,"Hi there, I forgot my password and the reset form says my email is not recognised. Also, I was charged an extra fee on my last invoice. Looking forward to your reply.",medium,Account,13.4,0
Account suspended,My account was suspended without any notice and I can't log in. It keeps happening again and again for weeks now. I have followed the steps in your help article multiple times and it still happens. Honestly this is ridiculous and a total waste of my time.,low,Account,12.4,0
Partnership inquiry,"Hi, We're interested in a partnership with your company, who should we contact? Our SSL certificate and DNS configuration look correct. Overall I'm very happy with the service. Please help.",low,General,7.4,0
Error 500 on dashboard,"Hi, I get a 500 internal server error whenever I open the dashboard. The server logs show a timeout on the API endpoint. I'm on macOS Sonoma with app version 4.2.1. Additionally, I had a question about your support hours. Thank you.",medium,Technical,52.8,0
Unauthorized charge,"Hello team, Money was taken from my bank account without my permission, $249.00 on last Monday. This is the third time I've contacted you about this.",urgent,Billing,17.9,1
Unauthorized charge,"Good morning, Money was taken from my bank account without my permission, $8.99 on yesterday. Additionally, the app shows an error when I try to export data. Overall I'm very happy with the service. Please help.",medium,Billing,19.3,0
Error 500 on dashboard,I get a 500 internal server error whenever I open the dashboard. I'm on Chrome 126 with app version 5.0.2. The server logs show a timeout on the API endpoint. Looking forward to your reply.,low,Technical,75.0,0
Cancel subscription billing,"Good morning, If I upgrade to the Premium plan mid-cycle, how will the billing be prorated?",low,Billing,13.1,0
Suggestion for improvement,"Good morning, It would be great if you added calendar sync in a future release. Thank you.",low,General,6.5,0
Webhook failures,"Good morning, The Slack integration stopped posting notifications yesterday. I'm on Windows 11 with app version 4.2.1. This is the third time I've contacted you about this. It keeps happening again and again for weeks now. Thanks.",medium,Technical,55.9,0
Unauthorized charge,"Hello, I see a payment to you I don't recognise. I did not approve this transaction. Regards.",medium,Billing,10.7,0
Double charge on my card,My bank statement shows the same $19.99 transaction twice on the 15th. I'm on Chrome 126 with app version 3.9.8. Thanks.,high,Billing,11.7,0
Update delivery address,"Hi there, Please update my delivery address, I've moved. I am extremely frustrated and angry about this. Regards.",high,Shipping,12.5,1
Account locked,"Good morning, My account was suspended without any notice and I can't log in. Additionally, the app shows an error when I try to export data. This is quite frustrating. Looking forward to your reply.",medium,Account,14.4,0
Getting error messages,"Hello team, Saving a project fails with the message 'unexpected error, please try again'. I'm on an iPhone 14 on iOS 17 with app version 5.0.2. This is annoying and is slowing down my work. Thank you.",medium,Technical,27.9,0
Changes not saving,"Edits made by my team are not showing up, looks like sync failed. The server logs show a timeout on the API endpoint. Our SSL certificate and DNS configuration look correct. I reached out last week and got no response. This is quite frustrating. Regards.",medium,Technical,100.8,0
Item arrived broken,Half of the items in the package were damaged during delivery. I have followed the steps in your help article multiple times and it still happens. This is quite frustrating. Regards.,medium,Shipping,29.7,1
Wrong item delivered,"I received the wrong item, I ordered a blue one and got a red one. On top of that, I can't log in to my account on the mobile app. Regards.",low,Shipping,37.5,1
Suggestion for improvement,"Hi, A suggestion: it would be nice to have a dark mode. Thank you.",low,General,12.6,0
Webhook failures,"Hello, Webhooks are failing with a timeout and our integration is broken. I'm on macOS Sonoma with app version 4.3.0. On top of that, I can't log in to my account on the mobile app. I'm a bit disappointed, to be honest. Thanks.",high,Technical,30.8,1
Website very slow,"Hi, The search feature is not working, it just keeps loading. I checked the network tab and the request returns a 502 error. This is the third time I've contacted you about this. I am extremely frustrated and angry about this. Thank you.",medium,Technical,40.3,0
Integration not working,"Good morning, Webhooks are failing with a timeout and our integration is broken. I'm on a Pixel 8 on Android 14 with app version 4.2.1. Looking forward to your reply.",high,Technical,24.0,0
Incorrect invoice,"Good morning, The receipt lists the Pro plan but I'm on a cheaper plan. Additionally, I had a question about your support hours. Please help.",high,Billing,14.9,0
Getting error messages,"Hi, Saving a project fails with the message 'unexpected error, please try again'. I restarted and reinstalled everything, nothing works. I have followed the steps in your help article multiple times and it still happens. This is annoying and is slowing down my work.",medium,Technical,29.5,1
Changes not saving,The sync has been stuck on 'pending' for hours and my data is out of date. Our SSL certificate and DNS configuration look correct. Looking forward to your reply.,medium,Technical,27.9,0
App crashes on startup,The app crashes every time I try to upload a file larger than 10MB. Regards.,low,Technical,56.0,0
Upgrade billing question,"Hello, I want to cancel my subscription at the end of the billing period, will I be charged again? Thank you.",low,Billing,22.3,0
Unauthorized charge,"Hello, I see a payment to you I don't recognise. I did not approve this transaction. I'm a bit disappointed, to be honest. Thanks.",high,Billing,8.1,0
Account suspended,I'm locked out and can't sign in to access my projects. This is quite frustrating. Please help.,medium,Account,6.5,0
Wrong item delivered,"Good morning, The package contained someone else's order. Our SSL certificate and DNS configuration look correct. I already tried logging out and back in, and I cleared the cache. Also, I was charged an extra fee on my last invoice. This is quite frustrating. Looking forward to your reply.",high,Shipping,24.4,1
App crashes on startup,"Hello, Since the latest update the application crashes right after the splash screen. Thanks.",high,Technical,14.7,0
Sync is broken,"Hi, Edits made by my team are not showing up, looks like sync failed. I'm on Chrome 126 with app version 3.9.8. Our SSL certificate and DNS configuration look correct. It keeps happening again and again for weeks now. This is annoying and is slowing down my work.",medium,Technical,86.8,0
Password reset link not working,I forgot my password and the reset form says my email is not recognised. Unfortunately this is causing problems for me. Looking forward to your reply.,high,Account,6.2,0
Received someone else's order,"The item delivered doesn't match what I ordered in order #77310. I'm a bit disappointed, to be honest. Please help.",high,Shipping,12.0,1
Export to CSV not working,Exporting my data to CSV produces an empty file. I checked the network tab and the request returns a 502 error. The browser console shows an exception with code ERR_CONN_RESET. Please help.,medium,Technical,35.9,0
Error 500 on dashboard,I get a 500 internal server error whenever I open the dashboard. Regards.,medium,Technical,25.8,0
API requests timing out,The Slack integration stopped posting notifications yesterday. The server logs show a timeout on the API endpoint. The browser console shows an exception with code 502. Looking forward to your reply.,medium,Technical,22.9,0
Password reset link not working,I forgot my password and the reset form says my email is not recognised. Unfortunately this is causing problems for me. Please help.,urgent,Account,4.1,0
Invoice amount is wrong,"Hello, The invoice for March 3rd shows $12.50 but my plan should cost less. I restarted and reinstalled everything, nothing works. It keeps happening again and again for weeks now. On top of that, I can't log in to my account on the mobile app. Thank you.",medium,Billing,20.5,0
Business hours inquiry,"Hello team, Do you offer a student discount or nonprofit pricing?",low,General,6.9,0
Application keeps crashing,"The app crashes every time I try to upload a file larger than 10MB. I restarted and reinstalled everything, nothing works. This is completely unacceptable! Please help.",medium,Technical,49.3,1
Double charge on my card,My bank statement shows the same $8.99 transaction twice on June 1st. Thanks.,high,Billing,8.1,0
No tracking information,"Hi there, The carrier website says the tracking number doesn't exist. I reached out last week and got no response. Thank you.",low,Shipping,51.0,0
Deactivate profile,"I would like to deactivate my profile and close the account. Additionally, the app shows an error when I try to export data. This is quite frustrating. Looking forward to your reply.",medium,Account,18.6,0
Order #61209 not delivered,"Hello team, I ordered 5 days ago and still have no delivery. Unfortunately this is causing problems for me.",medium,Shipping,21.7,0
Incorrect invoice,"Hello team, The receipt lists the Enterprise plan but I'm on a cheaper plan. On top of that, I can't log in to my account on the mobile app. This is annoying and is slowing down my work. Thanks.",medium,Billing,16.8,0
Account locked,"Hi, My account was suspended without any notice and I can't log in. The server logs show a timeout on the API endpoint. Additionally, the app shows an error when I try to export data. Overall I'm very happy with the service.",medium,Account,11.0,0
Integration not working,"Hello team, The Slack integration stopped posting notifications yesterday. I checked the network tab and the request returns a 502 error. Our SSL certificate and DNS configuration look correct. Looking forward to your reply.",high,Technical,27.4,1
Error 500 on dashboard,"Hi there, The page shows error code 403 and nothing loads. The browser console shows an exception with code E1042. Thank you.",low,Technical,41.6,0
Incorrect invoice,The invoice for June 1st shows $49.00 but my plan should cost less. This is quite frustrating. Thanks.,medium,Billing,7.3,0
Double charge on my card,"Hello, You took the subscription payment two times. Please refund the duplicate charge. Additionally, the app shows an error when I try to export data. Please help.",low,Billing,33.2,0
Where is my order?,"Hello team, I ordered 7 days ago and still have no delivery. Thanks.",high,Shipping,12.9,0
2FA problem,"Hello team, The verification code is always rejected as invalid. Regards.",medium,Account,5.4,0
Double charge on my card,"Hello, My bank statement shows the same $99.00 transaction twice on yesterday. Looking forward to your reply.",low,Billing,25.3,0
Tracking stuck,Tracking has shown 'in transit' at the same warehouse for a week. I am extremely frustrated and angry about this. I'm considering legal action. Regards.,high,Shipping,19.6,1
Cancel subscription billing,"Good morning, If I upgrade to the Premium plan mid-cycle, how will the billing be prorated? I have followed the steps in your help article multiple times and it still happens. Unfortunately this is causing problems for me.",medium,Billing,13.3,0
Export to CSV not working,"Hi there, Exporting my data to CSV produces an empty file. Looking forward to your reply.",medium,Technical,24.3,0
Account suspended,"Good morning, I'm locked out and can't sign in to access my projects. This is annoying and is slowing down my work. Looking forward to your reply.",medium,Account,8.0,0
Double charge on my card,"Hi, You took the subscription payment two times. Please refund the duplicate charge. Please help.",low,Billing,7.7,0
Data not syncing between devices,"Good morning, Changes I make on my laptop don't sync to my phone anymore. Thank you.",high,Technical,16.4,0
Getting error messages,"Hi there, I get a 500 internal server error whenever I open the dashboard. The browser console shows an exception with code E1042. I reached out last week and got no response. This is the third time I've contacted you about this. I love your product and it's been great so far. Regards.",medium,Technical,68.7,0
Deactivate profile,"Hello, How do I permanently delete my account? Unfortunately this is causing problems for me. Regards.",medium,Account,7.3,0
Deactivate profile,"Hi, How do I permanently delete my account? Regards.",medium,Account,7.2,0
Data not syncing between devices,"Hello team, Changes I make on my laptop don't sync to my phone anymore. Our SSL certificate and DNS configuration look correct. I am extremely frustrated and angry about this. Thanks.",medium,Technical,29.3,1
Question about pricing and discounts,"If I upgrade to the Team plan mid-cycle, how will the billing be prorated?",high,Billing,7.8,0
Invoice does not match my plan,"Hello, The invoice for the 15th shows $19.99 but my plan should cost less. Additionally, I had a question about your support hours. I'm a bit disappointed, to be honest. Regards.",medium,Billing,14.4,0
Incorrect invoice,"Hi, My latest invoice includes fees I don't recognise. Can you explain the charges? Additionally, I had a question about your support hours.",medium,Billing,15.7,0
Invoice does not match my plan,"Hi there, My latest invoice includes fees I don't recognise. Can you explain the charges? This is quite frustrating. Thank you.",low,Billing,14.7,0
Cannot reset my password,"Hello team, The password reset email never arrives in my inbox. Unfortunately this is causing problems for me.",high,Account,5.1,0
Webhook failures,"Hello team, The Slack integration stopped posting notifications yesterday. Our SSL certificate and DNS configuration look correct. Please help.",high,Technical,13.4,0
Invoice does not match my plan,"Hello team, The receipt lists the Pro plan but I'm on a cheaper plan. I'm furious. Your product is useless right now. Thanks.",high,Billing,10.1,1
Tracking number not updating,"Good morning, The tracking number for order #77310 hasn't updated in 12 days. Thanks so much, I appreciate the quick help. Looking forward to your reply.",medium,Shipping,24.3,0
Feedback on the new design,"Hello team, A suggestion: it would be nice to have a dark mode. I'm on a Pixel 8 on Android 14 with app version 4.2.1. Looking forward to your reply.",low,General,4.5,0
Application keeps crashing,"Hi there, The app crashes every time I try to upload a file larger than 10MB. I checked the network tab and the request returns a 502 error. The browser console shows an exception with code E1042. I already tried logging out and back in, and I cleared the cache. This is the third time I've contacted you about this. Please help.",high,Technical,38.0,0
Does the product support offline mode?,"Hello team, I'm wondering whether your product supports custom reports. The browser console shows an exception with code 0x80070005. This is annoying and is slowing down my work.",medium,General,4.9,0
Cannot update payment method,"Hi, My payment keeps getting declined even though the card works everywhere else. This is the worst service I've ever experienced!! Thanks.",medium,Billing,15.3,0
Need a return label,"Hello, I need to change the shipping address for order #61209 before it's dispatched. I'm on a Pixel 8 on Android 14 with app version 4.2.1. I already tried logging out and back in, and I cleared the cache.",medium,Shipping,37.9,1
Money taken without permission,"Good morning, I see a payment to you I don't recognise. I did not approve this transaction. Regards.",medium,Billing,11.9,0
Application keeps crashing,Since the latest update the application crashes right after the splash screen. The server logs show a timeout on the API endpoint. I checked the network tab and the request returns a 502 error. Looking forward to your reply.,high,Technical,36.1,0
Sync is broken,"Hi there, The sync has been stuck on 'pending' for hours and my data is out of date. The browser console shows an exception with code E1042. Thanks.",medium,Technical,20.9,0
Forgot password,"Good morning, When I click the reset link it says the token is invalid or expired. This is the worst service I've ever experienced!! Please escalate this to a supervisor. Thank you.",high,Account,5.2,1
Incorrect item in package,"Good morning, The package contained someone else's order. I'm a bit disappointed, to be honest. Thank you.",high,Shipping,10.7,1
Package has not arrived,"Hello team, I ordered 12 days ago and still have no delivery. Unfortunately this is causing problems for me.",medium,Shipping,16.0,0
Received someone else's order,The item delivered doesn't match what I ordered in order #30055. Unfortunately this is causing problems for me. Regards.,medium,Shipping,16.4,0
App crashes on startup,"Hello, The app crashes every time I try to upload a file larger than 10MB. I reached out last week and got no response. I have followed the steps in your help article multiple times and it still happens. Unfortunately this is causing problems for me. Looking forward to your reply.",low,Technical,56.8,0
Pages take forever to load,"Exporting my data to CSV produces an empty file. The browser console shows an exception with code ERR_CONN_RESET. I already tried logging out and back in, and I cleared the cache. Also, I was charged an extra fee on my last invoice. Unfortunately this is causing problems for me. Regards.",low,Technical,89.7,1
API requests timing out,"Hello team, Our API calls to the orders endpoint keep timing out after 30 seconds. Our SSL certificate and DNS configuration look correct. I checked the network tab and the request returns a 502 error. Looking forward to your reply.",low,Technical,51.9,0
Cannot reset my password,"Hi, When I click the reset link it says the token is invalid or expired.",high,Account,4.9,0
Locked out of my account,"Hi there, I'm locked out and can't sign in to access my projects.",urgent,Account,1.9,1
Change email address,"I want to add a new team member to my account with admin permissions. I'm a bit disappointed, to be honest. Thank you.",urgent,Account,2.3,0
2FA problem,"The verification code is always rejected as invalid. I'm a bit disappointed, to be honest. Regards.",high,Account,3.7,0
Crash when uploading files,"Hello, Since the latest update the application crashes right after the splash screen. The server logs show a timeout on the API endpoint. I love your product and it's been great so far. Regards.",high,Technical,23.8,0
Webhook failures,"Hello team, Webhooks are failing with a timeout and our integration is broken. I'm on an iPhone 14 on iOS 17 with app version 3.9.8. I reached out last week and got no response. I am extremely frustrated and angry about this. Regards.",high,Technical,39.3,1
Unknown debit on my statement,"Hi there, There is a $8.99 debit from your company on my account that I never authorized. Overall I'm very happy with the service. Regards.",low,Billing,19.5,0
Invoice does not match my plan,"Hello, The invoice for last Monday shows $249.00 but my plan should cost less. This is the worst service I've ever experienced!! Please escalate this to a supervisor.",low,Billing,31.1,1
Question about pricing and discounts,"Hello, I want to cancel my subscription at the end of the billing period, will I be charged again? I'm a bit disappointed, to be honest. Thank you.",high,Billing,8.0,0
Application keeps crashing,The app crashes every time I try to upload a file larger than 10MB. Our SSL certificate and DNS configuration look correct. The browser console shows an exception with code 502. Thank you.,low,Technical,61.2,0
No tracking information,"Hi there, Tracking has shown 'in transit' at the same warehouse for a week. I'm on an iPhone 14 on iOS 17 with app version 4.2.1. It keeps happening again and again for weeks now. This is the third time I've contacted you about this. I'm furious. Your product is useless right now. I want to speak to a manager immediately. Regards.",urgent,Shipping,28.1,1
Pages take forever to load,"Good morning, Exporting my data to CSV produces an empty file. The server logs show a timeout on the API endpoint. Our SSL certificate and DNS configuration look correct. I love your product and it's been great so far. Please help.",medium,Technical,57.8,0
Question about pricing and discounts,"Hi there, If I upgrade to the Team plan mid-cycle, how will the billing be prorated? Additionally, the app shows an error when I try to export data. I'm furious. Your product is useless right now. Thank you.",medium,Billing,13.7,1
Feedback on the new design,"I wanted to share some feedback on the new design, it looks cleaner. Please help.",low,General,8.1,0
Data not syncing between devices,"Hi, The sync has been stuck on 'pending' for hours and my data is out of date. I have followed the steps in your help article multiple times and it still happens. I am extremely frustrated and angry about this. Thank you.",high,Technical,38.2,1
API requests timing out,"Hello team, Webhooks are failing with a timeout and our integration is broken. I'm on a Pixel 8 on Android 14 with app version 5.0.2. The browser console shows an exception with code E1042. This is the third time I've contacted you about this. Also, I was charged an extra fee on my last invoice. Thanks.",medium,Technical,62.8,0
Tracking stuck,"Hi there, Tracking has shown 'in transit' at the same warehouse for a week. I have followed the steps in your help article multiple times and it still happens. This is the third time I've contacted you about this. This is quite frustrating. Regards.",high,Shipping,22.2,0
Double charge on my card,"Hi there, You took the subscription payment two times. Please refund the duplicate charge. Your team has always been really helpful, thanks in advance!",medium,Billing,8.3,0
Locked out of my account,"Hi there, I'm locked out and can't sign in to access my projects. Additionally, I had a question about your support hours. Please help.",medium,Account,6.4,1
Application keeps crashing,"Hello, The mobile app freezes and then crashes when I open the reports section. I'm on Windows 11 with app version 4.3.0. Please help.",high,Technical,26.9,0
No tracking information,"Good morning, The carrier website says the tracking number doesn't exist. I'm on Chrome 126 with app version 5.0.2. Please help.",low,Shipping,37.9,0
How do I use calendar sync?,"Hi there, How do I get started with custom reports? I couldn't find it in the help center. Looking forward to your reply.",low,General,5.9,0
Money taken without permission,"There is a $249.00 debit from your company on my account that I never authorized. Also, my last package arrived late and the tracking never updated.",urgent,Billing,8.0,1
Cannot update payment method,"Hello, I tried to update my credit card details but the payment page rejects the card. I restarted and reinstalled everything, nothing works. Also, my last package arrived late and the tracking never updated. Regards.",high,Billing,15.5,0
Integration not working,"Hello, Webhooks are failing with a timeout and our integration is broken. The server logs show a timeout on the API endpoint. Please help.",medium,Technical,30.2,0
Unknown debit on my statement,"Hi there, Money was taken from my bank account without my permission, $249.00 on yesterday. I have followed the steps in your help article multiple times and it still happens. This is the worst service I've ever experienced!! Please help.",medium,Billing,41.2,0
Want my money back,I requested a refund two weeks ago for $12.50 and have not received it. Unfortunately this is causing problems for me. Please help.,low,Billing,17.1,0
Getting error messages,"Hi, The page shows error code 0x80070005 and nothing loads. Our SSL certificate and DNS configuration look correct. This is completely unacceptable! Looking forward to your reply.",low,Technical,60.1,0
Tracking stuck,"Hi, The carrier website says the tracking number doesn't exist. Regards.",urgent,Shipping,9.0,0
Crash when uploading files,The mobile app freezes and then crashes when I open the reports section. The server logs show a timeout on the API endpoint. This is annoying and is slowing down my work. Regards.,medium,Technical,61.3,1
Export to CSV not working,"Hello, The search feature is not working, it just keeps loading.",medium,Technical,20.1,0
Refund request,"Good morning, I requested a refund two weeks ago for $249.00 and have not received it. I checked the network tab and the request returns a 502 error. On top of that, I can't log in to my account on the mobile app. Thanks.",medium,Billing,28.0,0
Requesting a refund for order #55321,"Hi, I requested a refund two weeks ago for $12.50 and have not received it. Your team has always been really helpful, thanks in advance! Thank you.",medium,Billing,8.2,0
Getting error messages,"Hello team, I get a 500 internal server error whenever I open the dashboard. I restarted and reinstalled everything, nothing works. I have followed the steps in your help article multiple times and it still happens.",high,Technical,27.2,0
Need a return label,"Good morning, I need to change the shipping address for order #10482 before it's dispatched. I already tried logging out and back in, and I cleared the cache. Please help.",medium,Shipping,29.0,0
Unknown debit on my statement,"Money was taken from my bank account without my permission, $99.00 on March 3rd. Unfortunately this is causing problems for me.",urgent,Billing,5.6,0
Website very slow,"Hello team, Exporting my data to CSV produces an empty file. The server logs show a timeout on the API endpoint. Please help.",high,Technical,23.8,1
Add a team member,"Hi there, How can I change the email address on my account profile? Overall I'm very happy with the service. Looking forward to your reply.",medium,Account,6.8,0
Export to CSV not working,"Hi, The search feature is not working, it just keeps loading. I'm a bit disappointed, to be honest. Please help.",medium,Technical,28.1,0
Add a team member,"Hello team, I need to update my username and profile details. I already tried logging out and back in, and I cleared the cache. I reached out last week and got no response. Unfortunately this is causing problems for me. Please help.",high,Account,5.8,0
Crash when uploading files,"Hi there, The app crashes every time I try to upload a file larger than 10MB. I'm on a Pixel 8 on Android 14 with app version 4.2.1. This is annoying and is slowing down my work. Thank you.",high,Technical,27.6,0
Suggestion for improvement,"Good morning, It would be great if you added custom reports in a future release. I love your product and it's been great so far. Thank you.",medium,General,4.7,0
Lost my authenticator,"Good morning, I'm not receiving the two-factor verification code by SMS. Thank you.",low,Account,8.4,0
Tracking stuck,"Hi, The tracking number for order #30055 hasn't updated in 5 days. Additionally, I had a question about your support hours. Regards.",high,Shipping,21.6,0
Integration not working,"Webhooks are failing with a timeout and our integration is broken. I'm on a Pixel 8 on Android 14 with app version 4.2.1. I checked the network tab and the request returns a 502 error. This is the third time I've contacted you about this. Also, my last package arrived late and the tracking never updated. This is the worst service I've ever experienced!! I will be leaving a review on social media about this. Looking forward to your reply.",urgent,Technical,40.8,1
Suggestion for improvement,"I wanted to share some feedback on the new design, it looks cleaner. Looking forward to your reply.",medium,General,4.8,0
Student discount?,"Hello team, We're interested in a partnership with your company, who should we contact? I love your product and it's been great so far. Thanks.",medium,General,3.9,0
Update my username,"Hello team, I need to update my username and profile details. I reached out last week and got no response. This is completely unacceptable! Please escalate this to a supervisor. Thanks.",medium,Account,10.4,1
Cancel subscription billing,Is there a discount coupon for annual billing? I want to switch from monthly payment. This is the third time I've contacted you about this. It keeps happening again and again for weeks now.,medium,Billing,15.3,0
Sync is broken,Changes I make on my laptop don't sync to my phone anymore. Looking forward to your reply.,medium,Technical,19.4,0
Webhook failures,"Hi, Webhooks are failing with a timeout and our integration is broken. Looking forward to your reply.",low,Technical,32.5,0
Charged twice for my subscription,"Hello team, I was billed twice for my Team plan this month, two charges of $249.00 on my credit card. I restarted and reinstalled everything, nothing works. This is completely unacceptable! I will cancel my subscription and switch to a competitor. Please help.",urgent,Billing,9.3,1
Feature request,"Good morning, It would be great if you added calendar sync in a future release. Please help.",low,General,6.3,0
Integration not working,"Hello, Our API calls to the orders endpoint keep timing out after 30 seconds. Our SSL certificate and DNS configuration look correct. Overall I'm very happy with the service. Thank you.",urgent,Technical,14.8,0
Incorrect invoice,"Hello, My latest invoice includes fees I don't recognise. Can you explain the charges? The server logs show a timeout on the API endpoint. I restarted and reinstalled everything, nothing works.",high,Billing,15.0,0
Webhook failures,"Hello team, The Slack integration stopped posting notifications yesterday. Thanks.",low,Technical,37.1,0
Integration not working,"Hi there, Webhooks are failing with a timeout and our integration is broken. This is the third time I've contacted you about this. Thanks so much, I appreciate the quick help. Thank you.",medium,Technical,38.6,1
Duplicate payment this month,My bank statement shows the same $12.50 transaction twice on June 1st. This is completely unacceptable! Please escalate this to a supervisor.,urgent,Billing,10.0,1
Application keeps crashing,The mobile app freezes and then crashes when I open the reports section. Honestly this is ridiculous and a total waste of my time. I'm considering legal action. Looking forward to your reply.,medium,Technical,37.5,1
Question about features,"Hi, Could you give me some information about what's included in each plan? Overall I'm very happy with the service. Thanks.",medium,General,2.5,0
Webhook failures,"Hello, The Slack integration stopped posting notifications yesterday. The browser console shows an exception with code 0x80070005. I love your product and it's been great so far.",medium,Technical,60.6,0
Cannot update payment method,"My payment keeps getting declined even though the card works everywhere else. I'm a bit disappointed, to be honest. Please help.",medium,Billing,7.7,1
Close my account,"Hello team, I would like to deactivate my profile and close the account. It keeps happening again and again for weeks now. Honestly this is ridiculous and a total waste of my time.",urgent,Account,6.3,1
Update my username,"Good morning, How can I change the email address on my account profile? It keeps happening again and again for weeks now. Also, I was charged an extra fee on my last invoice. I am extremely frustrated and angry about this. I want to speak to a manager immediately.",medium,Account,19.7,1
Sync is broken,"Hello, The sync has been stuck on 'pending' for hours and my data is out of date. The server logs show a timeout on the API endpoint. Looking forward to your reply.",medium,Technical,33.1,0
Business hours inquiry,"What are your support hours on weekends? I'm a bit disappointed, to be honest. Thanks.",low,General,7.4,0
Want my money back,"Hi, Please process a refund for order #98012, I never used the service after paying. Your team has always been really helpful, thanks in advance! Regards.",low,Billing,14.7,0
Wrong item delivered,"I received the wrong item, I ordered a blue one and got a red one. Additionally, I had a question about your support hours. I'm a bit disappointed, to be honest. Thanks.",urgent,Shipping,8.0,1
Account suspended,"Hi, My account got locked after a few failed login attempts. This is annoying and is slowing down my work. Thanks.",urgent,Account,4.6,1
Wrong item delivered,"Good morning, I received the wrong item, I ordered a blue one and got a red one. Regards.",medium,Shipping,22.9,0
No tracking information,"The tracking number for order #61209 hasn't updated in 3 days. I checked the network tab and the request returns a 502 error. I'm a bit disappointed, to be honest. Please help.",medium,Shipping,25.5,0
Does the product support offline mode?,"Hi there, Could you give me some information about what's included in each plan? Also, I was charged an extra fee on my last invoice. Thanks.",medium,General,6.9,0
Suggestion for improvement,"Hello, It would be great if you added single sign-on in a future release. Looking forward to your reply.",medium,General,4.8,0
Cannot update payment method,The subscription renewal failed and now I can't pay the outstanding balance. Thanks.,medium,Billing,7.0,0
Item arrived broken,"Good morning, My order arrived with a cracked screen, the box was crushed by the courier. This is quite frustrating.",high,Shipping,11.2,1
Requesting a refund for order #55321,"Hello team, Please process a refund for order #98012, I never used the service after paying. Looking forward to your reply.",low,Billing,20.6,0
Package was damaged,"Hello, The parcel arrived damaged and the item inside is broken. This is annoying and is slowing down my work. Please help.",medium,Shipping,11.3,0
Crash when uploading files,"Hi, The mobile app freezes and then crashes when I open the reports section. The browser console shows an exception with code 502. This is quite frustrating.",medium,Technical,25.7,0
Cannot update payment method,"Hi, My payment keeps getting declined even though the card works everywhere else. I already tried logging out and back in, and I cleared the cache. I have followed the steps in your help article multiple times and it still happens. I'm furious. Your product is useless right now.",high,Billing,14.7,0
Getting error messages,"Hello, Saving a project fails with the message 'unexpected error, please try again'. Please help.",low,Technical,42.9,0
Incorrect invoice,"The receipt lists the Business plan but I'm on a cheaper plan. I restarted and reinstalled everything, nothing works. Looking forward to your reply.",low,Billing,28.2,0
Business hours inquiry,"Good morning, What are your support hours on weekends? Your team has always been really helpful, thanks in advance! Please help.",medium,General,3.2,0
Feedback on the new design,"I wanted to share some feedback on the new design, it looks cleaner. Your team has always been really helpful, thanks in advance! Please help.",low,General,10.0,0
Changes not saving,"Good morning, Changes I make on my laptop don't sync to my phone anymore. Additionally, I had a question about your support hours. Thanks.",low,Technical,114.3,0
Tracking number not updating,"Hi there, The carrier website says the tracking number doesn't exist. Thanks.",medium,Shipping,21.5,0
API requests timing out,"Good morning, Our API calls to the orders endpoint keep timing out after 30 seconds. I already tried logging out and back in, and I cleared the cache. This is the third time I've contacted you about this. This is annoying and is slowing down my work. Looking forward to your reply.",high,Technical,55.1,0
Change email address,"Hi, I want to add a new team member to my account with admin permissions. I restarted and reinstalled everything, nothing works. This is completely unacceptable! Thanks.",low,Account,19.8,1
Unknown debit on my statement,"Hi there, Money was taken from my bank account without my permission, $19.99 on the 15th. I'm furious. Your product is useless right now. Looking forward to your reply.",low,Billing,22.1,1
Webhook failures,"Hello, Our API calls to the orders endpoint keep timing out after 30 seconds. Our SSL certificate and DNS configuration look correct. Thank you.",high,Technical,18.6,0
Locked out of my account,"Hello, My account got locked after a few failed login attempts. Thanks so much, I appreciate the quick help. Regards.",medium,Account,3.6,0
Changes not saving,"The sync has been stuck on 'pending' for hours and my data is out of date. The browser console shows an exception with code 0x80070005. I reached out last week and got no response. It keeps happening again and again for weeks now. Your team has always been really helpful, thanks in advance! Regards.",high,Technical,38.3,1
Question about pricing and discounts,"Good morning, Is there a discount coupon for annual billing? I want to switch from monthly payment. Please help.",high,Billing,6.5,0
Application keeps crashing,Since the latest update the application crashes right after the splash screen. I checked the network tab and the request returns a 502 error. Thanks.,medium,Technical,28.1,0
Changes not saving,"Good morning, The sync has been stuck on 'pending' for hours and my data is out of date. The browser console shows an exception with code 0x80070005. Please help.",low,Technical,65.2,0
Crash when uploading files,"Hello team, The app crashes every time I try to upload a file larger than 10MB. Also, I was charged an extra fee on my last invoice. Looking forward to your reply.",high,Technical,33.2,0
How do I use bulk export?,"Hello, Could you give me some information about what's included in each plan?",low,General,9.2,0
Package has not arrived,"Good morning, I ordered 7 days ago and still have no delivery. I'm on macOS Sonoma with app version 4.3.0. This is the third time I've contacted you about this. This is quite frustrating. Thanks.",high,Shipping,20.4,1
Sync is broken,"Good morning, The sync has been stuck on 'pending' for hours and my data is out of date. Our SSL certificate and DNS configuration look correct. Please help.",low,Technical,41.6,0
Crash when uploading files,"Good morning, The app crashes every time I try to upload a file larger than 10MB. Regards.",low,Technical,29.8,0
Cannot update payment method,"My payment keeps getting declined even though the card works everywhere else. Additionally, I had a question about your support hours. Thank you.",low,Billing,36.0,0
Card keeps getting declined,"My payment keeps getting declined even though the card works everywhere else. The browser console shows an exception with code 502. Also, my last package arrived late and the tracking never updated. This is the worst service I've ever experienced!! Please escalate this to a supervisor. Please help.",medium,Billing,19.2,1
Website very slow,"Hello, The search feature is not working, it just keeps loading. Also, I was charged an extra fee on my last invoice. Thank you.",medium,Technical,47.7,1
Business hours inquiry,"Hello team, We're interested in a partnership with your company, who should we contact? I restarted and reinstalled everything, nothing works. This is quite frustrating. Thank you.",medium,General,6.1,0
Change shipping address,"Good morning, Can you send me a return label so I can send the item back? I restarted and reinstalled everything, nothing works. I reached out last week and got no response. I'm furious. Your product is useless right now. I'm considering legal action. Please help.",low,Shipping,48.6,0
Getting error messages,I get a 500 internal server error whenever I open the dashboard. I'm on Chrome 126 with app version 4.3.0. The server logs show a timeout on the API endpoint. This is the third time I've contacted you about this. This is the worst service I've ever experienced!! If this isn't fixed I will dispute the charge with my bank. Regards.,high,Technical,27.5,1
Order #77310 not delivered,"Hi there, My order #98012 was supposed to arrive 3 days ago and it's still not here. Thanks.",low,Shipping,22.9,0
Change email address,I need to update my username and profile details. Please help.,low,Account,8.1,0
Requesting a refund for order #10482,"Hi there, Please process a refund for order #30055, I never used the service after paying. This is completely unacceptable! Thank you.",medium,Billing,10.4,0
Want my money back,"Hello team, I requested a refund two weeks ago for $12.50 and have not received it. Also, my last package arrived late and the tracking never updated. I'm a bit disappointed, to be honest. Regards.",urgent,Billing,10.9,1
Changes not saving,The sync has been stuck on 'pending' for hours and my data is out of date. I checked the network tab and the request returns a 502 error. I'm on an iPhone 14 on iOS 17 with app version 4.3.0. Regards.,low,Technical,61.8,0
How do I use custom reports?,Could you give me some information about what's included in each plan? This is annoying and is slowing down my work. Thanks.,medium,General,4.1,0
Application keeps crashing,"Hi, The app crashes every time I try to upload a file larger than 10MB. Unfortunately this is causing problems for me. Thanks.",urgent,Technical,11.8,0
Want my money back,"Please process a refund for order #98012, I never used the service after paying. Your team has always been really helpful, thanks in advance! Thank you.",low,Billing,24.0,0
Update my username,"Hello, How can I change the email address on my account profile? Thanks so much, I appreciate the quick help. Thank you.",medium,Account,7.0,0
Duplicate payment this month,"Hi, I was billed twice for my Premium plan this month, two charges of $49.00 on my credit card. Thank you.",urgent,Billing,5.6,0
Tracking stuck,"Hi there, The carrier website says the tracking number doesn't exist. The server logs show a timeout on the API endpoint. I restarted and reinstalled everything, nothing works. Thank you.",medium,Shipping,45.9,1
App crashes on startup,"Hello, The mobile app freezes and then crashes when I open the reports section. Thank you.",urgent,Technical,17.2,0
Tracking number not updating,"Hi there, The tracking number for order #55321 hasn't updated in 3 days. I restarted and reinstalled everything, nothing works. This is the third time I've contacted you about this. This is completely unacceptable! I will cancel my subscription and switch to a competitor. Thank you.",urgent,Shipping,19.9,0
Application keeps crashing,"Good morning, The mobile app freezes and then crashes when I open the reports section. I checked the network tab and the request returns a 502 error. Also, I was charged an extra fee on my last invoice.",medium,Technical,35.1,1
Partnership inquiry,"Hi, What are your support hours on weekends? The server logs show a timeout on the API endpoint. This is quite frustrating.",low,General,7.1,0
Need a return label,"Hi there, I need to change the shipping address for order #30055 before it's dispatched. I already tried logging out and back in, and I cleared the cache. This is quite frustrating. Looking forward to your reply.",medium,Shipping,37.0,0
Unknown debit on my statement,I see a payment to you I don't recognise. I did not approve this transaction. It keeps happening again and again for weeks now. Honestly this is ridiculous and a total waste of my time. I will be leaving a review on social media about this. Thanks.,high,Billing,13.3,1
Need a return label,Can you send me a return label so I can send the item back? Please help.,low,Shipping,14.1,0
Webhook failures,The Slack integration stopped posting notifications yesterday. The server logs show a timeout on the API endpoint.,medium,Technical,30.4,0
Server error when saving,"I get a 500 internal server error whenever I open the dashboard. I already tried logging out and back in, and I cleared the cache.",low,Technical,45.2,0
Delete my account,"How do I permanently delete my account? Additionally, I had a question about your support hours. Thanks so much, I appreciate the quick help. Looking forward to your reply.",medium,Account,6.8,0
Crash when uploading files,"Hello team, Since the latest update the application crashes right after the splash screen. Our SSL certificate and DNS configuration look correct. Also, I was charged an extra fee on my last invoice. This is annoying and is slowing down my work. Thanks.",high,Technical,29.7,0
Invoice amount is wrong,"My latest invoice includes fees I don't recognise. Can you explain the charges? This is the third time I've contacted you about this. I'm a bit disappointed, to be honest. Thanks.",low,Billing,26.5,0
Locked out of my account,"My account got locked after a few failed login attempts. I restarted and reinstalled everything, nothing works. I already tried logging out and back in, and I cleared the cache. Please help.",medium,Account,11.4,0
Unknown debit on my statement,"Hi, Money was taken from my bank account without my permission, $12.50 on yesterday. Thanks so much, I appreciate the quick help. Thanks.",medium,Billing,9.5,0
Update delivery address,"Hello, Please update my delivery address, I've moved. Looking forward to your reply.",low,Shipping,24.6,0
Package has not arrived,"Hello, My order #61209 was supposed to arrive 12 days ago and it's still not here. I restarted and reinstalled everything, nothing works. I reached out last week and got no response. This is completely unacceptable! I will be leaving a review on social media about this. Regards.",medium,Shipping,30.8,0
Suggestion for improvement,"Hi, I wanted to share some feedback on the new design, it looks cleaner. This is the third time I've contacted you about this. I reached out last week and got no response. This is annoying and is slowing down my work.",low,General,10.1,0
Card keeps getting declined,"Hello team, The subscription renewal failed and now I can't pay the outstanding balance. I'm a bit disappointed, to be honest.",high,Billing,12.1,0
Money taken without permission,"Hi, I see a payment to you I don't recognise. I did not approve this transaction.",medium,Billing,9.8,0
Invoice does not match my plan,"Hello team, The receipt lists the Premium plan but I'm on a cheaper plan. Overall I'm very happy with the service. Please help.",low,Billing,18.7,0
Cannot reset my password,"The password reset email never arrives in my inbox. Your team has always been really helpful, thanks in advance!",medium,Account,7.9,0
Update delivery address,"Please update my delivery address, I've moved. I checked the network tab and the request returns a 502 error. Looking forward to your reply.",low,Shipping,51.6,0
Incorrect invoice,"My latest invoice includes fees I don't recognise. Can you explain the charges? I restarted and reinstalled everything, nothing works. Unfortunately this is causing problems for me. Looking forward to your reply.",urgent,Billing,9.3,1
Package has not arrived,My order #10482 was supposed to arrive 10 days ago and it's still not here. Regards.,medium,Shipping,17.6,0
Business hours inquiry,"Hi there, Do you offer a student discount or nonprofit pricing? Unfortunately this is causing problems for me. Regards.",low,General,9.2,0
How do I use single sign-on?,"Hello team, How do I get started with calendar sync? I couldn't find it in the help center. I have followed the steps in your help article multiple times and it still happens. I already tried logging out and back in, and I cleared the cache. I'm a bit disappointed, to be honest. Please help.",low,General,12.7,0
App crashes on startup,"Hi there, The app crashes every time I try to upload a file larger than 10MB. Our SSL certificate and DNS configuration look correct. I checked the network tab and the request returns a 502 error. Your team has always been really helpful, thanks in advance!",medium,Technical,45.4,0
Does the product support custom reports?,"Good morning, Could you give me some information about what's included in each plan? Your team has always been really helpful, thanks in advance!",low,General,4.7,0
Unknown debit on my statement,I see a payment to you I don't recognise. I did not approve this transaction. I'm furious. Your product is useless right now. I'm considering legal action. Regards.,medium,Billing,14.3,1
No tracking information,"Good morning, Tracking has shown 'in transit' at the same warehouse for a week.",medium,Shipping,16.5,1
Money taken without permission,"Good morning, There is a $12.50 debit from your company on my account that I never authorized. The server logs show a timeout on the API endpoint. Regards.",medium,Billing,10.9,0
App crashes on startup,"Good morning, Since the latest update the application crashes right after the splash screen. The server logs show a timeout on the API endpoint. Our SSL certificate and DNS configuration look correct. It keeps happening again and again for weeks now. I have followed the steps in your help article multiple times and it still happens. Additionally, I had a question about your support hours. This is annoying and is slowing down my work. Please help.",urgent,Technical,40.2,1
Update my username,"How can I change the email address on my account profile? Thanks so much, I appreciate the quick help. Regards.",low,Account,11.2,0
Question about features,"Hi there, I'm wondering whether your product supports single sign-on. I already tried logging out and back in, and I cleared the cache. This is annoying and is slowing down my work. Thank you.",medium,General,6.8,0
Requesting a refund for order #30055,I cancelled within the trial period but was still charged $99.00. I would like a refund. I love your product and it's been great so far. Thanks.,low,Billing,17.3,0
Duplicate payment this month,"Hi, You took the subscription payment two times. Please refund the duplicate charge.",low,Billing,14.2,0
Question about pricing and discounts,"Good morning, I want to cancel my subscription at the end of the billing period, will I be charged again? This is the third time I've contacted you about this. I restarted and reinstalled everything, nothing works. This is quite frustrating. Please help.",medium,Billing,13.9,0
Need a return label,"Please update my delivery address, I've moved. Our SSL certificate and DNS configuration look correct. Thank you.",high,Shipping,15.2,0
Incorrect invoice,"My latest invoice includes fees I don't recognise. Can you explain the charges? Your team has always been really helpful, thanks in advance! Looking forward to your reply.",low,Billing,9.9,0
Export to CSV not working,"Hello, Exporting my data to CSV produces an empty file. It keeps happening again and again for weeks now. This is the third time I've contacted you about this. Looking forward to your reply.",medium,Technical,35.3,0
Account suspended,My account was suspended without any notice and I can't log in. I have followed the steps in your help article multiple times and it still happens. I reached out last week and got no response.,medium,Account,11.8,1
Crash when uploading files,"Hi there, The mobile app freezes and then crashes when I open the reports section. I'm on macOS Sonoma with app version 5.0.2. The server logs show a timeout on the API endpoint. On top of that, I can't log in to my account on the mobile app. Please help.",low,Technical,87.3,0
App crashes on startup,"Hello, The app crashes every time I try to upload a file larger than 10MB. The server logs show a timeout on the API endpoint. Our SSL certificate and DNS configuration look correct. I already tried logging out and back in, and I cleared the cache. Also, I was charged an extra fee on my last invoice. Your team has always been really helpful, thanks in advance!",low,Technical,136.1,0
Forgot password,"Hi, The password reset email never arrives in my inbox. Thanks so much, I appreciate the quick help. Regards.",medium,Account,5.2,0
Forgot password,"Good morning, I forgot my password and the reset form says my email is not recognised. Our SSL certificate and DNS configuration look correct. I have followed the steps in your help article multiple times and it still happens. I already tried logging out and back in, and I cleared the cache. Thank you.",low,Account,17.2,0
Want my money back,"Hi, I cancelled within the trial period but was still charged $99.00. I would like a refund. The server logs show a timeout on the API endpoint. Additionally, the app shows an error when I try to export data. Looking forward to your reply.",medium,Billing,21.4,0
No tracking information,"Good morning, The tracking number for order #30055 hasn't updated in 3 days. This is the third time I've contacted you about this. I reached out last week and got no response. Your team has always been really helpful, thanks in advance! Regards.",urgent,Shipping,12.4,0
Payment declined,"Good morning, The subscription renewal failed and now I can't pay the outstanding balance.",high,Billing,10.3,0
Unauthorized charge,"Hello team, Money was taken from my bank account without my permission, $249.00 on yesterday. Our SSL certificate and DNS configuration look correct. Please help.",urgent,Billing,9.4,0
Integration not working,"Hi, Webhooks are failing with a timeout and our integration is broken. The browser console shows an exception with code ERR_CONN_RESET. Please help.",medium,Technical,28.1,0
Received damaged item,"My order arrived with a cracked screen, the box was crushed by the courier. I love your product and it's been great so far. Looking forward to your reply.",medium,Shipping,12.4,0
Change email address,How can I change the email address on my account profile? Please help.,high,Account,3.4,0
Application keeps crashing,"Since the latest update the application crashes right after the splash screen. Our SSL certificate and DNS configuration look correct. I already tried logging out and back in, and I cleared the cache. It keeps happening again and again for weeks now. This is annoying and is slowing down my work. Looking forward to your reply.",high,Technical,22.4,0
Error 500 on dashboard,"Hello team, I get a 500 internal server error whenever I open the dashboard. The browser console shows an exception with code E1042. I love your product and it's been great so far. Regards.",medium,Technical,27.5,0
Wrong item delivered,"Hi there, The item delivered doesn't match what I ordered in order #55321. I already tried logging out and back in, and I cleared the cache. Regards.",low,Shipping,34.5,0
Question about features,"Hi there, I'm wondering whether your product supports single sign-on. This is quite frustrating. Regards.",medium,General,4.7,0
Account suspended,"Hi there, My account was suspended without any notice and I can't log in. I checked the network tab and the request returns a 502 error. Regards.",medium,Account,7.8,0
Business hours inquiry,"Hello team, What are your support hours on weekends? I'm a bit disappointed, to be honest. Thanks.",low,General,6.4,1
Sync is broken,"Hi there, The sync has been stuck on 'pending' for hours and my data is out of date. The server logs show a timeout on the API endpoint. I checked the network tab and the request returns a 502 error.",medium,Technical,28.5,0
No tracking information,"Good morning, The tracking number for order #55321 hasn't updated in 10 days.",medium,Shipping,12.6,0
Business hours inquiry,"Hi, Do you offer a student discount or nonprofit pricing? Looking forward to your reply.",medium,General,3.7,0
Duplicate payment this month,"Good morning, I was billed twice for my Premium plan this month, two charges of $249.00 on my credit card. I checked the network tab and the request returns a 502 error. Additionally, the app shows an error when I try to export data. Thank you.",urgent,Billing,12.1,0
Cancel subscription billing,"Hello, If I upgrade to the Pro plan mid-cycle, how will the billing be prorated? I reached out last week and got no response. I have followed the steps in your help article multiple times and it still happens. Unfortunately this is causing problems for me. Thanks.",high,Billing,13.4,0
Item arrived broken,The parcel arrived damaged and the item inside is broken. Regards.,low,Shipping,20.5,0
Pages take forever to load,"The website has been extremely slow, pages take over a minute to load. I checked the network tab and the request returns a 502 error. I reached out last week and got no response. Unfortunately this is causing problems for me.",high,Technical,62.5,0
Application keeps crashing,"Good morning, The app crashes every time I try to upload a file larger than 10MB. Regards.",high,Technical,15.0,0
Cannot reset my password,"Good morning, When I click the reset link it says the token is invalid or expired.",high,Account,4.7,1
API requests timing out,"Hello, Webhooks are failing with a timeout and our integration is broken. The server logs show a timeout on the API endpoint. Also, I was charged an extra fee on my last invoice. This is annoying and is slowing down my work. Regards.",medium,Technical,39.4,1
Server error when saving,"Hello team, The page shows error code E1042 and nothing loads. It keeps happening again and again for weeks now. This is completely unacceptable! I want to speak to a manager immediately. Thanks.",medium,Technical,36.4,1
Server error when saving,"Hello, I get a 500 internal server error whenever I open the dashboard. Also, I was charged an extra fee on my last invoice. Thanks.",medium,Technical,36.2,0
Changes not saving,"Hello team, Changes I make on my laptop don't sync to my phone anymore. I checked the network tab and the request returns a 502 error. This is annoying and is slowing down my work. Please help.",medium,Technical,30.7,0
Incorrect invoice,My latest invoice includes fees I don't recognise. Can you explain the charges? It keeps happening again and again for weeks now. This is the third time I've contacted you about this.,medium,Billing,15.6,0
No tracking information,"The tracking number for order #30055 hasn't updated in 10 days. I have followed the steps in your help article multiple times and it still happens. I already tried logging out and back in, and I cleared the cache. I am extremely frustrated and angry about this. Please escalate this to a supervisor.",high,Shipping,15.0,1
Update my username,"Good morning, How can I change the email address on my account profile?",urgent,Account,3.4,0
Business hours inquiry,"Do you offer a student discount or nonprofit pricing? Your team has always been really helpful, thanks in advance! Regards.",medium,General,3.7,0
Payment declined,"Hello team, I tried to update my credit card details but the payment page rejects the card. Honestly this is ridiculous and a total waste of my time. I will cancel my subscription and switch to a competitor. Thank you.",high,Billing,16.7,1
Website very slow,"Hello, Exporting my data to CSV produces an empty file. I checked the network tab and the request returns a 502 error. This is quite frustrating. Regards.",medium,Technical,32.4,1
Wrong item delivered,"Hello, The package contained someone else's order. I checked the network tab and the request returns a 502 error. Regards.",medium,Shipping,18.8,0
Duplicate payment this month,"I was billed twice for my Team plan this month, two charges of $8.99 on my credit card. Unfortunately this is causing problems for me. Thank you.",high,Billing,8.7,0
Locked out of my account,"Hi, I'm locked out and can't sign in to access my projects. This is the worst service I've ever experienced!! Please escalate this to a supervisor.",urgent,Account,5.0,1
Double charge on my card,"Good morning, I was billed twice for my Enterprise plan this month, two charges of $49.00 on my credit card. Looking forward to your reply.",urgent,Billing,4.5,0
Cannot update payment method,"Good morning, My payment keeps getting declined even though the card works everywhere else. Regards.",low,Billing,21.3,0
Getting error messages,"The page shows error code 502 and nothing loads. Our SSL certificate and DNS configuration look correct. I reached out last week and got no response. Also, I was charged an extra fee on my last invoice. Thank you.",medium,Technical,57.0,1
Requesting a refund for order #77310,"Hi, Please process a refund for order #30055, I never used the service after paying. It keeps happening again and again for weeks now. Unfortunately this is causing problems for me. Looking forward to your reply.",medium,Billing,9.7,0
Two-factor code not received,"Hello team, The verification code is always rejected as invalid. Please help.",medium,Account,6.1,0
Incorrect invoice,"Good morning, The invoice for last Monday shows $249.00 but my plan should cost less. I reached out last week and got no response. It keeps happening again and again for weeks now. Unfortunately this is causing problems for me. Thank you.",high,Billing,12.5,0
Package was damaged,"Good morning, Half of the items in the package were damaged during delivery. Additionally, I had a question about your support hours.",high,Shipping,16.6,0
Unknown debit on my statement,"Money was taken from my bank account without my permission, $19.99 on June 1st. Honestly this is ridiculous and a total waste of my time. Thank you.",urgent,Billing,9.4,1
Package has not arrived,"Hi there, My order #30055 was supposed to arrive 12 days ago and it's still not here. This is the third time I've contacted you about this. Unfortunately this is causing problems for me. Please help.",low,Shipping,53.4,1
Money taken without permission,There is a $19.99 debit from your company on my account that I never authorized. I'm furious. Your product is useless right now. I'm considering legal action. Thank you.,medium,Billing,7.9,0
Where is my order?,"Hello, My order #77310 was supposed to arrive 5 days ago and it's still not here. On top of that, I can't log in to my account on the mobile app. Looking forward to your reply.",low,Shipping,45.2,0
Delete my account,Please delete my account and all associated data. Honestly this is ridiculous and a total waste of my time. I want to speak to a manager immediately. Regards.,low,Account,11.6,0
Sync is broken,"The sync has been stuck on 'pending' for hours and my data is out of date. The server logs show a timeout on the API endpoint. This is the third time I've contacted you about this. I have followed the steps in your help article multiple times and it still happens. Also, my last package arrived late and the tracking never updated. This is quite frustrating.",urgent,Technical,50.2,1
API requests timing out,"Good morning, Webhooks are failing with a timeout and our integration is broken. I love your product and it's been great so far.",medium,Technical,33.1,0
Double charge on my card,"Good morning, My bank statement shows the same $249.00 transaction twice on yesterday. Please help.",urgent,Billing,5.4,0
Change shipping address,"Please update my delivery address, I've moved. It keeps happening again and again for weeks now. Regards.",low,Shipping,54.5,0
Order #55321 not delivered,"Hi there, The package was marked as shipped but never arrived. Thanks.",medium,Shipping,21.9,0
Update delivery address,"Hello team, I need to change the shipping address for order #10482 before it's dispatched. Additionally, I had a question about your support hours. This is completely unacceptable! I will cancel my subscription and switch to a competitor.",low,Shipping,42.4,0
Password reset link not working,"Good morning, I forgot my password and the reset form says my email is not recognised. This is quite frustrating. Please help.",medium,Account,9.9,0
Export to CSV not working,"Hello team, The website has been extremely slow, pages take over a minute to load. The browser console shows an exception with code E1042. Additionally, I had a question about your support hours. I am extremely frustrated and angry about this. Looking forward to your reply.",high,Technical,53.8,1
Cannot update payment method,"Hi there, My payment keeps getting declined even though the card works everywhere else. I have followed the steps in your help article multiple times and it still happens. I restarted and reinstalled everything, nothing works. I'm a bit disappointed, to be honest. Regards.",medium,Billing,21.7,0
Question about features,"Good morning, I'm wondering whether your product supports calendar sync. Unfortunately this is causing problems for me. Thanks.",medium,General,3.9,0
Data not syncing between devices,"Edits made by my team are not showing up, looks like sync failed. I'm on a Pixel 8 on Android 14 with app version 4.3.0. The browser console shows an exception with code 502.",medium,Technical,53.9,1
Delete my account,"Hello team, I would like to deactivate my profile and close the account. This is the third time I've contacted you about this. Additionally, I had a question about your support hours. Regards.",low,Account,16.9,0
Export to CSV not working,"Hi there, Exporting my data to CSV produces an empty file. Regards.",medium,Technical,17.2,0
Account suspended,I'm locked out and can't sign in to access my projects. This is annoying and is slowing down my work.,urgent,Account,2.1,0
API requests timing out,"Hello, Our API calls to the orders endpoint keep timing out after 30 seconds. Thank you.",medium,Technical,24.2,0
Change shipping address,I need to change the shipping address for order #10482 before it's dispatched. Thank you.,medium,Shipping,18.5,0
Add a team member,"Hi there, How can I change the email address on my account profile? Thank you.",medium,Account,4.7,0
Lost my authenticator,"Good morning, The verification code is always rejected as invalid. Overall I'm very happy with the service. Looking forward to your reply.",medium,Account,5.7,0
Double charge on my card,"Hi, I was billed twice for my Business plan this month, two charges of $99.00 on my credit card. Additionally, the app shows an error when I try to export data. Please help.",medium,Billing,15.9,1
Getting error messages,"Hi there, The page shows error code E1042 and nothing loads. The browser console shows an exception with code ERR_CONN_RESET. Thank you.",low,Technical,42.7,0
Incorrect item in package,"Hi, The package contained someone else's order. The browser console shows an exception with code 502. Also, I was charged an extra fee on my last invoice. Looking forward to your reply.",urgent,Shipping,21.1,1
Item arrived broken,"Good morning, My order arrived with a cracked screen, the box was crushed by the courier. Regards.",medium,Shipping,15.6,0
Integration not working,"Good morning, Webhooks are failing with a timeout and our integration is broken. I'm on a Pixel 8 on Android 14 with app version 4.2.1. The server logs show a timeout on the API endpoint. Thank you.",low,Technical,53.5,0
Getting error messages,"Hi, I get a 500 internal server error whenever I open the dashboard. I'm on Chrome 126 with app version 4.2.1.",medium,Technical,21.3,0
Website very slow,"Hi there, Exporting my data to CSV produces an empty file. It keeps happening again and again for weeks now. I have followed the steps in your help article multiple times and it still happens. Regards.",medium,Technical,22.7,0
Does the product support offline mode?,"Hello team, I'm wondering whether your product supports calendar sync. I restarted and reinstalled everything, nothing works. Also, I was charged an extra fee on my last invoice. This is annoying and is slowing down my work. Looking forward to your reply.",low,General,9.0,0
Refund request,"Hi, I requested a refund two weeks ago for $249.00 and have not received it. I'm a bit disappointed, to be honest.",high,Billing,9.4,0
Export to CSV not working,Exporting my data to CSV produces an empty file. The server logs show a timeout on the API endpoint. Please help.,medium,Technical,21.3,0
Change email address,"Hello, I want to add a new team member to my account with admin permissions. Thank you.",medium,Account,3.5,0
Deactivate profile,"Hi, I would like to deactivate my profile and close the account. This is the third time I've contacted you about this. I restarted and reinstalled everything, nothing works. Thanks so much, I appreciate the quick help. Regards.",urgent,Account,5.6,0
Money taken without permission,"Hi, Money was taken from my bank account without my permission, $12.50 on yesterday. I am extremely frustrated and angry about this. I'm considering legal action. Looking forward to your reply.",high,Billing,8.7,1
2FA problem,"Hi, I got a new phone and lost my authenticator app, now I can't pass 2FA. Unfortunately this is causing problems for me. Thank you.",high,Account,4.5,0
Does the product support offline mode?,"Could you give me some information about what's included in each plan? On top of that, I can't log in to my account on the mobile app.",low,General,4.7,0
Double charge on my card,"Hello, I was billed twice for my Enterprise plan this month, two charges of $49.00 on my credit card. I have followed the steps in your help article multiple times and it still happens. Unfortunately this is causing problems for me. Thanks.",urgent,Billing,7.7,1
Question about features,"How do I get started with single sign-on? I couldn't find it in the help center. Additionally, the app shows an error when I try to export data. Unfortunately this is causing problems for me.",medium,General,6.5,0
Does the product support calendar sync?,"How do I get started with calendar sync? I couldn't find it in the help center. The browser console shows an exception with code 403. Also, my last package arrived late and the tracking never updated. Please help.",medium,General,7.6,0
Tracking stuck,"Hello team, The tracking number for order #10482 hasn't updated in 5 days. Unfortunately this is causing problems for me. Please help.",medium,Shipping,24.8,0
Duplicate payment this month,"Hi, My bank statement shows the same $19.99 transaction twice on June 1st. I reached out last week and got no response. Looking forward to your reply.",low,Billing,21.6,0
API requests timing out,"Hello team, Webhooks are failing with a timeout and our integration is broken. I checked the network tab and the request returns a 502 error. The browser console shows an exception with code ERR_CONN_RESET. Overall I'm very happy with the service. Please help.",medium,Technical,26.8,0
Getting error messages,"Hello, Saving a project fails with the message 'unexpected error, please try again'. The server logs show a timeout on the API endpoint. Regards.",low,Technical,58.1,0
Update delivery address,"Good morning, Can you send me a return label so I can send the item back? This is the worst service I've ever experienced!! I'm considering legal action. Please help.",urgent,Shipping,6.2,0
Server error when saving,"Hello, Saving a project fails with the message 'unexpected error, please try again'. I checked the network tab and the request returns a 502 error. I'm on a Pixel 8 on Android 14 with app version 3.9.8. Regards.",medium,Technical,56.1,0
Need a return label,"Hello, I need to change the shipping address for order #55321 before it's dispatched. The server logs show a timeout on the API endpoint. Regards.",medium,Shipping,20.1,0
Password reset link not working,"Good morning, I forgot my password and the reset form says my email is not recognised. Thank you.",urgent,Account,3.9,0
Getting error messages,"Hi there, Saving a project fails with the message 'unexpected error, please try again'. Our SSL certificate and DNS configuration look correct. I checked the network tab and the request returns a 502 error. Looking forward to your reply.",low,Technical,31.1,0
Forgot password,"Hello, When I click the reset link it says the token is invalid or expired. This is annoying and is slowing down my work. Regards.",high,Account,5.2,0
2FA problem,"Hi, I'm not receiving the two-factor verification code by SMS. Please help.",high,Account,4.2,0
Locked out of my account,"My account got locked after a few failed login attempts. Your team has always been really helpful, thanks in advance! Thanks.",urgent,Account,1.9,0
Want my money back,"I requested a refund two weeks ago for $99.00 and have not received it. I'm a bit disappointed, to be honest.",urgent,Billing,7.9,0
Pages take forever to load,"The search feature is not working, it just keeps loading. Also, I was charged an extra fee on my last invoice. Thank you.",medium,Technical,26.9,0
Server error when saving,"Good morning, Saving a project fails with the message 'unexpected error, please try again'. Overall I'm very happy with the service. Looking forward to your reply.",low,Technical,49.6,0
Tracking number not updating,"Hi there, The carrier website says the tracking number doesn't exist. Please help.",medium,Shipping,17.1,0
Locked out of my account,"Good morning, My account got locked after a few failed login attempts. Please help.",medium,Account,5.3,1
Changes not saving,"Hi, Changes I make on my laptop don't sync to my phone anymore. The server logs show a timeout on the API endpoint. This is the third time I've contacted you about this. Please help.",high,Technical,28.3,1
Update my username,"How can I change the email address on my account profile? Also, my last package arrived late and the tracking never updated. Regards.",high,Account,10.1,0
Money taken without permission,"Hi, There is a $12.50 debit from your company on my account that I never authorized. Thank you.",low,Billing,13.5,0
Incorrect item in package,"Hi there, The package contained someone else's order. On top of that, I can't log in to my account on the mobile app. Thank you.",low,Shipping,37.2,0
Update my username,"Hi, I need to update my username and profile details. This is the third time I've contacted you about this. I restarted and reinstalled everything, nothing works. Honestly this is ridiculous and a total waste of my time. Looking forward to your reply.",urgent,Account,5.9,0
Cannot update payment method,"Hello, The subscription renewal failed and now I can't pay the outstanding balance. Honestly this is ridiculous and a total waste of my time. I want to speak to a manager immediately.",urgent,Billing,5.4,0
App crashes on startup,"Hi there, The app crashes every time I try to upload a file larger than 10MB. I checked the network tab and the request returns a 502 error. The browser console shows an exception with code 403.",high,Technical,24.8,0
Requesting a refund for order #98012,I cancelled within the trial period but was still charged $99.00. I would like a refund.,low,Billing,12.0,0
Delete my account,"Hello team, Please delete my account and all associated data. Please help.",medium,Account,6.2,0
Two-factor code not received,"Hello team, I got a new phone and lost my authenticator app, now I can't pass 2FA. It keeps happening again and again for weeks now. I'm a bit disappointed, to be honest.",medium,Account,11.7,0
Question about features,"Hello team, How do I get started with bulk export? I couldn't find it in the help center. Your team has always been really helpful, thanks in advance! Looking forward to your reply.",medium,General,3.7,0
Export to CSV not working,"Hello team, Exporting my data to CSV produces an empty file. Looking forward to your reply.",high,Technical,15.9,0
Changes not saving,"Hi, The sync has been stuck on 'pending' for hours and my data is out of date. Our SSL certificate and DNS configuration look correct. I checked the network tab and the request returns a 502 error. It keeps happening again and again for weeks now. I reached out last week and got no response. Thanks so much, I appreciate the quick help. Regards.",medium,Technical,47.6,0
Server error when saving,"Hi, I get a 500 internal server error whenever I open the dashboard. Our SSL certificate and DNS configuration look correct. I checked the network tab and the request returns a 502 error. This is completely unacceptable! Please help.",high,Technical,26.3,1
Does the product support offline mode?,"Good morning, I'm wondering whether your product supports calendar sync. I'm a bit disappointed, to be honest.",low,General,5.1,0
Student discount?,"Hello team, Do you offer a student discount or nonprofit pricing? Overall I'm very happy with the service. Please help.",high,General,2.4,0
Webhook failures,"Hello, Webhooks are failing with a timeout and our integration is broken. I'm on a Pixel 8 on Android 14 with app version 5.0.2. This is quite frustrating. Looking forward to your reply.",low,Technical,45.0,1
Pages take forever to load,"The search feature is not working, it just keeps loading. Our SSL certificate and DNS configuration look correct. I already tried logging out and back in, and I cleared the cache. This is the third time I've contacted you about this.",low,Technical,76.5,1
Double charge on my card,My bank statement shows the same $99.00 transaction twice on last Monday.,medium,Billing,13.8,0
API requests timing out,"Good morning, The Slack integration stopped posting notifications yesterday. Overall I'm very happy with the service. Regards.",medium,Technical,25.2,0
Unknown debit on my statement,"Hi, There is a $249.00 debit from your company on my account that I never authorized. The server logs show a timeout on the API endpoint. Thanks so much, I appreciate the quick help. Looking forward to your reply.",medium,Billing,11.7,0
Card keeps getting declined,"Hi there, The subscription renewal failed and now I can't pay the outstanding balance. Regards.",medium,Billing,8.9,0
Website very slow,"Good morning, The search feature is not working, it just keeps loading. Our SSL certificate and DNS configuration look correct. Please help.",urgent,Technical,14.8,0
Two-factor code not received,"Hello, I got a new phone and lost my authenticator app, now I can't pass 2FA. Thank you.",medium,Account,12.0,0
Order #61209 not delivered,"Hi there, My order #98012 was supposed to arrive 7 days ago and it's still not here. I love your product and it's been great so far. Please help.",low,Shipping,13.6,0
Question about pricing and discounts,"Hello, I want to cancel my subscription at the end of the billing period, will I be charged again? Unfortunately this is causing problems for me. Thanks.",medium,Billing,13.9,1
Export to CSV not working,"Good morning, Exporting my data to CSV produces an empty file. I'm on Chrome 126 with app version 4.2.1. This is the third time I've contacted you about this. Unfortunately this is causing problems for me. Regards.",medium,Technical,49.1,0
Refund request,"Please process a refund for order #61209, I never used the service after paying.",medium,Billing,9.9,0
Upgrade billing question,"Hello team, Is there a discount coupon for annual billing? I want to switch from monthly payment. This is the worst service I've ever experienced!! I will cancel my subscription and switch to a competitor. Looking forward to your reply.",urgent,Billing,5.0,0
Unknown debit on my statement,"Hello, There is a $8.99 debit from your company on my account that I never authorized. This is the third time I've contacted you about this. I already tried logging out and back in, and I cleared the cache. This is quite frustrating.",urgent,Billing,15.3,1
Change email address,"Hello, I need to update my username and profile details. The server logs show a timeout on the API endpoint. Please help.",low,Account,9.0,0
Tracking stuck,"Good morning, Tracking has shown 'in transit' at the same warehouse for a week. Also, I was charged an extra fee on my last invoice. Looking forward to your reply.",low,Shipping,40.0,0
Unknown debit on my statement,"Hi there, There is a $8.99 debit from your company on my account that I never authorized. It keeps happening again and again for weeks now. I reached out last week and got no response. Please help.",urgent,Billing,15.7,0
Close my account,How do I permanently delete my account? This is the worst service I've ever experienced!! I'm considering legal action. Thank you.,high,Account,7.0,1
Add a team member,"Hello team, How can I change the email address on my account profile? This is annoying and is slowing down my work.",high,Account,6.8,0
Error 500 on dashboard,"Saving a project fails with the message 'unexpected error, please try again'. Honestly this is ridiculous and a total waste of my time. I want to speak to a manager immediately. Thank you.",medium,Technical,16.1,1
Incorrect item in package,The item delivered doesn't match what I ordered in order #77310. Thank you.,medium,Shipping,21.4,0
Requesting a refund for order #61209,"Please process a refund for order #55321, I never used the service after paying. The browser console shows an exception with code 502. Unfortunately this is causing problems for me. Looking forward to your reply.",urgent,Billing,6.8,0
Payment declined,"Good morning, The subscription renewal failed and now I can't pay the outstanding balance. Thank you.",medium,Billing,7.8,0
Getting error messages,"Hi there, The page shows error code ERR_CONN_RESET and nothing loads. I reached out last week and got no response. I already tried logging out and back in, and I cleared the cache. Unfortunately this is causing problems for me. Regards.",medium,Technical,44.8,0
Change email address,"Hello team, I want to add a new team member to my account with admin permissions. I have followed the steps in your help article multiple times and it still happens. I restarted and reinstalled everything, nothing works. Honestly this is ridiculous and a total waste of my time. I will cancel my subscription and switch to a competitor. Looking forward to your reply.",medium,Account,14.6,1
Pages take forever to load,"Hello, The website has been extremely slow, pages take over a minute to load. I'm on macOS Sonoma with app version 4.3.0.",medium,Technical,27.3,0
Money taken without permission,I see a payment to you I don't recognise. I did not approve this transaction. I reached out last week and got no response. I have followed the steps in your help article multiple times and it still happens. This is the worst service I've ever experienced!! I'm considering legal action. Thanks.,medium,Billing,27.9,1
Password reset link not working,I forgot my password and the reset form says my email is not recognised. This is the third time I've contacted you about this.,low,Account,18.6,0
Data not syncing between devices,"Edits made by my team are not showing up, looks like sync failed. The browser console shows an exception with code E1042. I reached out last week and got no response. I restarted and reinstalled everything, nothing works. I am extremely frustrated and angry about this. I will be leaving a review on social media about this.",low,Technical,56.2,1
Feedback on the new design,"Hi, A suggestion: it would be nice to have a dark mode. Thank you.",medium,General,5.2,0
Card keeps getting declined,"Hello, I tried to update my credit card details but the payment page rejects the card. The server logs show a timeout on the API endpoint. Thank you.",medium,Billing,11.7,0
Double charge on my card,"I was billed twice for my Premium plan this month, two charges of $249.00 on my credit card. The server logs show a timeout on the API endpoint. This is completely unacceptable! If this isn't fixed I will dispute the charge with my bank. Thanks.",medium,Billing,20.4,1
Error 500 on dashboard,"I get a 500 internal server error whenever I open the dashboard. I restarted and reinstalled everything, nothing works. I reached out last week and got no response. Please help.",medium,Technical,62.0,0
Where is my order?,"Hi there, The package was marked as shipped but never arrived. Thanks.",medium,Shipping,14.5,0
Wrong item delivered,"Hello, I received the wrong item, I ordered a blue one and got a red one. I checked the network tab and the request returns a 502 error. I already tried logging out and back in, and I cleared the cache. I'm furious. Your product is useless right now. I will be leaving a review on social media about this. Please help.",medium,Shipping,40.7,1
Payment declined,"Hello, I tried to update my credit card details but the payment page rejects the card. I restarted and reinstalled everything, nothing works. This is completely unacceptable! Thanks.",high,Billing,18.4,1
Forgot password,When I click the reset link it says the token is invalid or expired. This is quite frustrating. Thank you.,medium,Account,5.3,0
Unauthorized charge,"Hi, I see a payment to you I don't recognise. I did not approve this transaction.",low,Billing,14.5,0
Requesting a refund for order #55321,"Hello team, I cancelled within the trial period but was still charged $8.99. I would like a refund. I checked the network tab and the request returns a 502 error. This is the third time I've contacted you about this. On top of that, I can't log in to my account on the mobile app. Honestly this is ridiculous and a total waste of my time. Please help.",medium,Billing,37.4,1
Error 500 on dashboard,"Hello team, Saving a project fails with the message 'unexpected error, please try again'. Thank you.",low,Technical,30.7,0
Requesting a refund for order #55321,"Hi, Please process a refund for order #30055, I never used the service after paying. Regards.",high,Billing,7.2,0
Account locked,"Good morning, My account was suspended without any notice and I can't log in. The server logs show a timeout on the API endpoint. Thank you.",low,Account,11.8,0
Wrong item delivered,"I received the wrong item, I ordered a blue one and got a red one. It keeps happening again and again for weeks now. I already tried logging out and back in, and I cleared the cache. This is quite frustrating. Thank you.",high,Shipping,18.3,1
Tracking number not updating,"Hi there, The tracking number for order #30055 hasn't updated in 3 days. The server logs show a timeout on the API endpoint. I have followed the steps in your help article multiple times and it still happens. This is annoying and is slowing down my work.",high,Shipping,39.8,1
Account suspended,"Hi there, My account got locked after a few failed login attempts. Also, I was charged an extra fee on my last invoice. Thanks.",medium,Account,12.2,0
Application keeps crashing,"Hello team, The mobile app freezes and then crashes when I open the reports section. This is the third time I've contacted you about this. Your team has always been really helpful, thanks in advance! Please help.",medium,Technical,38.7,0
Money taken without permission,"Good morning, Money was taken from my bank account without my permission, $99.00 on yesterday. It keeps happening again and again for weeks now. Unfortunately this is causing problems for me. Looking forward to your reply.",high,Billing,12.8,1
Feature request,"A suggestion: it would be nice to have a dark mode. The browser console shows an exception with code 502. I'm a bit disappointed, to be honest. Regards.",medium,General,8.0,0
How do I use calendar sync?,"Good morning, Could you give me some information about what's included in each plan? I restarted and reinstalled everything, nothing works. I'm a bit disappointed, to be honest. Thanks.",medium,General,7.3,0
Where is my order?,"Good morning, My order #77310 was supposed to arrive 7 days ago and it's still not here. I have followed the steps in your help article multiple times and it still happens. Your team has always been really helpful, thanks in advance! Regards.",high,Shipping,21.5,1
Where is my order?,"Hi there, My order #98012 was supposed to arrive 10 days ago and it's still not here. Looking forward to your reply.",medium,Shipping,15.2,0
Requesting a refund for order #77310,"Hi there, I requested a refund two weeks ago for $12.50 and have not received it. I am extremely frustrated and angry about this.",urgent,Billing,7.2,0
Sync is broken,"Hello team, Changes I make on my laptop don't sync to my phone anymore. The server logs show a timeout on the API endpoint. It keeps happening again and again for weeks now. This is completely unacceptable!",urgent,Technical,30.2,1
How do I use offline mode?,"Good morning, How do I get started with custom reports? I couldn't find it in the help center. The browser console shows an exception with code 502. I reached out last week and got no response. This is the third time I've contacted you about this.",low,General,11.0,1
Cannot reset my password,The password reset email never arrives in my inbox. Our SSL certificate and DNS configuration look correct.,medium,Account,7.9,0
App crashes on startup,"Hello, The mobile app freezes and then crashes when I open the reports section. This is the third time I've contacted you about this. I reached out last week and got no response. This is the worst service I've ever experienced!! Regards.",high,Technical,30.4,0
Need a return label,"Hi, Can you send me a return label so I can send the item back? I restarted and reinstalled everything, nothing works. I already tried logging out and back in, and I cleared the cache. On top of that, I can't log in to my account on the mobile app. This is the worst service I've ever experienced!! I will cancel my subscription and switch to a competitor. Thanks.",medium,Shipping,30.9,1
Student discount?,"Hello team, Do you offer a student discount or nonprofit pricing? I already tried logging out and back in, and I cleared the cache. I'm a bit disappointed, to be honest. Thank you.",medium,General,8.2,1
Need a return label,"Hello, I need to change the shipping address for order #10482 before it's dispatched. The server logs show a timeout on the API endpoint. Unfortunately this is causing problems for me. Please help.",medium,Shipping,29.6,0
Package was damaged,"The parcel arrived damaged and the item inside is broken. The browser console shows an exception with code 502. Also, I was charged an extra fee on my last invoice. I'm a bit disappointed, to be honest. Thank you.",high,Shipping,25.3,0
Incorrect invoice,The invoice for yesterday shows $249.00 but my plan should cost less. This is the third time I've contacted you about this.,low,Billing,32.7,1
No tracking information,"Hi there, The carrier website says the tracking number doesn't exist. Looking forward to your reply.",medium,Shipping,13.6,0
Payment declined,My payment keeps getting declined even though the card works everywhere else. Overall I'm very happy with the service. Thanks.,medium,Billing,7.7,0
Refund request,"Hello team, I cancelled within the trial period but was still charged $49.00. I would like a refund. Please help.",medium,Billing,12.1,0
Lost my authenticator,"Hi, The verification code is always rejected as invalid. Thank you.",low,Account,12.3,0
Package has not arrived,"Good morning, I ordered 10 days ago and still have no delivery. This is the worst service I've ever experienced!! Please escalate this to a supervisor. Looking forward to your reply.",high,Shipping,9.2,1
Refund request,"Good morning, Please process a refund for order #77310, I never used the service after paying. I'm a bit disappointed, to be honest. Please help.",high,Billing,10.7,1
Change shipping address,"Hello team, Can you send me a return label so I can send the item back? I'm a bit disappointed, to be honest. Looking forward to your reply.",medium,Shipping,15.8,1
Where is my order?,I ordered 7 days ago and still have no delivery. I have followed the steps in your help article multiple times and it still happens. This is quite frustrating. Please help.,urgent,Shipping,18.6,1
Package has not arrived,"Hi, My order #61209 was supposed to arrive 7 days ago and it's still not here. Additionally, the app shows an error when I try to export data. Thank you.",low,Shipping,35.6,0
Changes not saving,"Hello, The sync has been stuck on 'pending' for hours and my data is out of date. The browser console shows an exception with code E1042. Our SSL certificate and DNS configuration look correct. Looking forward to your reply.",high,Technical,46.2,0
Question about features,"Hello, I'm wondering whether your product supports calendar sync. Unfortunately this is causing problems for me. Thank you.",low,General,4.2,0
Where is my order?,The package was marked as shipped but never arrived. Thank you.,low,Shipping,24.3,0
Data not syncing between devices,"Hi, Edits made by my team are not showing up, looks like sync failed. I checked the network tab and the request returns a 502 error. The browser console shows an exception with code 403. I love your product and it's been great so far. Regards.",high,Technical,22.6,0
Want my money back,"Hi there, Please process a refund for order #77310, I never used the service after paying. Overall I'm very happy with the service. Thanks.",high,Billing,7.1,0
Change email address,"I need to update my username and profile details. This is the third time I've contacted you about this. I have followed the steps in your help article multiple times and it still happens. Also, my last package arrived late and the tracking never updated. Thank you.",high,Account,9.2,0
How do I use calendar sync?,How do I get started with custom reports? I couldn't find it in the help center. Thank you.,low,General,6.1,0
API requests timing out,Webhooks are failing with a timeout and our integration is broken. I'm on a Pixel 8 on Android 14 with app version 3.9.8. The server logs show a timeout on the API endpoint. Honestly this is ridiculous and a total waste of my time. I want to speak to a manager immediately. Thanks.,medium,Technical,48.5,1
Does the product support calendar sync?,Could you give me some information about what's included in each plan? Our SSL certificate and DNS configuration look correct. Please help.,high,General,2.9,0
Upgrade billing question,"Hello team, If I upgrade to the Business plan mid-cycle, how will the billing be prorated? Regards.",low,Billing,21.8,0
Student discount?,"Hi there, What are your support hours on weekends? This is annoying and is slowing down my work. Please help.",low,General,5.3,0
Duplicate payment this month,My bank statement shows the same $99.00 transaction twice on the 15th. Thank you.,medium,Billing,9.8,0
Requesting a refund for order #98012,"Good morning, I cancelled within the trial period but was still charged $12.50. I would like a refund. Please help.",low,Billing,17.2,0
Incorrect invoice,"Hi, The invoice for yesterday shows $49.00 but my plan should cost less. I'm furious. Your product is useless right now. Please escalate this to a supervisor. Looking forward to your reply.",urgent,Billing,8.5,0
Sync is broken,"Hi there, The sync has been stuck on 'pending' for hours and my data is out of date. The browser console shows an exception with code 502. On top of that, I can't log in to my account on the mobile app. Unfortunately this is causing problems for me.",medium,Technical,27.7,0
Integration not working,"Good morning, The Slack integration stopped posting notifications yesterday. The server logs show a timeout on the API endpoint. The browser console shows an exception with code E1042. Unfortunately this is causing problems for me. Thank you.",medium,Technical,43.0,0
Update delivery address,"Good morning, Please update my delivery address, I've moved. Thanks.",medium,Shipping,15.5,0
Export to CSV not working,Exporting my data to CSV produces an empty file. Our SSL certificate and DNS configuration look correct. Please help.,high,Technical,21.5,1
Suggestion for improvement,"Hello team, I wanted to share some feedback on the new design, it looks cleaner. It keeps happening again and again for weeks now. Regards.",medium,General,11.5,0
Unknown debit on my statement,"Hi, I see a payment to you I don't recognise. I did not approve this transaction. I love your product and it's been great so far.",high,Billing,8.3,0
Webhook failures,"Our API calls to the orders endpoint keep timing out after 30 seconds. Our SSL certificate and DNS configuration look correct. This is the third time I've contacted you about this. I already tried logging out and back in, and I cleared the cache. I am extremely frustrated and angry about this. Thanks.",high,Technical,38.9,1
How do I use bulk export?,"Hi, How do I get started with custom reports? I couldn't find it in the help center. This is quite frustrating. Regards.",low,General,11.6,0
Changes not saving,"Hi there, Edits made by my team are not showing up, looks like sync failed. I'm on Windows 11 with app version 3.9.8. I checked the network tab and the request returns a 502 error. This is the third time I've contacted you about this. On top of that, I can't log in to my account on the mobile app. Thanks.",high,Technical,66.4,1
Locked out of my account,"Hi, My account was suspended without any notice and I can't log in. I restarted and reinstalled everything, nothing works.",medium,Account,8.9,0
Export to CSV not working,"Good morning, The search feature is not working, it just keeps loading. The browser console shows an exception with code 0x80070005. Our SSL certificate and DNS configuration look correct.",medium,Technical,53.4,0
Cancel subscription billing,"If I upgrade to the Business plan mid-cycle, how will the billing be prorated? Thanks.",medium,Billing,10.9,0
Crash when uploading files,"Hi there, Since the latest update the application crashes right after the splash screen. I restarted and reinstalled everything, nothing works. This is the third time I've contacted you about this. This is the worst service I've ever experienced!! If this isn't fixed I will dispute the charge with my bank. Please help.",high,Technical,40.4,0
Order #98012 not delivered,"Good morning, I ordered 7 days ago and still have no delivery. I have followed the steps in your help article multiple times and it still happens. I'm a bit disappointed, to be honest. Looking forward to your reply.",medium,Shipping,37.3,0
Order #30055 not delivered,"Hi there, I ordered 10 days ago and still have no delivery. Additionally, I had a question about your support hours. Thank you.",medium,Shipping,22.1,0
Integration not working,"Hi there, Our API calls to the orders endpoint keep timing out after 30 seconds. Our SSL certificate and DNS configuration look correct. Thank you.",medium,Technical,32.9,0
Forgot password,"Hi there, The password reset email never arrives in my inbox. Your team has always been really helpful, thanks in advance! Please help.",medium,Account,5.9,0
Feature request,A suggestion: it would be nice to have a dark mode. This is annoying and is slowing down my work. Thank you.,medium,General,5.4,0
Close my account,"Hi there, Please delete my account and all associated data. Additionally, I had a question about your support hours. Thank you.",medium,Account,15.2,0
API requests timing out,Webhooks are failing with a timeout and our integration is broken. The server logs show a timeout on the API endpoint. I love your product and it's been great so far. Looking forward to your reply.,low,Technical,31.9,0
Export to CSV not working,"Good morning, Exporting my data to CSV produces an empty file. I checked the network tab and the request returns a 502 error. Regards.",medium,Technical,19.1,0
Partnership inquiry,"Hi, We're interested in a partnership with your company, who should we contact? I reached out last week and got no response. I already tried logging out and back in, and I cleared the cache. This is quite frustrating. Thanks.",low,General,14.9,0
Deactivate profile,"Hi, Please delete my account and all associated data. Your team has always been really helpful, thanks in advance! Thank you.",medium,Account,7.5,0
2FA problem,"Good morning, I got a new phone and lost my authenticator app, now I can't pass 2FA. The browser console shows an exception with code 502. Regards.",medium,Account,7.6,0
Question about features,Could you give me some information about what's included in each plan? I checked the network tab and the request returns a 502 error. Please help.,medium,General,6.3,0
Website very slow,"Hi, Exporting my data to CSV produces an empty file. This is quite frustrating. Thanks.",high,Technical,23.1,0
Webhook failures,"Good morning, Webhooks are failing with a timeout and our integration is broken. I checked the network tab and the request returns a 502 error. On top of that, I can't log in to my account on the mobile app. Thanks.",medium,Technical,38.5,0
Want my money back,"Hello team, I cancelled within the trial period but was still charged $19.99. I would like a refund. Additionally, the app shows an error when I try to export data. Please help.",medium,Billing,14.3,0
Close my account,"Hello, How do I permanently delete my account?",medium,Account,5.0,0
Application keeps crashing,"Good morning, The mobile app freezes and then crashes when I open the reports section. The server logs show a timeout on the API endpoint. I'm on a Pixel 8 on Android 14 with app version 4.3.0. This is quite frustrating. Thank you.",medium,Technical,31.7,1
Card keeps getting declined,"I tried to update my credit card details but the payment page rejects the card. The server logs show a timeout on the API endpoint. I already tried logging out and back in, and I cleared the cache. I reached out last week and got no response. Unfortunately this is causing problems for me.",medium,Billing,22.7,0
Locked out of my account,"Hi there, I'm locked out and can't sign in to access my projects. I'm a bit disappointed, to be honest. Looking forward to your reply.",urgent,Account,4.2,1
2FA problem,"Hello team, I'm not receiving the two-factor verification code by SMS. Thanks.",medium,Account,6.9,0
Cancel subscription billing,"Hi, If I upgrade to the Team plan mid-cycle, how will the billing be prorated? I already tried logging out and back in, and I cleared the cache. I restarted and reinstalled everything, nothing works. I'm a bit disappointed, to be honest. Looking forward to your reply.",low,Billing,27.4,0
Feedback on the new design,"Hi there, It would be great if you added single sign-on in a future release. Additionally, the app shows an error when I try to export data. Please help.",low,General,12.8,0
Close my account,"Hello, I would like to deactivate my profile and close the account. The server logs show a timeout on the API endpoint. I love your product and it's been great so far.",medium,Account,9.3,0
Feature request,"Hi there, A suggestion: it would be nice to have a dark mode. I already tried logging out and back in, and I cleared the cache. Unfortunately this is causing problems for me. Please help.",low,General,10.4,0
Changes not saving,Changes I make on my laptop don't sync to my phone anymore. I'm on Chrome 126 with app version 4.3.0. This is quite frustrating.,medium,Technical,28.8,0
Change shipping address,"Good morning, Please update my delivery address, I've moved. I already tried logging out and back in, and I cleared the cache. I have followed the steps in your help article multiple times and it still happens. Additionally, I had a question about your support hours. I'm furious. Your product is useless right now. Looking forward to your reply.",high,Shipping,52.4,0
Integration not working,"Hi there, The Slack integration stopped posting notifications yesterday. Looking forward to your reply.",low,Technical,25.8,0
No tracking information,"Hi there, The tracking number for order #61209 hasn't updated in 10 days. Additionally, I had a question about your support hours. Looking forward to your reply.",high,Shipping,18.7,0
Upgrade billing question,"Hi there, Is there a discount coupon for annual billing? I want to switch from monthly payment. Regards.",low,Billing,20.6,0
Getting error messages,The page shows error code 502 and nothing loads. I checked the network tab and the request returns a 502 error. It keeps happening again and again for weeks now. This is the worst service I've ever experienced!!,high,Technical,25.1,0
Cannot update payment method,I tried to update my credit card details but the payment page rejects the card. I love your product and it's been great so far. Thanks.,medium,Billing,9.1,0
Changes not saving,"Good morning, Changes I make on my laptop don't sync to my phone anymore. The server logs show a timeout on the API endpoint. The browser console shows an exception with code 0x80070005. Thanks.",medium,Technical,45.9,0
Unknown debit on my statement,"Hello, I see a payment to you I don't recognise. I did not approve this transaction. On top of that, I can't log in to my account on the mobile app. Please help.",high,Billing,10.2,0
Lost my authenticator,"Hi, I got a new phone and lost my authenticator app, now I can't pass 2FA.",low,Account,6.7,0
Change email address,"Hi, How can I change the email address on my account profile? This is the third time I've contacted you about this. I'm a bit disappointed, to be honest.",medium,Account,13.3,0
Double charge on my card,You took the subscription payment two times. Please refund the duplicate charge. Overall I'm very happy with the service.,medium,Billing,9.4,0
Changes not saving,"Hi, Changes I make on my laptop don't sync to my phone anymore. This is the third time I've contacted you about this. Also, my last package arrived late and the tracking never updated. I'm a bit disappointed, to be honest. Please help.",low,Technical,86.6,1
Locked out of my account,"Hi there, My account was suspended without any notice and I can't log in. This is quite frustrating. Looking forward to your reply.",high,Account,6.2,1
Money taken without permission,"Hi there, I see a payment to you I don't recognise. I did not approve this transaction. Regards.",medium,Billing,17.1,0
Item arrived broken,"Hi, Half of the items in the package were damaged during delivery. Looking forward to your reply.",high,Shipping,12.5,1
Invoice amount is wrong,"Good morning, My latest invoice includes fees I don't recognise. Can you explain the charges? I already tried logging out and back in, and I cleared the cache. I am extremely frustrated and angry about this. Please escalate this to a supervisor. Regards.",medium,Billing,18.8,0
Does the product support calendar sync?,"Hi, How do I get started with bulk export? I couldn't find it in the help center. Thanks.",medium,General,5.6,0
Changes not saving,"Hello, Edits made by my team are not showing up, looks like sync failed. This is the third time I've contacted you about this. I am extremely frustrated and angry about this. Thank you.",low,Technical,50.0,1
Two-factor code not received,The verification code is always rejected as invalid.,low,Account,8.2,0
API requests timing out,"The Slack integration stopped posting notifications yesterday. The browser console shows an exception with code 0x80070005. Also, I was charged an extra fee on my last invoice. Overall I'm very happy with the service. Please help.",medium,Technical,24.6,0
Requesting a refund for order #77310,I requested a refund two weeks ago for $49.00 and have not received it. Regards.,low,Billing,13.2,0
Invoice does not match my plan,The invoice for last Monday shows $12.50 but my plan should cost less. Overall I'm very happy with the service. Looking forward to your reply.,low,Billing,13.8,0
Integration not working,Our API calls to the orders endpoint keep timing out after 30 seconds. I'm on a Pixel 8 on Android 14 with app version 3.9.8. The browser console shows an exception with code 502.,high,Technical,25.3,0
Want my money back,"Hello, I requested a refund two weeks ago for $49.00 and have not received it.",medium,Billing,9.5,0
Unauthorized charge,"Money was taken from my bank account without my permission, $99.00 on last Monday. Additionally, the app shows an error when I try to export data. Unfortunately this is causing problems for me.",medium,Billing,15.0,0
Need a return label,"Hi there, Can you send me a return label so I can send the item back?",low,Shipping,32.7,0
Received damaged item,"Hello, My order arrived with a cracked screen, the box was crushed by the courier. Our SSL certificate and DNS configuration look correct. Regards.",medium,Shipping,34.6,0
Double charge on my card,You took the subscription payment two times. Please refund the duplicate charge. Looking forward to your reply.,low,Billing,17.0,0
Getting error messages,"Hi, The page shows error code 502 and nothing loads. I love your product and it's been great so far. Please help.",medium,Technical,27.3,0
Error 500 on dashboard,"Hello team, The page shows error code E1042 and nothing loads. Thank you.",medium,Technical,18.1,0
Deactivate profile,"Hello team, Please delete my account and all associated data. It keeps happening again and again for weeks now. I reached out last week and got no response. Regards.",medium,Account,6.3,0
Add a team member,"Hello team, I need to update my username and profile details. Honestly this is ridiculous and a total waste of my time. I will cancel my subscription and switch to a competitor. Looking forward to your reply.",high,Account,6.6,1
Where is my order?,I ordered 3 days ago and still have no delivery. Thank you.,high,Shipping,11.9,0
Need a return label,"Hi there, I need to change the shipping address for order #55321 before it's dispatched. Thanks.",low,Shipping,29.8,0
Received damaged item,"Half of the items in the package were damaged during delivery. Additionally, the app shows an error when I try to export data. I'm a bit disappointed, to be honest.",high,Shipping,22.2,0
Payment declined,"Hello, The subscription renewal failed and now I can't pay the outstanding balance. Additionally, the app shows an error when I try to export data. This is quite frustrating. Looking forward to your reply.",low,Billing,26.0,1
Incorrect invoice,"Hi, The receipt lists the Team plan but I'm on a cheaper plan. Also, my last package arrived late and the tracking never updated. Your team has always been really helpful, thanks in advance!",medium,Billing,19.1,0
Double charge on my card,"Hi there, My bank statement shows the same $12.50 transaction twice on June 1st. I already tried logging out and back in, and I cleared the cache. I reached out last week and got no response. Also, my last package arrived late and the tracking never updated. I am extremely frustrated and angry about this. Thanks.",medium,Billing,21.3,1
Want my money back,"Hi, Please process a refund for order #30055, I never used the service after paying. Also, my last package arrived late and the tracking never updated. This is quite frustrating.",low,Billing,28.8,0
Payment declined,"Hi, I tried to update my credit card details but the payment page rejects the card. Thanks.",low,Billing,10.1,0
Does the product support bulk export?,"Good morning, How do I get started with single sign-on? I couldn't find it in the help center. I'm on macOS Sonoma with app version 3.9.8. Please help.",low,General,9.5,0
Password reset link not working,"Hello, I forgot my password and the reset form says my email is not recognised. Honestly this is ridiculous and a total waste of my time. I want to speak to a manager immediately. Thank you.",high,Account,4.7,0
Cancel subscription billing,"Hi, I want to cancel my subscription at the end of the billing period, will I be charged again? The browser console shows an exception with code ERR_CONN_RESET. This is quite frustrating.",medium,Billing,20.7,0
Integration not working,"Hello, The Slack integration stopped posting notifications yesterday. The server logs show a timeout on the API endpoint. Our SSL certificate and DNS configuration look correct. I have followed the steps in your help article multiple times and it still happens. I reached out last week and got no response. On top of that, I can't log in to my account on the mobile app. I'm a bit disappointed, to be honest. Thank you.",medium,Technical,43.1,1
Integration not working,"Good morning, Webhooks are failing with a timeout and our integration is broken. The server logs show a timeout on the API endpoint. I already tried logging out and back in, and I cleared the cache.",high,Technical,19.0,1
Pages take forever to load,"Hi, The search feature is not working, it just keeps loading. The browser console shows an exception with code 502. I'm on Chrome 126 with app version 4.3.0. Regards.",low,Technical,49.3,0
Item arrived broken,"Hi there, The parcel arrived damaged and the item inside is broken. I have followed the steps in your help article multiple times and it still happens. I reached out last week and got no response. I'm a bit disappointed, to be honest.",urgent,Shipping,21.4,0
Application keeps crashing,"Hi, Since the latest update the application crashes right after the splash screen. I checked the network tab and the request returns a 502 error. I'm on Windows 11 with app version 4.3.0. Unfortunately this is causing problems for me. Regards.",urgent,Technical,20.9,0
App crashes on startup,"Hello, The mobile app freezes and then crashes when I open the reports section. Regards.",high,Technical,14.9,0
2FA problem,"Hello, I'm not receiving the two-factor verification code by SMS. Please help.",low,Account,8.8,0
Question about features,"I'm wondering whether your product supports calendar sync. Additionally, the app shows an error when I try to export data. This is annoying and is slowing down my work. Thank you.",medium,General,7.2,0
Partnership inquiry,Do you offer a student discount or nonprofit pricing? This is quite frustrating. Regards.,medium,General,2.3,0
Package has not arrived,"Hello team, The package was marked as shipped but never arrived. Additionally, I had a question about your support hours.",high,Shipping,34.0,1
Close my account,"Hello, I would like to deactivate my profile and close the account. Thank you.",high,Account,3.8,0
Received damaged item,"Hello team, My order arrived with a cracked screen, the box was crushed by the courier. Additionally, I had a question about your support hours.",medium,Shipping,33.3,0
Deactivate profile,"Hi there, How do I permanently delete my account? Thank you.",medium,Account,8.8,0
Payment declined,"Hi there, My payment keeps getting declined even though the card works everywhere else. Please help.",low,Billing,14.9,0
Data not syncing between devices,"Hello, The sync has been stuck on 'pending' for hours and my data is out of date. I checked the network tab and the request returns a 502 error. The server logs show a timeout on the API endpoint. This is the third time I've contacted you about this. I have followed the steps in your help article multiple times and it still happens. Also, I was charged an extra fee on my last invoice. Unfortunately this is causing problems for me. Thanks.",medium,Technical,74.8,1
Crash when uploading files,"Hi, The mobile app freezes and then crashes when I open the reports section. I'm on Chrome 126 with app version 5.0.2. This is annoying and is slowing down my work. Thanks.",high,Technical,26.7,1
Account suspended,My account got locked after a few failed login attempts. Thank you.,medium,Account,5.5,0
Delete my account,"Good morning, How do I permanently delete my account? The browser console shows an exception with code E1042. This is quite frustrating. Regards.",medium,Account,8.3,0
Unknown debit on my statement,"Hi there, I see a payment to you I don't recognise. I did not approve this transaction. It keeps happening again and again for weeks now. This is the third time I've contacted you about this. Thanks.",high,Billing,15.1,0
Double charge on my card,You took the subscription payment two times. Please refund the duplicate charge. The browser console shows an exception with code 0x80070005. This is annoying and is slowing down my work. Thank you.,medium,Billing,10.9,0
Change shipping address,"Please update my delivery address, I've moved. It keeps happening again and again for weeks now. I restarted and reinstalled everything, nothing works. I'm a bit disappointed, to be honest.",medium,Shipping,19.7,1
Add a team member,"Hi there, I need to update my username and profile details. It keeps happening again and again for weeks now. I restarted and reinstalled everything, nothing works. I love your product and it's been great so far. Thank you.",high,Account,9.1,0
Unauthorized charge,"Good morning, There is a $12.50 debit from your company on my account that I never authorized. I reached out last week and got no response. I have followed the steps in your help article multiple times and it still happens. Also, my last package arrived late and the tracking never updated. This is the worst service I've ever experienced!!",medium,Billing,22.6,1
Cannot update payment method,"Hello, I tried to update my credit card details but the payment page rejects the card. This is the third time I've contacted you about this. I already tried logging out and back in, and I cleared the cache.",low,Billing,16.8,0
App crashes on startup,"Hi there, The app crashes every time I try to upload a file larger than 10MB. I checked the network tab and the request returns a 502 error. Our SSL certificate and DNS configuration look correct. This is annoying and is slowing down my work. Looking forward to your reply.",high,Technical,36.7,1
Business hours inquiry,"Hi there, Do you offer a student discount or nonprofit pricing? I have followed the steps in your help article multiple times and it still happens. This is annoying and is slowing down my work. Looking forward to your reply.",medium,General,6.3,0
Website very slow,"Hello, The search feature is not working, it just keeps loading. I'm on an iPhone 14 on iOS 17 with app version 5.0.2. The browser console shows an exception with code ERR_CONN_RESET. Also, I was charged an extra fee on my last invoice. Looking forward to your reply.",medium,Technical,42.0,0
Cannot update payment method,"Hello team, The subscription renewal failed and now I can't pay the outstanding balance. This is annoying and is slowing down my work. Looking forward to your reply.",high,Billing,5.8,0
Unauthorized charge,"Hi there, Money was taken from my bank account without my permission, $249.00 on yesterday. I'm furious. Your product is useless right now. I want to speak to a manager immediately.",urgent,Billing,7.3,1
Partnership inquiry,"Hi, We're interested in a partnership with your company, who should we contact? The browser console shows an exception with code 502. Thank you.",medium,General,7.9,0
Where is my order?,"Hello team, The package was marked as shipped but never arrived. Unfortunately this is causing problems for me. Thanks.",low,Shipping,24.8,0
Changes not saving,"Hello, Edits made by my team are not showing up, looks like sync failed. It keeps happening again and again for weeks now. I have followed the steps in your help article multiple times and it still happens. Thank you.",high,Technical,24.2,0
Feedback on the new design,"Hi, It would be great if you added offline mode in a future release. Thank you.",low,General,5.7,0
Update delivery address,"Please update my delivery address, I've moved. On top of that, I can't log in to my account on the mobile app. Your team has always been really helpful, thanks in advance! Regards.",medium,Shipping,23.7,0
Error 500 on dashboard,"Hi, The page shows error code E1042 and nothing loads. Please help.",medium,Technical,26.5,0
Suggestion for improvement,A suggestion: it would be nice to have a dark mode. Regards.,low,General,5.2,0
Question about features,"Hello, I'm wondering whether your product supports calendar sync. Please help.",low,General,5.2,0
Unauthorized charge,There is a $12.50 debit from your company on my account that I never authorized. This is annoying and is slowing down my work. Please help.,urgent,Billing,6.7,1
Partnership inquiry,"Hi there, We're interested in a partnership with your company, who should we contact? I already tried logging out and back in, and I cleared the cache. This is quite frustrating.",medium,General,5.7,0
Change email address,"Hello team, I need to update my username and profile details. Thank you.",high,Account,7.4,0
Unknown debit on my statement,"Hello team, Money was taken from my bank account without my permission, $249.00 on the 15th. Additionally, the app shows an error when I try to export data. I love your product and it's been great so far. Please help.",medium,Billing,20.8,0
Question about pricing and discounts,"Good morning, I want to cancel my subscription at the end of the billing period, will I be charged again? Additionally, I had a question about your support hours.",medium,Billing,16.0,0
Question about features,"Hello team, I'm wondering whether your product supports custom reports. Unfortunately this is causing problems for me. Thank you.",medium,General,4.1,0
Refund request,"Please process a refund for order #98012, I never used the service after paying. I already tried logging out and back in, and I cleared the cache. Regards.",medium,Billing,21.6,0
Payment declined,My payment keeps getting declined even though the card works everywhere else. Looking forward to your reply.,high,Billing,7.8,0
Incorrect item in package,"Hello team, The package contained someone else's order. Thanks.",medium,Shipping,15.9,1
Integration not working,"Hello team, Our API calls to the orders endpoint keep timing out after 30 seconds. I'm on an iPhone 14 on iOS 17 with app version 4.2.1. Our SSL certificate and DNS configuration look correct.",medium,Technical,32.3,0
Payment declined,"Hi there, I tried to update my credit card details but the payment page rejects the card. I'm a bit disappointed, to be honest. Please help.",medium,Billing,10.4,0
App crashes on startup,"Hi, Since the latest update the application crashes right after the splash screen. Regards.",medium,Technical,28.0,0
Double charge on my card,"Hello, My bank statement shows the same $99.00 transaction twice on March 3rd. I already tried logging out and back in, and I cleared the cache. I'm furious. Your product is useless right now. If this isn't fixed I will dispute the charge with my bank. Looking forward to your reply.",high,Billing,18.9,0
Requesting a refund for order #77310,"Hello, Please process a refund for order #61209, I never used the service after paying. Our SSL certificate and DNS configuration look correct. Thanks.",low,Billing,24.6,0
How do I use custom reports?,"Hello team, How do I get started with single sign-on? I couldn't find it in the help center. It keeps happening again and again for weeks now. I already tried logging out and back in, and I cleared the cache. This is annoying and is slowing down my work.",low,General,15.6,0
Card keeps getting declined,"Hello, I tried to update my credit card details but the payment page rejects the card. I restarted and reinstalled everything, nothing works. Overall I'm very happy with the service. Regards.",high,Billing,19.7,0
Crash when uploading files,"Hello, The app crashes every time I try to upload a file larger than 10MB. This is the third time I've contacted you about this. Thanks.",low,Technical,40.3,0
Add a team member,"Hello, I want to add a new team member to my account with admin permissions. I have followed the steps in your help article multiple times and it still happens. I reached out last week and got no response. Your team has always been really helpful, thanks in advance! Thank you.",medium,Account,8.8,0
Update my username,"Hello, I want to add a new team member to my account with admin permissions. The browser console shows an exception with code E1042. Also, I was charged an extra fee on my last invoice. This is quite frustrating. Thank you.",medium,Account,19.2,0
Cannot update payment method,"The subscription renewal failed and now I can't pay the outstanding balance. I'm a bit disappointed, to be honest. Thank you.",high,Billing,9.6,0
Payment declined,"Hello, The subscription renewal failed and now I can't pay the outstanding balance. The server logs show a timeout on the API endpoint. This is quite frustrating. Please help.",high,Billing,10.9,1
Deactivate profile,"Hi there, Please delete my account and all associated data. I'm on Windows 11 with app version 5.0.2. I have followed the steps in your help article multiple times and it still happens. I already tried logging out and back in, and I cleared the cache. Unfortunately this is causing problems for me. Thanks.",medium,Account,10.0,0
Change shipping address,"Please update my delivery address, I've moved. Additionally, I had a question about your support hours. Unfortunately this is causing problems for me. Looking forward to your reply.",medium,Shipping,28.4,0
Double charge on my card,"Hi there, You took the subscription payment two times. Please refund the duplicate charge. Additionally, I had a question about your support hours. Please help.",high,Billing,11.4,0
Feedback on the new design,"I wanted to share some feedback on the new design, it looks cleaner. Please help.",medium,General,4.6,0
Data not syncing between devices,"Hello team, Changes I make on my laptop don't sync to my phone anymore. I checked the network tab and the request returns a 502 error.",high,Technical,18.2,0
Feedback on the new design,"Hi, A suggestion: it would be nice to have a dark mode. Also, my last package arrived late and the tracking never updated. Thank you.",medium,General,5.2,0
Website very slow,"Good morning, The website has been extremely slow, pages take over a minute to load. The browser console shows an exception with code E1042. The server logs show a timeout on the API endpoint. It keeps happening again and again for weeks now. This is the third time I've contacted you about this. This is quite frustrating. Thank you.",high,Technical,63.1,1
Unauthorized charge,"I see a payment to you I don't recognise. I did not approve this transaction. Additionally, I had a question about your support hours. Please help.",medium,Billing,15.2,0
Website very slow,"Hello, The search feature is not working, it just keeps loading. This is annoying and is slowing down my work. Thank you.",high,Technical,22.8,0
Money taken without permission,I see a payment to you I don't recognise. I did not approve this transaction. It keeps happening again and again for weeks now. This is annoying and is slowing down my work. Please help.,urgent,Billing,10.1,0
Integration not working,"Hi there, Webhooks are failing with a timeout and our integration is broken. The server logs show a timeout on the API endpoint. I'm on a Pixel 8 on Android 14 with app version 3.9.8. On top of that, I can't log in to my account on the mobile app. Thanks.",medium,Technical,48.1,0
Tracking number not updating,Tracking has shown 'in transit' at the same warehouse for a week. I'm furious. Your product is useless right now. I will cancel my subscription and switch to a competitor. Thanks.,medium,Shipping,25.7,0
Two-factor code not received,"Hello, I got a new phone and lost my authenticator app, now I can't pass 2FA. Your team has always been really helpful, thanks in advance! Please help.",medium,Account,5.8,0
Cannot update payment method,"Hello team, My payment keeps getting declined even though the card works everywhere else.",medium,Billing,8.8,0
Received damaged item,"The parcel arrived damaged and the item inside is broken. I checked the network tab and the request returns a 502 error. Also, I was charged an extra fee on my last invoice.",medium,Shipping,24.4,1
Update delivery address,"Hi, Can you send me a return label so I can send the item back? Our SSL certificate and DNS configuration look correct. Looking forward to your reply.",medium,Shipping,32.2,0
Add a team member,"Hello, I need to update my username and profile details. Thank you.",medium,Account,5.2,0
Application keeps crashing,The app crashes every time I try to upload a file larger than 10MB. I checked the network tab and the request returns a 502 error. I'm on Windows 11 with app version 4.3.0. Regards.,low,Technical,53.5,0
Integration not working,"Good morning, Our API calls to the orders endpoint keep timing out after 30 seconds. Also, I was charged an extra fee on my last invoice. Unfortunately this is causing problems for me.",medium,Technical,40.6,0
Pages take forever to load,"Hi there, The website has been extremely slow, pages take over a minute to load. Thanks.",medium,Technical,21.5,0
Want my money back,"Hello, Please process a refund for order #30055, I never used the service after paying. Thanks so much, I appreciate the quick help. Regards.",low,Billing,9.2,0
Feature request,"Hi there, I wanted to share some feedback on the new design, it looks cleaner. Regards.",low,General,9.9,0
Integration not working,"Good morning, The Slack integration stopped posting notifications yesterday. I'm on Windows 11 with app version 3.9.8. I checked the network tab and the request returns a 502 error. This is the third time I've contacted you about this. On top of that, I can't log in to my account on the mobile app. This is quite frustrating. Thank you.",high,Technical,48.4,1
Tracking number not updating,"The carrier website says the tracking number doesn't exist. I already tried logging out and back in, and I cleared the cache. I reached out last week and got no response. Thanks.",medium,Shipping,26.5,1
Where is my order?,"Hi there, My order #98012 was supposed to arrive 3 days ago and it's still not here.",low,Shipping,24.8,0
Integration not working,"The Slack integration stopped posting notifications yesterday. The server logs show a timeout on the API endpoint. I have followed the steps in your help article multiple times and it still happens. I already tried logging out and back in, and I cleared the cache. This is the worst service I've ever experienced!! Looking forward to your reply.",low,Technical,48.5,1
Student discount?,Do you offer a student discount or nonprofit pricing? This is quite frustrating.,low,General,6.4,0
App crashes on startup,"Good morning, Since the latest update the application crashes right after the splash screen. I checked the network tab and the request returns a 502 error. The server logs show a timeout on the API endpoint. Also, my last package arrived late and the tracking never updated. Regards.",high,Technical,44.4,0
Change shipping address,"Good morning, Can you send me a return label so I can send the item back? Thanks.",medium,Shipping,22.6,0
Question about pricing and discounts,"I want to cancel my subscription at the end of the billing period, will I be charged again? Our SSL certificate and DNS configuration look correct. This is quite frustrating. Looking forward to your reply.",medium,Billing,18.8,0
Account suspended,I'm locked out and can't sign in to access my projects. Unfortunately this is causing problems for me. Thank you.,medium,Account,6.4,0
Student discount?,"Hello team, What are your support hours on weekends? Our SSL certificate and DNS configuration look correct. Also, I was charged an extra fee on my last invoice.",low,General,13.5,0
Error 500 on dashboard,"I get a 500 internal server error whenever I open the dashboard. Our SSL certificate and DNS configuration look correct. Also, I was charged an extra fee on my last invoice. Thanks.",medium,Technical,40.4,0
Crash when uploading files,"Hi, The app crashes every time I try to upload a file larger than 10MB. I'm on Chrome 126 with app version 5.0.2. The browser console shows an exception with code 502. Looking forward to your reply.",high,Technical,17.0,0
Two-factor code not received,I'm not receiving the two-factor verification code by SMS. Thanks.,low,Account,8.9,0
Tracking stuck,"Hello team, The carrier website says the tracking number doesn't exist. Additionally, I had a question about your support hours.",medium,Shipping,24.5,0
Website very slow,"The website has been extremely slow, pages take over a minute to load. Please help.",low,Technical,32.6,0
Received damaged item,The parcel arrived damaged and the item inside is broken. Looking forward to your reply.,medium,Shipping,19.1,0
Cannot reset my password,"Good morning, I forgot my password and the reset form says my email is not recognised. Thanks.",high,Account,6.0,0
Incorrect invoice,"Hi, The invoice for March 3rd shows $49.00 but my plan should cost less. Overall I'm very happy with the service. Thanks.",medium,Billing,9.4,0
Delete my account,Please delete my account and all associated data. Overall I'm very happy with the service. Thank you.,medium,Account,5.3,0
Want my money back,I requested a refund two weeks ago for $19.99 and have not received it. The browser console shows an exception with code E1042. Looking forward to your reply.,urgent,Billing,8.9,1
How do I use custom reports?,"Hello team, I'm wondering whether your product supports bulk export. Looking forward to your reply.",medium,General,4.0,0
Package has not arrived,"Hi, The package was marked as shipped but never arrived. Regards.",medium,Shipping,12.0,0
Cannot reset my password,"Hello team, I forgot my password and the reset form says my email is not recognised. Also, my last package arrived late and the tracking never updated. I'm a bit disappointed, to be honest. Thanks.",urgent,Account,6.0,1
Double charge on my card,"Hi there, I was billed twice for my Team plan this month, two charges of $249.00 on my credit card. This is the third time I've contacted you about this. It keeps happening again and again for weeks now. Please help.",medium,Billing,16.1,0
Business hours inquiry,"Hello team, Do you offer a student discount or nonprofit pricing? I reached out last week and got no response. Also, my last package arrived late and the tracking never updated. This is quite frustrating. Looking forward to your reply.",low,General,12.6,0
Where is my order?,"Good morning, I ordered 10 days ago and still have no delivery. I already tried logging out and back in, and I cleared the cache. I love your product and it's been great so far. Thanks.",medium,Shipping,29.6,1
Requesting a refund for order #10482,"Hello team, I requested a refund two weeks ago for $19.99 and have not received it. The server logs show a timeout on the API endpoint. This is the third time I've contacted you about this. Additionally, I had a question about your support hours. Regards.",medium,Billing,29.1,1
Tracking stuck,"Hello, Tracking has shown 'in transit' at the same warehouse for a week. Thanks.",low,Shipping,18.0,0
Incorrect item in package,"Hello, The package contained someone else's order.",low,Shipping,32.8,1
Suggestion for improvement,"Good morning, It would be great if you added bulk export in a future release. Our SSL certificate and DNS configuration look correct. Thanks so much, I appreciate the quick help. Thanks.",low,General,9.9,0
Website very slow,"Hello, The website has been extremely slow, pages take over a minute to load. I'm on a Pixel 8 on Android 14 with app version 5.0.2. I checked the network tab and the request returns a 502 error.",medium,Technical,36.1,0
Student discount?,"Hello team, Do you offer a student discount or nonprofit pricing? Thanks.",low,General,5.1,0
Crash when uploading files,"Hello, The mobile app freezes and then crashes when I open the reports section. The browser console shows an exception with code 403. Overall I'm very happy with the service. Regards.",medium,Technical,32.9,0
2FA problem,"Good morning, The verification code is always rejected as invalid. I reached out last week and got no response. Additionally, the app shows an error when I try to export data. Please help.",medium,Account,15.5,1
Tracking number not updating,The carrier website says the tracking number doesn't exist. Looking forward to your reply.,medium,Shipping,14.0,0
Cannot update payment method,"Hello, My payment keeps getting declined even though the card works everywhere else. Additionally, the app shows an error when I try to export data. Thanks so much, I appreciate the quick help. Thank you.",medium,Billing,25.2,0
Getting error messages,"Hello, I get a 500 internal server error whenever I open the dashboard. It keeps happening again and again for weeks now. This is quite frustrating. Thank you.",medium,Technical,37.8,0
Partnership inquiry,"Hello, We're interested in a partnership with your company, who should we contact?",low,General,5.4,0
2FA problem,"I'm not receiving the two-factor verification code by SMS. The server logs show a timeout on the API endpoint. Also, I was charged an extra fee on my last invoice. Thanks.",medium,Account,15.0,0
Card keeps getting declined,"Hi, I tried to update my credit card details but the payment page rejects the card. On top of that, I can't log in to my account on the mobile app. Please help.",low,Billing,28.1,0
Requesting a refund for order #61209,I requested a refund two weeks ago for $12.50 and have not received it. Looking forward to your reply.,medium,Billing,9.8,0
Wrong item delivered,"Hi, The package contained someone else's order. Please help.",low,Shipping,20.4,0
Pages take forever to load,"Hi there, The search feature is not working, it just keeps loading. Our SSL certificate and DNS configuration look correct. The server logs show a timeout on the API endpoint. This is annoying and is slowing down my work. Please help.",low,Technical,74.6,1
Payment declined,"Hi, I tried to update my credit card details but the payment page rejects the card. Our SSL certificate and DNS configuration look correct.",low,Billing,16.8,0
Need a return label,"Hello, Can you send me a return label so I can send the item back? I'm on a Pixel 8 on Android 14 with app version 5.0.2.",high,Shipping,14.4,0
Server error when saving,"Hi, I get a 500 internal server error whenever I open the dashboard. I'm on an iPhone 14 on iOS 17 with app version 5.0.2. The browser console shows an exception with code 403. Also, my last package arrived late and the tracking never updated. This is quite frustrating. Regards.",medium,Technical,60.5,1
Upgrade billing question,"Hi there, Is there a discount coupon for annual billing? I want to switch from monthly payment. This is annoying and is slowing down my work. Regards.",urgent,Billing,6.1,1
Sync is broken,"Good morning, The sync has been stuck on 'pending' for hours and my data is out of date. The server logs show a timeout on the API endpoint. This is the third time I've contacted you about this. It keeps happening again and again for weeks now. This is completely unacceptable! If this isn't fixed I will dispute the charge with my bank. Thank you.",medium,Technical,49.8,1
Sync is broken,"Hi, The sync has been stuck on 'pending' for hours and my data is out of date. I checked the network tab and the request returns a 502 error. It keeps happening again and again for weeks now. I reached out last week and got no response. This is annoying and is slowing down my work. Thanks.",low,Technical,54.3,0
No tracking information,"Hello, The tracking number for order #61209 hasn't updated in 7 days. This is completely unacceptable! I will be leaving a review on social media about this. Looking forward to your reply.",medium,Shipping,13.3,0
Order #55321 not delivered,"Hi, My order #61209 was supposed to arrive 3 days ago and it's still not here. I checked the network tab and the request returns a 502 error. Regards.",medium,Shipping,25.9,0
Want my money back,"Hello, Please process a refund for order #30055, I never used the service after paying. This is quite frustrating. Please help.",high,Billing,10.3,1
Webhook failures,"Good morning, Webhooks are failing with a timeout and our integration is broken. Your team has always been really helpful, thanks in advance! Regards.",high,Technical,25.9,0
Suggestion for improvement,"Hello, It would be great if you added offline mode in a future release. The server logs show a timeout on the API endpoint.",medium,General,4.3,0
Delete my account,How do I permanently delete my account? This is the worst service I've ever experienced!! Looking forward to your reply.,urgent,Account,6.7,1
Account suspended,"Hello, I'm locked out and can't sign in to access my projects. I reached out last week and got no response. I already tried logging out and back in, and I cleared the cache. I am extremely frustrated and angry about this. I'm considering legal action. Regards.",medium,Account,8.4,1
Getting error messages,"Saving a project fails with the message 'unexpected error, please try again'. The server logs show a timeout on the API endpoint. I'm on Chrome 126 with app version 5.0.2. I have followed the steps in your help article multiple times and it still happens. I reached out last week and got no response. This is annoying and is slowing down my work. Looking forward to your reply.",high,Technical,39.1,1
Account suspended,"Hello, My account was suspended without any notice and I can't log in.",low,Account,5.9,0
API requests timing out,The Slack integration stopped posting notifications yesterday. Our SSL certificate and DNS configuration look correct. The server logs show a timeout on the API endpoint. Looking forward to your reply.,medium,Technical,29.5,0
Deactivate profile,"Hello team, Please delete my account and all associated data. Thanks so much, I appreciate the quick help. Thank you.",medium,Account,4.4,0
App crashes on startup,"Hi, Since the latest update the application crashes right after the splash screen. Our SSL certificate and DNS configuration look correct. Also, I was charged an extra fee on my last invoice. I am extremely frustrated and angry about this. I'm considering legal action. Regards.",medium,Technical,34.9,1
Forgot password,"Hi there, When I click the reset link it says the token is invalid or expired. The server logs show a timeout on the API endpoint. Additionally, the app shows an error when I try to export data. Unfortunately this is causing problems for me.",medium,Account,15.1,0
Item arrived broken,Half of the items in the package were damaged during delivery. Looking forward to your reply.,medium,Shipping,13.0,0
Student discount?,"What are your support hours on weekends? Your team has always been really helpful, thanks in advance! Please help.",medium,General,5.4,0
Integration not working,"Webhooks are failing with a timeout and our integration is broken. I checked the network tab and the request returns a 502 error. The browser console shows an exception with code 403. Thanks so much, I appreciate the quick help. Regards.",medium,Technical,54.8,0
Website very slow,"The website has been extremely slow, pages take over a minute to load. The server logs show a timeout on the API endpoint. I love your product and it's been great so far. Regards.",medium,Technical,41.2,1
Need a return label,"Hi, Can you send me a return label so I can send the item back? Thanks.",medium,Shipping,17.6,0
Data not syncing between devices,"Good morning, The sync has been stuck on 'pending' for hours and my data is out of date. This is completely unacceptable! Please help.",high,Technical,17.6,1
Double charge on my card,"Hello, You took the subscription payment two times. Please refund the duplicate charge. I love your product and it's been great so far. Please help.",urgent,Billing,3.9,0
Server error when saving,"Good morning, Saving a project fails with the message 'unexpected error, please try again'. I'm on a Pixel 8 on Android 14 with app version 5.0.2. The browser console shows an exception with code 403.",high,Technical,42.1,0
Forgot password,"Good morning, When I click the reset link it says the token is invalid or expired. I have followed the steps in your help article multiple times and it still happens. This is completely unacceptable! I'm considering legal action. Looking forward to your reply.",urgent,Account,6.3,1
Delete my account,"Hello team, How do I permanently delete my account? Looking forward to your reply.",high,Account,4.2,0
Wrong item delivered,"Hi there, I received the wrong item, I ordered a blue one and got a red one. Additionally, I had a question about your support hours. Thank you.",low,Shipping,35.0,0
Change email address,"Hi, I want to add a new team member to my account with admin permissions. Additionally, the app shows an error when I try to export data. I'm a bit disappointed, to be honest. Thank you.",medium,Account,12.8,1
Feedback on the new design,"I wanted to share some feedback on the new design, it looks cleaner. I restarted and reinstalled everything, nothing works. I have followed the steps in your help article multiple times and it still happens. This is annoying and is slowing down my work. Please help.",low,General,7.1,0
Need a return label,"Hello, Can you send me a return label so I can send the item back? It keeps happening again and again for weeks now. This is annoying and is slowing down my work. Looking forward to your reply.",high,Shipping,20.2,0
Requesting a refund for order #61209,"Hi, I requested a refund two weeks ago for $8.99 and have not received it. On top of that, I can't log in to my account on the mobile app. Thank you.",medium,Billing,17.3,1
Change email address,"How can I change the email address on my account profile? Your team has always been really helpful, thanks in advance! Thanks.",high,Account,3.6,0
Received someone else's order,"Hello, I received the wrong item, I ordered a blue one and got a red one. Thanks so much, I appreciate the quick help. Regards.",low,Shipping,21.8,0
Does the product support bulk export?,"Good morning, Could you give me some information about what's included in each plan? Regards.",low,General,6.1,0
Integration not working,"Hi, Our API calls to the orders endpoint keep timing out after 30 seconds. I checked the network tab and the request returns a 502 error. I already tried logging out and back in, and I cleared the cache. I'm a bit disappointed, to be honest. Regards.",medium,Technical,33.7,0
Feedback on the new design,"Hi there, I wanted to share some feedback on the new design, it looks cleaner. Looking forward to your reply.",medium,General,9.0,0
Package was damaged,The parcel arrived damaged and the item inside is broken. I'm furious. Your product is useless right now. If this isn't fixed I will dispute the charge with my bank. Thanks.,low,Shipping,18.0,1
Tracking number not updating,"Hello team, The tracking number for order #77310 hasn't updated in 12 days. I restarted and reinstalled everything, nothing works. I already tried logging out and back in, and I cleared the cache. Honestly this is ridiculous and a total waste of my time. I want to speak to a manager immediately.",medium,Shipping,37.5,1
Close my account,"How do I permanently delete my account? The browser console shows an exception with code E1042. I have followed the steps in your help article multiple times and it still happens. I restarted and reinstalled everything, nothing works. I'm a bit disappointed, to be honest. Thanks.",low,Account,28.2,1
Error 500 on dashboard,"Hi there, The page shows error code 502 and nothing loads. I checked the network tab and the request returns a 502 error. The server logs show a timeout on the API endpoint. I have followed the steps in your help article multiple times and it still happens. Looking forward to your reply.",medium,Technical,45.2,0
Invoice amount is wrong,"Good morning, My latest invoice includes fees I don't recognise. Can you explain the charges? Thanks so much, I appreciate the quick help.",medium,Billing,9.0,0
Cannot update payment method,"Hi there, I tried to update my credit card details but the payment page rejects the card. I checked the network tab and the request returns a 502 error. Looking forward to your reply.",medium,Billing,18.7,0
App crashes on startup,"Hello team, The app crashes every time I try to upload a file larger than 10MB. The server logs show a timeout on the API endpoint. I checked the network tab and the request returns a 502 error. It keeps happening again and again for weeks now. This is the third time I've contacted you about this. Honestly this is ridiculous and a total waste of my time. Regards.",medium,Technical,75.4,1
Where is my order?,"The package was marked as shipped but never arrived. I already tried logging out and back in, and I cleared the cache. It keeps happening again and again for weeks now. I love your product and it's been great so far. Please help.",low,Shipping,25.7,0
Does the product support offline mode?,"Hello team, I'm wondering whether your product supports offline mode. Unfortunately this is causing problems for me. Thank you.",low,General,3.2,0
Incorrect item in package,"Hello team, The item delivered doesn't match what I ordered in order #77310. Overall I'm very happy with the service. Thank you.",medium,Shipping,9.9,0
Package was damaged,"Hi there, Half of the items in the package were damaged during delivery. This is the third time I've contacted you about this. It keeps happening again and again for weeks now. This is quite frustrating. Looking forward to your reply.",high,Shipping,21.2,0
Tracking stuck,"Hello, The carrier website says the tracking number doesn't exist. This is the third time I've contacted you about this. I have followed the steps in your help article multiple times and it still happens. This is completely unacceptable!",urgent,Shipping,19.1,1
Received damaged item,"Hello team, My order arrived with a cracked screen, the box was crushed by the courier. I restarted and reinstalled everything, nothing works. This is annoying and is slowing down my work. Please help.",low,Shipping,70.1,0
Double charge on my card,"Hello, I was billed twice for my Premium plan this month, two charges of $249.00 on my credit card. Please help.",medium,Billing,11.7,0
Deactivate profile,"Hello team, I would like to deactivate my profile and close the account. I restarted and reinstalled everything, nothing works. I have followed the steps in your help article multiple times and it still happens. Thanks.",medium,Account,5.4,0
Partnership inquiry,"Hello, What are your support hours on weekends? On top of that, I can't log in to my account on the mobile app. Unfortunately this is causing problems for me. Regards.",low,General,12.8,0
Change email address,"Hello, I need to update my username and profile details. Looking forward to your reply.",low,Account,9.1,0
Suggestion for improvement,"I wanted to share some feedback on the new design, it looks cleaner. Thank you.",low,General,6.2,0
Data not syncing between devices,"Good morning, Changes I make on my laptop don't sync to my phone anymore. I'm on Windows 11 with app version 5.0.2. Our SSL certificate and DNS configuration look correct. Additionally, I had a question about your support hours. Regards.",medium,Technical,39.6,0
Webhook failures,"Hi there, The Slack integration stopped posting notifications yesterday. The server logs show a timeout on the API endpoint. This is the third time I've contacted you about this. I already tried logging out and back in, and I cleared the cache. This is quite frustrating. Thanks.",high,Technical,24.4,1
Money taken without permission,"I see a payment to you I don't recognise. I did not approve this transaction. Additionally, the app shows an error when I try to export data. Regards.",medium,Billing,12.8,0
Feature request,"Hi there, It would be great if you added custom reports in a future release. Overall I'm very happy with the service. Thank you.",medium,General,3.0,0
Upgrade billing question,"Hi, I want to cancel my subscription at the end of the billing period, will I be charged again? The browser console shows an exception with code E1042. Additionally, I had a question about your support hours.",low,Billing,17.3,0
How do I use single sign-on?,"How do I get started with custom reports? I couldn't find it in the help center. I'm on an iPhone 14 on iOS 17 with app version 4.2.1. I'm a bit disappointed, to be honest. Looking forward to your reply.",low,General,14.2,0
Webhook failures,"Hi there, The Slack integration stopped posting notifications yesterday. I'm on an iPhone 14 on iOS 17 with app version 3.9.8. Also, my last package arrived late and the tracking never updated. Unfortunately this is causing problems for me. Thanks.",high,Technical,24.7,1
Website very slow,"The search feature is not working, it just keeps loading. The server logs show a timeout on the API endpoint. Looking forward to your reply.",low,Technical,44.9,0
2FA problem,"Hi there, I got a new phone and lost my authenticator app, now I can't pass 2FA. I reached out last week and got no response. This is completely unacceptable! I will be leaving a review on social media about this. Please help.",high,Account,11.8,1
Question about features,"Good morning, Could you give me some information about what's included in each plan? This is the third time I've contacted you about this. Unfortunately this is causing problems for me. Looking forward to your reply.",low,General,10.6,0
Change email address,"Hello team, How can I change the email address on my account profile? This is the third time I've contacted you about this. I'm a bit disappointed, to be honest.",high,Account,10.4,0
2FA problem,"I got a new phone and lost my authenticator app, now I can't pass 2FA. Thank you.",medium,Account,7.2,0
Cancel subscription billing,"Hello, Is there a discount coupon for annual billing? I want to switch from monthly payment. This is the third time I've contacted you about this. This is annoying and is slowing down my work. Please help.",high,Billing,12.6,1
Received damaged item,"Hello team, The parcel arrived damaged and the item inside is broken. Also, I was charged an extra fee on my last invoice. This is quite frustrating. Thank you.",medium,Shipping,27.9,1
Double charge on my card,"I was billed twice for my Team plan this month, two charges of $49.00 on my credit card. I'm on an iPhone 14 on iOS 17 with app version 4.2.1. Please help.",low,Billing,18.7,0
Forgot password,"Hello team, The password reset email never arrives in my inbox. Unfortunately this is causing problems for me. Looking forward to your reply.",high,Account,3.7,1
Double charge on my card,"Hello, You took the subscription payment two times. Please refund the duplicate charge. Thanks.",medium,Billing,13.2,0
Data not syncing between devices,"Changes I make on my laptop don't sync to my phone anymore. The browser console shows an exception with code E1042. I checked the network tab and the request returns a 502 error. I reached out last week and got no response. Also, my last package arrived late and the tracking never updated. This is completely unacceptable! Thanks.",urgent,Technical,37.9,1
Incorrect invoice,"Hi, My latest invoice includes fees I don't recognise. Can you explain the charges? I restarted and reinstalled everything, nothing works. Additionally, I had a question about your support hours. Unfortunately this is causing problems for me.",medium,Billing,16.8,1
Data not syncing between devices,"Hello, Edits made by my team are not showing up, looks like sync failed. I checked the network tab and the request returns a 502 error. I'm on Chrome 126 with app version 5.0.2. I love your product and it's been great so far. Looking forward to your reply.",low,Technical,53.0,0
Lost my authenticator,"Hello team, The verification code is always rejected as invalid. Also, I was charged an extra fee on my last invoice. This is the worst service I've ever experienced!! Looking forward to your reply.",high,Account,10.2,0
Password reset link not working,"Hello team, The password reset email never arrives in my inbox. This is the worst service I've ever experienced!! If this isn't fixed I will dispute the charge with my bank. Looking forward to your reply.",urgent,Account,4.5,1
Export to CSV not working,"Hello, The search feature is not working, it just keeps loading. I'm on a Pixel 8 on Android 14 with app version 4.2.1. Your team has always been really helpful, thanks in advance! Regards.",medium,Technical,28.7,0
No tracking information,The tracking number for order #10482 hasn't updated in 7 days. I reached out last week and got no response. I'm furious. Your product is useless right now. I want to speak to a manager immediately. Thanks.,medium,Shipping,32.7,1
Incorrect invoice,"Hi there, The invoice for March 3rd shows $249.00 but my plan should cost less. I have followed the steps in your help article multiple times and it still happens. I already tried logging out and back in, and I cleared the cache. Looking forward to your reply.",urgent,Billing,10.5,0
Password reset link not working,"I forgot my password and the reset form says my email is not recognised. I'm a bit disappointed, to be honest. Looking forward to your reply.",medium,Account,8.8,0
Duplicate payment this month,"Good morning, My bank statement shows the same $8.99 transaction twice on March 3rd. I'm a bit disappointed, to be honest. Thank you.",high,Billing,9.9,0
Account suspended,"Hello, My account got locked after a few failed login attempts. Thanks so much, I appreciate the quick help. Regards.",low,Account,7.7,0
Item arrived broken,"Hello team, Half of the items in the package were damaged during delivery. The server logs show a timeout on the API endpoint. Additionally, the app shows an error when I try to export data. I love your product and it's been great so far. Please help.",low,Shipping,54.5,0
Upgrade billing question,"Hello team, I want to cancel my subscription at the end of the billing period, will I be charged again? I already tried logging out and back in, and I cleared the cache. I'm a bit disappointed, to be honest. Please help.",medium,Billing,12.8,0
Business hours inquiry,"Good morning, What are your support hours on weekends? Thanks.",low,General,5.7,0
Want my money back,"Good morning, I cancelled within the trial period but was still charged $8.99. I would like a refund. Thanks so much, I appreciate the quick help. Thank you.",low,Billing,10.8,0
Update my username,"Hello, I need to update my username and profile details. Your team has always been really helpful, thanks in advance! Thank you.",medium,Account,6.4,1
Error 500 on dashboard,"Saving a project fails with the message 'unexpected error, please try again'. I checked the network tab and the request returns a 502 error. The browser console shows an exception with code 502. Please help.",medium,Technical,39.6,0
Export to CSV not working,"Hello team, Exporting my data to CSV produces an empty file. Also, I was charged an extra fee on my last invoice. Thanks so much, I appreciate the quick help. Looking forward to your reply.",medium,Technical,21.7,0
Need a return label,Can you send me a return label so I can send the item back? I'm on an iPhone 14 on iOS 17 with app version 4.3.0. Unfortunately this is causing problems for me. Thank you.,medium,Shipping,13.1,0
Server error when saving,"Hello team, Saving a project fails with the message 'unexpected error, please try again'. Also, I was charged an extra fee on my last invoice. Thanks so much, I appreciate the quick help. Thank you.",high,Technical,26.8,0
Tracking stuck,"Hi, The tracking number for order #61209 hasn't updated in 12 days. I have followed the steps in your help article multiple times and it still happens. This is the third time I've contacted you about this. This is completely unacceptable! I want to speak to a manager immediately. Regards.",urgent,Shipping,16.3,0
Order #30055 not delivered,"Hello, My order #30055 was supposed to arrive 12 days ago and it's still not here. Our SSL certificate and DNS configuration look correct. Additionally, I had a question about your support hours. I'm a bit disappointed, to be honest. Thanks.",low,Shipping,85.8,1
Deactivate profile,"Hi there, I would like to deactivate my profile and close the account. The server logs show a timeout on the API endpoint. Additionally, I had a question about your support hours. Your team has always been really helpful, thanks in advance!",medium,Account,11.8,0
Item arrived broken,"My order arrived with a cracked screen, the box was crushed by the courier. Thanks so much, I appreciate the quick help. Looking forward to your reply.",medium,Shipping,12.6,0
App crashes on startup,The mobile app freezes and then crashes when I open the reports section. This is annoying and is slowing down my work. Regards.,medium,Technical,27.5,1
Need a return label,"Hi there, Can you send me a return label so I can send the item back? Additionally, the app shows an error when I try to export data. Looking forward to your reply.",high,Shipping,21.3,0
Money taken without permission,"Hi, I see a payment to you I don't recognise. I did not approve this transaction. Unfortunately this is causing problems for me. Looking forward to your reply.",medium,Billing,7.9,0
Application keeps crashing,The app crashes every time I try to upload a file larger than 10MB. The server logs show a timeout on the API endpoint. Our SSL certificate and DNS configuration look correct. Honestly this is ridiculous and a total waste of my time. Looking forward to your reply.,medium,Technical,54.1,0
Password reset link not working,"Hi, When I click the reset link it says the token is invalid or expired. This is quite frustrating. Please help.",high,Account,5.0,1
Invoice amount is wrong,"Hello team, The receipt lists the Team plan but I'm on a cheaper plan. I restarted and reinstalled everything, nothing works.",low,Billing,24.7,0
Update my username,I want to add a new team member to my account with admin permissions. I reached out last week and got no response. Looking forward to your reply.,low,Account,12.3,0
Deactivate profile,"Hello team, I would like to deactivate my profile and close the account. The browser console shows an exception with code 502. Additionally, I had a question about your support hours. Thank you.",low,Account,19.9,0
Unauthorized charge,"Hi there, I see a payment to you I don't recognise. I did not approve this transaction. The browser console shows an exception with code E1042. Looking forward to your reply.",medium,Billing,11.0,0
Received someone else's order,"Hello, I received the wrong item, I ordered a blue one and got a red one. Overall I'm very happy with the service. Please help.",medium,Shipping,18.4,0
Sync is broken,"Hello team, The sync has been stuck on 'pending' for hours and my data is out of date. Our SSL certificate and DNS configuration look correct. Additionally, I had a question about your support hours.",medium,Technical,51.8,0
Duplicate payment this month,You took the subscription payment two times. Please refund the duplicate charge. Please help.,medium,Billing,10.4,1
Changes not saving,"Good morning, Edits made by my team are not showing up, looks like sync failed. I already tried logging out and back in, and I cleared the cache. Thanks.",low,Technical,52.9,0
Suggestion for improvement,A suggestion: it would be nice to have a dark mode. Looking forward to your reply.,low,General,4.4,0
Money taken without permission,"Hello team, I see a payment to you I don't recognise. I did not approve this transaction. I have followed the steps in your help article multiple times and it still happens. This is the worst service I've ever experienced!! I want to speak to a manager immediately. Thank you.",medium,Billing,30.5,1
Package was damaged,"My order arrived with a cracked screen, the box was crushed by the courier. On top of that, I can't log in to my account on the mobile app. Your team has always been really helpful, thanks in advance! Thanks.",low,Shipping,45.1,0
App crashes on startup,The app crashes every time I try to upload a file larger than 10MB. The browser console shows an exception with code 0x80070005. This is quite frustrating. Please help.,high,Technical,21.4,0
Upgrade billing question,"I want to cancel my subscription at the end of the billing period, will I be charged again? The server logs show a timeout on the API endpoint. I restarted and reinstalled everything, nothing works. Honestly this is ridiculous and a total waste of my time. If this isn't fixed I will dispute the charge with my bank. Regards.",urgent,Billing,8.6,1
Incorrect item in package,"Hello, I received the wrong item, I ordered a blue one and got a red one. I restarted and reinstalled everything, nothing works. Please help.",urgent,Shipping,18.4,0
Received someone else's order,"Good morning, I received the wrong item, I ordered a blue one and got a red one. Additionally, I had a question about your support hours. Thanks.",low,Shipping,45.4,0
Close my account,"Hello, I would like to deactivate my profile and close the account. This is the third time I've contacted you about this. I reached out last week and got no response. I love your product and it's been great so far. Thanks.",medium,Account,9.0,0
Lost my authenticator,"I got a new phone and lost my authenticator app, now I can't pass 2FA. The server logs show a timeout on the API endpoint. Also, I was charged an extra fee on my last invoice. This is completely unacceptable! Thank you.",medium,Account,15.7,0
Cannot reset my password,"Hi there, When I click the reset link it says the token is invalid or expired. Overall I'm very happy with the service.",medium,Account,12.4,0
Received damaged item,"My order arrived with a cracked screen, the box was crushed by the courier. I am extremely frustrated and angry about this. Please help.",medium,Shipping,33.6,1
Unauthorized charge,"Hello team, I see a payment to you I don't recognise. I did not approve this transaction. The browser console shows an exception with code E1042. This is annoying and is slowing down my work. Thank you.",urgent,Billing,9.2,0
Webhook failures,The Slack integration stopped posting notifications yesterday. I checked the network tab and the request returns a 502 error. This is the worst service I've ever experienced!! Looking forward to your reply.,medium,Technical,40.5,0
Deactivate profile,"Good morning, How do I permanently delete my account? Thanks.",medium,Account,5.0,0
Received damaged item,"Hello team, Half of the items in the package were damaged during delivery. Also, I was charged an extra fee on my last invoice. I love your product and it's been great so far. Please help.",high,Shipping,17.5,0
Integration not working,"Hello team, Our API calls to the orders endpoint keep timing out after 30 seconds. I'm on Chrome 126 with app version 5.0.2. I love your product and it's been great so far. Thanks.",medium,Technical,25.1,0
API requests timing out,"Hi, Webhooks are failing with a timeout and our integration is broken. Also, I was charged an extra fee on my last invoice. Thanks.",medium,Technical,32.1,0
Business hours inquiry,"Good morning, What are your support hours on weekends? Thanks.",low,General,4.0,0
Refund request,"I requested a refund two weeks ago for $8.99 and have not received it. Also, my last package arrived late and the tracking never updated.",low,Billing,18.8,0
Cancel subscription billing,"Hello team, If I upgrade to the Business plan mid-cycle, how will the billing be prorated? This is quite frustrating. Please help.",low,Billing,18.2,0
Server error when saving,The page shows error code 403 and nothing loads. I'm on a Pixel 8 on Android 14 with app version 4.3.0. The server logs show a timeout on the API endpoint. Honestly this is ridiculous and a total waste of my time. Please escalate this to a supervisor. Please help.,high,Technical,31.0,1
Business hours inquiry,"Hi, Do you offer a student discount or nonprofit pricing? Also, my last package arrived late and the tracking never updated. Thanks so much, I appreciate the quick help. Thank you.",medium,General,7.3,0
Getting error messages,"Hello, Saving a project fails with the message 'unexpected error, please try again'. I reached out last week and got no response. I'm a bit disappointed, to be honest. Looking forward to your reply.",urgent,Technical,21.6,1
Partnership inquiry,"Good morning, What are your support hours on weekends? I'm on Windows 11 with app version 4.3.0. This is the third time I've contacted you about this. Overall I'm very happy with the service. Looking forward to your reply.",medium,General,9.3,0
Close my account,"Good morning, I would like to deactivate my profile and close the account. Regards.",urgent,Account,4.5,0
2FA problem,"Hi there, I got a new phone and lost my authenticator app, now I can't pass 2FA. This is completely unacceptable! I will cancel my subscription and switch to a competitor. Thank you.",high,Account,5.3,1
Data not syncing between devices,"Hi, Edits made by my team are not showing up, looks like sync failed. The server logs show a timeout on the API endpoint. The browser console shows an exception with code 0x80070005. This is the third time I've contacted you about this. It keeps happening again and again for weeks now. I'm a bit disappointed, to be honest. Regards.",medium,Technical,68.0,0
Business hours inquiry,"Hi there, We're interested in a partnership with your company, who should we contact? Please help.",high,General,3.4,0
Invoice does not match my plan,"Good morning, The receipt lists the Premium plan but I'm on a cheaper plan. I checked the network tab and the request returns a 502 error. Additionally, I had a question about your support hours. This is quite frustrating. Please help.",medium,Billing,11.8,0
Locked out of my account,"Hi there, My account got locked after a few failed login attempts. Thanks.",low,Account,11.6,0
Tracking number not updating,Tracking has shown 'in transit' at the same warehouse for a week. It keeps happening again and again for weeks now. I reached out last week and got no response. Unfortunately this is causing problems for me. Regards.,high,Shipping,23.7,1
Invoice does not match my plan,"Hi, The receipt lists the Premium plan but I'm on a cheaper plan. I am extremely frustrated and angry about this. Regards.",medium,Billing,15.8,1
Partnership inquiry,"What are your support hours on weekends? Thanks so much, I appreciate the quick help.",medium,General,3.1,0
Business hours inquiry,Do you offer a student discount or nonprofit pricing? I'm on a Pixel 8 on Android 14 with app version 4.3.0. Unfortunately this is causing problems for me. Thank you.,low,General,6.7,0
Cannot reset my password,"Hi, I forgot my password and the reset form says my email is not recognised. Please help.",urgent,Account,2.5,1
Upgrade billing question,"Hi, Is there a discount coupon for annual billing? I want to switch from monthly payment. Regards.",medium,Billing,7.4,0
Business hours inquiry,"Hi, Do you offer a student discount or nonprofit pricing? The browser console shows an exception with code 403. This is annoying and is slowing down my work. Thank you.",high,General,3.5,0
Where is my order?,"Hello, My order #61209 was supposed to arrive 12 days ago and it's still not here. I checked the network tab and the request returns a 502 error.",low,Shipping,41.2,0
Forgot password,"Hi, When I click the reset link it says the token is invalid or expired. This is annoying and is slowing down my work. Regards.",high,Account,4.2,0
Cancel subscription billing,"Hello team, If I upgrade to the Premium plan mid-cycle, how will the billing be prorated? Regards.",low,Billing,18.2,0
Webhook failures,"Good morning, Our API calls to the orders endpoint keep timing out after 30 seconds. The browser console shows an exception with code E1042. Our SSL certificate and DNS configuration look correct. It keeps happening again and again for weeks now. This is quite frustrating. Thanks.",medium,Technical,50.4,1
Server error when saving,"The page shows error code 0x80070005 and nothing loads. I'm a bit disappointed, to be honest. Regards.",medium,Technical,30.6,0
Changes not saving,"Good morning, The sync has been stuck on 'pending' for hours and my data is out of date. The browser console shows an exception with code 403. Our SSL certificate and DNS configuration look correct. I reached out last week and got no response. It keeps happening again and again for weeks now. Also, my last package arrived late and the tracking never updated.",low,Technical,77.1,1
App crashes on startup,"Hi there, The app crashes every time I try to upload a file larger than 10MB. I reached out last week and got no response. This is the third time I've contacted you about this. Also, I was charged an extra fee on my last invoice. Your team has always been really helpful, thanks in advance! Please help.",high,Technical,51.9,0
Upgrade billing question,"Hello, Is there a discount coupon for annual billing? I want to switch from monthly payment. Thank you.",medium,Billing,6.9,0
Update my username,I need to update my username and profile details. Please help.,high,Account,5.0,0
Received damaged item,"Good morning, My order arrived with a cracked screen, the box was crushed by the courier. I'm on Windows 11 with app version 4.3.0. I'm a bit disappointed, to be honest. Looking forward to your reply.",medium,Shipping,17.5,0
Refund request,"Hi, I requested a refund two weeks ago for $99.00 and have not received it. On top of that, I can't log in to my account on the mobile app. Thank you.",high,Billing,10.9,0
Change email address,I want to add a new team member to my account with admin permissions. This is quite frustrating. Looking forward to your reply.,medium,Account,7.5,0
Where is my order?,"Hello, I ordered 5 days ago and still have no delivery.",urgent,Shipping,10.5,0
Partnership inquiry,"We're interested in a partnership with your company, who should we contact? Thank you.",low,General,5.3,0
Double charge on my card,"Hi, My bank statement shows the same $49.00 transaction twice on yesterday. Thank you.",medium,Billing,8.1,0
Changes not saving,"Hello, Edits made by my team are not showing up, looks like sync failed. Unfortunately this is causing problems for me. Regards.",urgent,Technical,14.9,0
Account locked,"Hi, My account was suspended without any notice and I can't log in. Thanks so much, I appreciate the quick help. Thanks.",medium,Account,4.9,0
Lost my authenticator,"Hello team, I'm not receiving the two-factor verification code by SMS. Your team has always been really helpful, thanks in advance!",medium,Account,5.1,1
2FA problem,"Good morning, The verification code is always rejected as invalid. I restarted and reinstalled everything, nothing works. I'm furious. Your product is useless right now. Please escalate this to a supervisor. Thanks.",urgent,Account,7.7,1
Question about pricing and discounts,"Good morning, I want to cancel my subscription at the end of the billing period, will I be charged again? I reached out last week and got no response. It keeps happening again and again for weeks now. Unfortunately this is causing problems for me. Thanks.",medium,Billing,10.4,0
Feedback on the new design,"Hi, I wanted to share some feedback on the new design, it looks cleaner. Your team has always been really helpful, thanks in advance! Looking forward to your reply.",low,General,6.2,0
Close my account,"Hi there, How do I permanently delete my account? Please help.",medium,Account,9.0,0
Changes not saving,"Hello team, The sync has been stuck on 'pending' for hours and my data is out of date. I checked the network tab and the request returns a 502 error. Unfortunately this is causing problems for me. Regards.",high,Technical,24.3,0
Sync is broken,"Good morning, Edits made by my team are not showing up, looks like sync failed. The browser console shows an exception with code E1042. Your team has always been really helpful, thanks in advance! Looking forward to your reply.",medium,Technical,26.9,0
Item arrived broken,"Hello team, Half of the items in the package were damaged during delivery. I have followed the steps in your help article multiple times and it still happens. Honestly this is ridiculous and a total waste of my time. Regards.",low,Shipping,47.6,1
Suggestion for improvement,"Hi, I wanted to share some feedback on the new design, it looks cleaner. Unfortunately this is causing problems for me.",low,General,7.0,0
Change email address,"Hi, How can I change the email address on my account profile?",low,Account,11.6,0
Invoice amount is wrong,The invoice for yesterday shows $49.00 but my plan should cost less. This is the third time I've contacted you about this. I reached out last week and got no response. This is quite frustrating. Looking forward to your reply.,high,Billing,11.8,1
Pages take forever to load,"Hello team, Exporting my data to CSV produces an empty file. I checked the network tab and the request returns a 502 error. This is the third time I've contacted you about this. I have followed the steps in your help article multiple times and it still happens. I am extremely frustrated and angry about this. I will cancel my subscription and switch to a competitor. Looking forward to your reply.",low,Technical,65.7,0
Deactivate profile,"I would like to deactivate my profile and close the account. I have followed the steps in your help article multiple times and it still happens. I already tried logging out and back in, and I cleared the cache. Additionally, I had a question about your support hours. This is completely unacceptable! Please escalate this to a supervisor. Please help.",medium,Account,14.9,1
Crash when uploading files,The mobile app freezes and then crashes when I open the reports section. Our SSL certificate and DNS configuration look correct. I have followed the steps in your help article multiple times and it still happens. It keeps happening again and again for weeks now. This is annoying and is slowing down my work. Thank you.,medium,Technical,40.5,1
Invoice amount is wrong,"The receipt lists the Team plan but I'm on a cheaper plan. I already tried logging out and back in, and I cleared the cache. It keeps happening again and again for weeks now. Looking forward to your reply.",urgent,Billing,7.1,0
Cannot update payment method,"Good morning, My payment keeps getting declined even though the card works everywhere else. I checked the network tab and the request returns a 502 error. Looking forward to your reply.",medium,Billing,14.3,1
Where is my order?,"Hi there, The package was marked as shipped but never arrived. Also, I was charged an extra fee on my last invoice.",high,Shipping,9.4,1
Need a return label,"Hi, Please update my delivery address, I've moved.",low,Shipping,24.9,0
Student discount?,"Hi, Do you offer a student discount or nonprofit pricing? I checked the network tab and the request returns a 502 error. Thank you.",low,General,8.0,0
Password reset link not working,"Hi, The password reset email never arrives in my inbox. I checked the network tab and the request returns a 502 error. Thank you.",urgent,Account,6.0,1
Payment declined,"Hello, I tried to update my credit card details but the payment page rejects the card. Thank you.",low,Billing,18.2,0
Changes not saving,"Hi, Changes I make on my laptop don't sync to my phone anymore. I'm on Windows 11 with app version 4.2.1. The browser console shows an exception with code 403. Thank you.",medium,Technical,39.6,0
Application keeps crashing,"Hello, The mobile app freezes and then crashes when I open the reports section. Our SSL certificate and DNS configuration look correct. On top of that, I can't log in to my account on the mobile app. Overall I'm very happy with the service. Looking forward to your reply.",low,Technical,94.9,0
Account locked,"Hi, I'm locked out and can't sign in to access my projects. Thanks so much, I appreciate the quick help. Looking forward to your reply.",medium,Account,7.2,0
Payment declined,"The subscription renewal failed and now I can't pay the outstanding balance. Additionally, the app shows an error when I try to export data. This is annoying and is slowing down my work. Regards.",urgent,Billing,9.4,0
API requests timing out,"Hello team, Webhooks are failing with a timeout and our integration is broken. Thanks.",high,Technical,19.7,0
Forgot password,"Hi there, The password reset email never arrives in my inbox. The browser console shows an exception with code E1042. I already tried logging out and back in, and I cleared the cache. I restarted and reinstalled everything, nothing works. Also, my last package arrived late and the tracking never updated. Thank you.",low,Account,25.0,0
Update my username,"I want to add a new team member to my account with admin permissions. This is the third time I've contacted you about this. I'm a bit disappointed, to be honest. Please help.",urgent,Account,6.0,1
Invoice amount is wrong,The receipt lists the Enterprise plan but I'm on a cheaper plan. Unfortunately this is causing problems for me. Looking forward to your reply.,high,Billing,6.1,0
Changes not saving,"Hello team, Edits made by my team are not showing up, looks like sync failed. I checked the network tab and the request returns a 502 error. Looking forward to your reply.",medium,Technical,35.7,0
Cannot update payment method,"Good morning, My payment keeps getting declined even though the card works everywhere else. I checked the network tab and the request returns a 502 error. This is the third time I've contacted you about this. Honestly this is ridiculous and a total waste of my time. Thanks.",medium,Billing,21.2,0
Changes not saving,"Good morning, The sync has been stuck on 'pending' for hours and my data is out of date. I checked the network tab and the request returns a 502 error. I'm on a Pixel 8 on Android 14 with app version 4.3.0. I'm furious. Your product is useless right now.",urgent,Technical,19.2,1
Card keeps getting declined,"Hello, The subscription renewal failed and now I can't pay the outstanding balance. I'm a bit disappointed, to be honest. Looking forward to your reply.",medium,Billing,16.4,0
Deactivate profile,"Hi there, Please delete my account and all associated data. The server logs show a timeout on the API endpoint. I restarted and reinstalled everything, nothing works. This is completely unacceptable! Regards.",urgent,Account,7.2,0
Update delivery address,"Hello team, Can you send me a return label so I can send the item back? This is completely unacceptable! Please escalate this to a supervisor. Thanks.",high,Shipping,11.2,1
Upgrade billing question,"Hello team, If I upgrade to the Team plan mid-cycle, how will the billing be prorated? This is quite frustrating.",urgent,Billing,6.0,0
Application keeps crashing,The mobile app freezes and then crashes when I open the reports section. Thanks.,medium,Technical,26.0,0
Pages take forever to load,"Hi, The website has been extremely slow, pages take over a minute to load. Our SSL certificate and DNS configuration look correct. This is the third time I've contacted you about this. Unfortunately this is causing problems for me. Thanks.",medium,Technical,49.2,0
Add a team member,"Hi, How can I change the email address on my account profile? Thanks.",medium,Account,6.3,0
Business hours inquiry,"Good morning, What are your support hours on weekends? I already tried logging out and back in, and I cleared the cache. Additionally, the app shows an error when I try to export data. Unfortunately this is causing problems for me. Regards.",low,General,10.0,1
Website very slow,"Hello team, The website has been extremely slow, pages take over a minute to load. I checked the network tab and the request returns a 502 error. Our SSL certificate and DNS configuration look correct. Thanks so much, I appreciate the quick help. Please help.",low,Technical,58.9,0
Where is my order?,"Hi there, The package was marked as shipped but never arrived. On top of that, I can't log in to my account on the mobile app. I'm a bit disappointed, to be honest. Regards.",medium,Shipping,23.3,1
Unknown debit on my statement,I see a payment to you I don't recognise. I did not approve this transaction. The server logs show a timeout on the API endpoint. This is quite frustrating. Regards.,high,Billing,11.9,0
Money taken without permission,"Hi there, I see a payment to you I don't recognise. I did not approve this transaction. The server logs show a timeout on the API endpoint. Thanks so much, I appreciate the quick help. Looking forward to your reply.",urgent,Billing,5.3,0
Export to CSV not working,"Hello, The website has been extremely slow, pages take over a minute to load. Our SSL certificate and DNS configuration look correct. Overall I'm very happy with the service.",medium,Technical,23.8,0
Where is my order?,"Hi, I ordered 12 days ago and still have no delivery. I am extremely frustrated and angry about this. Thanks.",high,Shipping,17.9,0
Suggestion for improvement,"Hi there, I wanted to share some feedback on the new design, it looks cleaner. I restarted and reinstalled everything, nothing works. This is quite frustrating. Looking forward to your reply.",low,General,14.6,0
Money taken without permission,I see a payment to you I don't recognise. I did not approve this transaction. Regards.,medium,Billing,8.7,0
Server error when saving,"Hello, The page shows error code 502 and nothing loads. Please help.",medium,Technical,16.7,0
Server error when saving,"Hello team, I get a 500 internal server error whenever I open the dashboard. The browser console shows an exception with code 502. This is the third time I've contacted you about this. I already tried logging out and back in, and I cleared the cache. I'm a bit disappointed, to be honest.",high,Technical,23.5,0
Sync is broken,"Hi, Edits made by my team are not showing up, looks like sync failed. The browser console shows an exception with code ERR_CONN_RESET. The server logs show a timeout on the API endpoint. On top of that, I can't log in to my account on the mobile app. This is quite frustrating. Looking forward to your reply.",urgent,Technical,38.5,1
Pages take forever to load,"Hello team, The search feature is not working, it just keeps loading. Thank you.",low,Technical,34.7,0
Payment declined,"I tried to update my credit card details but the payment page rejects the card. The browser console shows an exception with code 502. I reached out last week and got no response. I restarted and reinstalled everything, nothing works. Additionally, I had a question about your support hours. Please help.",low,Billing,31.2,0
Business hours inquiry,"We're interested in a partnership with your company, who should we contact? Unfortunately this is causing problems for me. Looking forward to your reply.",medium,General,5.1,1
Sync is broken,"Hello team, Edits made by my team are not showing up, looks like sync failed. The server logs show a timeout on the API endpoint. I reached out last week and got no response. Looking forward to your reply.",low,Technical,54.2,1
Invoice does not match my plan,"Good morning, My latest invoice includes fees I don't recognise. Can you explain the charges? Please help.",medium,Billing,9.9,0
Question about features,"Hello, How do I get started with calendar sync? I couldn't find it in the help center. I'm on Windows 11 with app version 3.9.8. Unfortunately this is causing problems for me.",high,General,4.7,0
Invoice does not match my plan,"Hello, The receipt lists the Pro plan but I'm on a cheaper plan. I reached out last week and got no response. I already tried logging out and back in, and I cleared the cache. Additionally, I had a question about your support hours. This is the worst service I've ever experienced!! If this isn't fixed I will dispute the charge with my bank. Please help.",medium,Billing,28.6,1
Wrong item delivered,"The package contained someone else's order. Additionally, the app shows an error when I try to export data.",high,Shipping,13.4,0
Sync is broken,"Hello team, Edits made by my team are not showing up, looks like sync failed. Our SSL certificate and DNS configuration look correct. The browser console shows an exception with code 403. I reached out last week and got no response. It keeps happening again and again for weeks now. Please help.",low,Technical,57.5,0
Deactivate profile,"Hi there, Please delete my account and all associated data. The server logs show a timeout on the API endpoint. This is the third time I've contacted you about this. It keeps happening again and again for weeks now. I'm furious. Your product is useless right now. Thank you.",high,Account,10.9,0
Export to CSV not working,"Good morning, Exporting my data to CSV produces an empty file. The server logs show a timeout on the API endpoint. Looking forward to your reply.",urgent,Technical,13.1,0
Charged twice for my subscription,"Hello, You took the subscription payment two times. Please refund the duplicate charge. Thank you.",low,Billing,15.8,0
Lost my authenticator,"Hello team, I'm not receiving the two-factor verification code by SMS. I'm a bit disappointed, to be honest. Thank you.",low,Account,8.3,0
Package has not arrived,"I ordered 10 days ago and still have no delivery. I restarted and reinstalled everything, nothing works. Your team has always been really helpful, thanks in advance! Please help.",low,Shipping,37.7,0
Website very slow,"Good morning, The website has been extremely slow, pages take over a minute to load. Unfortunately this is causing problems for me.",high,Technical,17.9,0
Webhook failures,"Hi there, Our API calls to the orders endpoint keep timing out after 30 seconds. I checked the network tab and the request returns a 502 error.",medium,Technical,17.5,0
Pages take forever to load,"Hello team, Exporting my data to CSV produces an empty file. Our SSL certificate and DNS configuration look correct. Regards.",high,Technical,27.5,0
Item arrived broken,"Hello team, Half of the items in the package were damaged during delivery. This is the third time I've contacted you about this. I'm furious. Your product is useless right now.",medium,Shipping,37.9,0
Change email address,"Hello, How can I change the email address on my account profile? Regards.",low,Account,10.0,0
Upgrade billing question,"If I upgrade to the Team plan mid-cycle, how will the billing be prorated? Overall I'm very happy with the service. Thank you.",medium,Billing,15.4,0
Cannot reset my password,"Hello team, The password reset email never arrives in my inbox. Please help.",medium,Account,5.6,0
App crashes on startup,"Hi, The app crashes every time I try to upload a file larger than 10MB. I checked the network tab and the request returns a 502 error.",medium,Technical,25.6,0
Password reset link not working,"Hello, When I click the reset link it says the token is invalid or expired. This is annoying and is slowing down my work. Please help.",high,Account,5.2,0
Student discount?,What are your support hours on weekends? Our SSL certificate and DNS configuration look correct. Thanks.,low,General,10.6,0
Application keeps crashing,"Hello, The app crashes every time I try to upload a file larger than 10MB. The server logs show a timeout on the API endpoint. I'm on Windows 11 with app version 5.0.2. Additionally, I had a question about your support hours. Honestly this is ridiculous and a total waste of my time. Regards.",high,Technical,46.5,0
Changes not saving,"Hi there, The sync has been stuck on 'pending' for hours and my data is out of date. The browser console shows an exception with code 0x80070005. I checked the network tab and the request returns a 502 error. I'm a bit disappointed, to be honest. Please help.",urgent,Technical,20.5,1
Pages take forever to load,Exporting my data to CSV produces an empty file. I love your product and it's been great so far. Thank you.,medium,Technical,23.0,1
Package was damaged,"Hello, My order arrived with a cracked screen, the box was crushed by the courier. Your team has always been really helpful, thanks in advance! Thanks.",high,Shipping,13.0,0
Student discount?,"Hello team, What are your support hours on weekends? Thanks so much, I appreciate the quick help. Looking forward to your reply.",medium,General,3.3,0
Charged twice for my subscription,"I was billed twice for my Pro plan this month, two charges of $19.99 on my credit card. This is quite frustrating. Thank you.",medium,Billing,12.1,0
Webhook failures,The Slack integration stopped posting notifications yesterday. This is quite frustrating.,urgent,Technical,19.7,0
Website very slow,"Hi, The search feature is not working, it just keeps loading. I checked the network tab and the request returns a 502 error. Thanks so much, I appreciate the quick help. Looking forward to your reply.",high,Technical,17.6,0
Locked out of my account,"Hello team, I'm locked out and can't sign in to access my projects. I love your product and it's been great so far.",high,Account,3.9,0
Incorrect item in package,"Good morning, The package contained someone else's order. This is the worst service I've ever experienced!! I will be leaving a review on social media about this. Looking forward to your reply.",low,Shipping,33.3,1
Money taken without permission,"Hi there, There is a $99.00 debit from your company on my account that I never authorized. Regards.",low,Billing,18.1,0
Change shipping address,"Hi there, Can you send me a return label so I can send the item back? Additionally, I had a question about your support hours.",high,Shipping,19.0,0
Feedback on the new design,It would be great if you added custom reports in a future release. Thank you.,low,General,8.1,0
API requests timing out,"Hi, Our API calls to the orders endpoint keep timing out after 30 seconds. The browser console shows an exception with code 0x80070005. The server logs show a timeout on the API endpoint. Your team has always been really helpful, thanks in advance! Regards.",high,Technical,48.4,0
Change shipping address,Can you send me a return label so I can send the item back? Please help.,medium,Shipping,17.2,0
Received someone else's order,The item delivered doesn't match what I ordered in order #10482. Please help.,medium,Shipping,9.8,0
Data not syncing between devices,"Hi there, Edits made by my team are not showing up, looks like sync failed. I checked the network tab and the request returns a 502 error. I'm on an iPhone 14 on iOS 17 with app version 4.3.0. I restarted and reinstalled everything, nothing works. This is completely unacceptable! Please help.",medium,Technical,46.3,0
Charged twice for my subscription,"My bank statement shows the same $49.00 transaction twice on yesterday. I already tried logging out and back in, and I cleared the cache. I reached out last week and got no response. Additionally, the app shows an error when I try to export data. I'm a bit disappointed, to be honest. Regards.",medium,Billing,27.2,0
Student discount?,"Hello, We're interested in a partnership with your company, who should we contact? I'm a bit disappointed, to be honest. Regards.",high,General,3.9,0
Unknown debit on my statement,"Money was taken from my bank account without my permission, $19.99 on June 1st. Also, my last package arrived late and the tracking never updated. Thanks so much, I appreciate the quick help.",low,Billing,38.8,0
Feature request,"Hello, It would be great if you added bulk export in a future release. Also, I was charged an extra fee on my last invoice. Regards.",low,General,7.6,0
Student discount?,"Good morning, What are your support hours on weekends? The browser console shows an exception with code 0x80070005. This is quite frustrating. Looking forward to your reply.",medium,General,6.4,0
Lost my authenticator,I'm not receiving the two-factor verification code by SMS. This is the worst service I've ever experienced!! If this isn't fixed I will dispute the charge with my bank. Thank you.,urgent,Account,5.4,1
Card keeps getting declined,The subscription renewal failed and now I can't pay the outstanding balance. It keeps happening again and again for weeks now. Unfortunately this is causing problems for me. Thanks.,medium,Billing,15.0,0
Locked out of my account,"Hello team, I'm locked out and can't sign in to access my projects. The browser console shows an exception with code 403. Also, my last package arrived late and the tracking never updated. Thank you.",medium,Account,5.8,0
Wrong item delivered,The package contained someone else's order. Thanks.,high,Shipping,12.7,0
Getting error messages,"Hi, Saving a project fails with the message 'unexpected error, please try again'. Please help.",medium,Technical,23.1,0
Unknown debit on my statement,"Good morning, There is a $12.50 debit from your company on my account that I never authorized. The server logs show a timeout on the API endpoint. Thank you.",medium,Billing,17.2,0
Invoice amount is wrong,"Hi, The invoice for the 15th shows $19.99 but my plan should cost less. I have followed the steps in your help article multiple times and it still happens. Regards.",low,Billing,18.1,1
Add a team member,I need to update my username and profile details. Overall I'm very happy with the service. Looking forward to your reply.,high,Account,4.7,0
Where is my order?,"Hello, The package was marked as shipped but never arrived. I have followed the steps in your help article multiple times and it still happens. This is annoying and is slowing down my work. Thanks.",low,Shipping,25.8,0
Tracking number not updating,"Hi, Tracking has shown 'in transit' at the same warehouse for a week. Overall I'm very happy with the service. Looking forward to your reply.",medium,Shipping,12.6,0
Charged twice for my subscription,"Hi there, My bank statement shows the same $19.99 transaction twice on June 1st. Please help.",medium,Billing,11.0,1
Export to CSV not working,"Hello team, The website has been extremely slow, pages take over a minute to load. I'm on macOS Sonoma with app version 5.0.2. The browser console shows an exception with code 403. This is the worst service I've ever experienced!! Please help.",urgent,Technical,43.9,1
Need a return label,"Hi there, Please update my delivery address, I've moved. I love your product and it's been great so far. Please help.",medium,Shipping,15.2,0
Need a return label,"Hi, Please update my delivery address, I've moved. I reached out last week and got no response. I'm furious. Your product is useless right now. I'm considering legal action. Please help.",medium,Shipping,27.7,0
Invoice does not match my plan,"Hello team, The invoice for the 15th shows $8.99 but my plan should cost less. Looking forward to your reply.",urgent,Billing,7.9,0
Change email address,"Hi, I need to update my username and profile details. I have followed the steps in your help article multiple times and it still happens. I restarted and reinstalled everything, nothing works. Thank you.",low,Account,12.0,0
Website very slow,"Hi there, The website has been extremely slow, pages take over a minute to load. The browser console shows an exception with code E1042. The server logs show a timeout on the API endpoint. This is annoying and is slowing down my work. Please help.",low,Technical,66.5,0
Package was damaged,"Hi there, My order arrived with a cracked screen, the box was crushed by the courier. I reached out last week and got no response. Your team has always been really helpful, thanks in advance! Please help.",medium,Shipping,39.3,0
Webhook failures,"Hi, Our API calls to the orders endpoint keep timing out after 30 seconds. I'm furious. Your product is useless right now. I'm considering legal action. Thanks.",medium,Technical,30.6,1
Update delivery address,"Hello, I need to change the shipping address for order #30055 before it's dispatched. The server logs show a timeout on the API endpoint. Regards.",low,Shipping,31.0,0
Incorrect invoice,"Hello, The receipt lists the Pro plan but I'm on a cheaper plan.",medium,Billing,7.8,0
Question about features,"Good morning, How do I get started with calendar sync? I couldn't find it in the help center.",low,General,8.7,0
Received damaged item,"Hello team, The parcel arrived damaged and the item inside is broken. It keeps happening again and again for weeks now. This is the third time I've contacted you about this. Looking forward to your reply.",medium,Shipping,35.2,0
Cannot update payment method,"Good morning, The subscription renewal failed and now I can't pay the outstanding balance. This is quite frustrating. Please help.",urgent,Billing,5.8,0
Two-factor code not received,"Hello, I'm not receiving the two-factor verification code by SMS. Our SSL certificate and DNS configuration look correct. Please help.",medium,Account,6.6,0
Crash when uploading files,"Good morning, The app crashes every time I try to upload a file larger than 10MB. Thanks.",low,Technical,33.6,0
Suggestion for improvement,"A suggestion: it would be nice to have a dark mode. I'm a bit disappointed, to be honest. Thank you.",medium,General,4.8,0
Tracking number not updating,"Hi there, The tracking number for order #98012 hasn't updated in 7 days. Thanks.",low,Shipping,15.1,0
Feature request,"Hi, I wanted to share some feedback on the new design, it looks cleaner. This is the third time I've contacted you about this. Thanks.",high,General,6.3,0
Data not syncing between devices,The sync has been stuck on 'pending' for hours and my data is out of date. Our SSL certificate and DNS configuration look correct. Thank you.,high,Technical,17.7,0
Incorrect invoice,"Hi, My latest invoice includes fees I don't recognise. Can you explain the charges? I reached out last week and got no response. I love your product and it's been great so far. Thank you.",medium,Billing,27.5,0
Feedback on the new design,"Good morning, I wanted to share some feedback on the new design, it looks cleaner. Thanks.",low,General,5.3,0
Invoice does not match my plan,"Hello, The receipt lists the Team plan but I'm on a cheaper plan. I restarted and reinstalled everything, nothing works. Additionally, the app shows an error when I try to export data.",medium,Billing,17.0,0
Website very slow,"Good morning, The search feature is not working, it just keeps loading. I restarted and reinstalled everything, nothing works. This is annoying and is slowing down my work. Thanks.",high,Technical,27.8,0
Payment declined,"Hello, I tried to update my credit card details but the payment page rejects the card. Looking forward to your reply.",high,Billing,6.4,0
Change shipping address,"Hi, Can you send me a return label so I can send the item back? This is the third time I've contacted you about this. I love your product and it's been great so far.",high,Shipping,20.4,0
Integration not working,"Hi there, The Slack integration stopped posting notifications yesterday. The browser console shows an exception with code 403. The server logs show a timeout on the API endpoint. This is quite frustrating. Please help.",urgent,Technical,24.4,1
Wrong item delivered,"Hi there, The package contained someone else's order. I reached out last week and got no response. Honestly this is ridiculous and a total waste of my time. If this isn't fixed I will dispute the charge with my bank.",low,Shipping,36.7,1
Unauthorized charge,"Hi, Money was taken from my bank account without my permission, $19.99 on last Monday. Additionally, the app shows an error when I try to export data. I love your product and it's been great so far. Please help.",medium,Billing,20.2,0
Feature request,"Hi there, It would be great if you added bulk export in a future release. I love your product and it's been great so far. Thanks.",low,General,5.9,0
Payment declined,"Hello, I tried to update my credit card details but the payment page rejects the card. Additionally, I had a question about your support hours. Looking forward to your reply.",medium,Billing,14.2,0
Does the product support offline mode?,"Hi, Could you give me some information about what's included in each plan? I already tried logging out and back in, and I cleared the cache. This is the third time I've contacted you about this. Additionally, the app shows an error when I try to export data. This is quite frustrating. Thanks.",medium,General,17.2,0
Payment declined,"The subscription renewal failed and now I can't pay the outstanding balance. I restarted and reinstalled everything, nothing works. This is quite frustrating.",medium,Billing,9.6,0
Error 500 on dashboard,I get a 500 internal server error whenever I open the dashboard. Our SSL certificate and DNS configuration look correct. I checked the network tab and the request returns a 502 error. Looking forward to your reply.,high,Technical,22.6,0
Incorrect item in package,"Hi, The item delivered doesn't match what I ordered in order #61209. Regards.",low,Shipping,19.9,0
Integration not working,"Hi, Webhooks are failing with a timeout and our integration is broken. I have followed the steps in your help article multiple times and it still happens. I already tried logging out and back in, and I cleared the cache. This is completely unacceptable! Looking forward to your reply.",medium,Technical,37.3,1
Wrong item delivered,"Hi there, The item delivered doesn't match what I ordered in order #98012. Additionally, the app shows an error when I try to export data. This is annoying and is slowing down my work. Thank you.",medium,Shipping,20.7,0
Crash when uploading files,"Since the latest update the application crashes right after the splash screen. Your team has always been really helpful, thanks in advance! Regards.",high,Technical,12.0,0
Invoice does not match my plan,"Good morning, My latest invoice includes fees I don't recognise. Can you explain the charges? Also, my last package arrived late and the tracking never updated. Overall I'm very happy with the service. Regards.",medium,Billing,30.1,0
Sync is broken,"Hello, Edits made by my team are not showing up, looks like sync failed. I'm on macOS Sonoma with app version 4.2.1. The server logs show a timeout on the API endpoint. It keeps happening again and again for weeks now. I have followed the steps in your help article multiple times and it still happens. This is the worst service I've ever experienced!! If this isn't fixed I will dispute the charge with my bank. Thanks.",medium,Technical,45.6,0
Money taken without permission,"Hi there, Money was taken from my bank account without my permission, $249.00 on March 3rd. I restarted and reinstalled everything, nothing works. Additionally, the app shows an error when I try to export data. Thanks so much, I appreciate the quick help. Thanks.",low,Billing,31.2,0
Question about features,"Hello, How do I get started with bulk export? I couldn't find it in the help center. Additionally, the app shows an error when I try to export data. Regards.",low,General,7.8,0
Unauthorized charge,"Money was taken from my bank account without my permission, $8.99 on yesterday. I checked the network tab and the request returns a 502 error. Regards.",high,Billing,8.2,0
Question about features,"Hello, Could you give me some information about what's included in each plan?",medium,General,3.4,0
Pages take forever to load,"Good morning, The website has been extremely slow, pages take over a minute to load. Thanks so much, I appreciate the quick help.",low,Technical,30.0,0
App crashes on startup,"The mobile app freezes and then crashes when I open the reports section. I'm on macOS Sonoma with app version 5.0.2. The browser console shows an exception with code 403. Additionally, I had a question about your support hours. Looking forward to your reply.",low,Technical,102.2,0
Tracking number not updating,"Good morning, Tracking has shown 'in transit' at the same warehouse for a week. Additionally, I had a question about your support hours. This is quite frustrating. Thank you.",medium,Shipping,38.1,0
Error 500 on dashboard,"Hi, The page shows error code 502 and nothing loads. Unfortunately this is causing problems for me.",high,Technical,11.4,0
Need a return label,"Hi there, Please update my delivery address, I've moved. It keeps happening again and again for weeks now. I have followed the steps in your help article multiple times and it still happens. I am extremely frustrated and angry about this. If this isn't fixed I will dispute the charge with my bank. Regards.",high,Shipping,19.7,1
Money taken without permission,"Hi there, Money was taken from my bank account without my permission, $12.50 on June 1st. On top of that, I can't log in to my account on the mobile app. Thank you.",low,Billing,39.7,0
2FA problem,"Hi, I'm not receiving the two-factor verification code by SMS. I already tried logging out and back in, and I cleared the cache. Regards.",low,Account,17.8,0
Item arrived broken,"Good morning, Half of the items in the package were damaged during delivery. I restarted and reinstalled everything, nothing works. I reached out last week and got no response. I'm furious. Your product is useless right now. I want to speak to a manager immediately. Thank you.",medium,Shipping,32.9,1
No tracking information,"Hello team, The tracking number for order #55321 hasn't updated in 3 days. Looking forward to your reply.",high,Shipping,11.0,0
Invoice does not match my plan,"Hi, The receipt lists the Business plan but I'm on a cheaper plan. On top of that, I can't log in to my account on the mobile app. Your team has always been really helpful, thanks in advance! Thanks.",medium,Billing,11.7,0
Export to CSV not working,"The website has been extremely slow, pages take over a minute to load. Thanks.",low,Technical,27.6,0
Add a team member,"Hi, I need to update my username and profile details. Additionally, I had a question about your support hours. This is quite frustrating. Please help.",high,Account,7.6,0
Locked out of my account,"Hello, My account was suspended without any notice and I can't log in. Honestly this is ridiculous and a total waste of my time. Please help.",medium,Account,12.2,0
Update delivery address,"Hi, I need to change the shipping address for order #98012 before it's dispatched. The browser console shows an exception with code 0x80070005.",medium,Shipping,21.0,0
Package has not arrived,"Hi there, My order #30055 was supposed to arrive 5 days ago and it's still not here. Regards.",high,Shipping,11.6,0
Tracking number not updating,"Tracking has shown 'in transit' at the same warehouse for a week. This is the third time I've contacted you about this. I already tried logging out and back in, and I cleared the cache. Also, I was charged an extra fee on my last invoice. Unfortunately this is causing problems for me. Thanks.",urgent,Shipping,14.6,1
Integration not working,"Hi there, Webhooks are failing with a timeout and our integration is broken. The server logs show a timeout on the API endpoint. This is annoying and is slowing down my work. Looking forward to your reply.",high,Technical,30.2,0
Incorrect invoice,My latest invoice includes fees I don't recognise. Can you explain the charges? Please help.,urgent,Billing,7.3,0
Website very slow,"Good morning, The search feature is not working, it just keeps loading. The browser console shows an exception with code 403. The server logs show a timeout on the API endpoint. I love your product and it's been great so far. Please help.",low,Technical,55.2,0
Application keeps crashing,"Hi there, The app crashes every time I try to upload a file larger than 10MB. I'm on Windows 11 with app version 4.2.1. It keeps happening again and again for weeks now. Additionally, I had a question about your support hours. Thank you.",low,Technical,102.8,0
Pages take forever to load,"Exporting my data to CSV produces an empty file. I checked the network tab and the request returns a 502 error. I'm on a Pixel 8 on Android 14 with app version 4.2.1. I restarted and reinstalled everything, nothing works. Unfortunately this is causing problems for me. Looking forward to your reply.",medium,Technical,59.0,0
Incorrect item in package,"Hi there, The item delivered doesn't match what I ordered in order #98012. Please help.",medium,Shipping,12.0,0
Change shipping address,"Hello team, Please update my delivery address, I've moved. I have followed the steps in your help article multiple times and it still happens. This is the worst service I've ever experienced!! Please help.",urgent,Shipping,9.0,1
Package has not arrived,"The package was marked as shipped but never arrived. Also, I was charged an extra fee on my last invoice. Please help.",high,Shipping,26.3,0
Crash when uploading files,"Hi, The mobile app freezes and then crashes when I open the reports section. The server logs show a timeout on the API endpoint. Our SSL certificate and DNS configuration look correct. Unfortunately this is causing problems for me. Thank you.",medium,Technical,41.8,1
Add a team member,"Good morning, I need to update my username and profile details. This is annoying and is slowing down my work. Regards.",high,Account,4.1,0
App crashes on startup,"Hi, Since the latest update the application crashes right after the splash screen. Our SSL certificate and DNS configuration look correct. I checked the network tab and the request returns a 502 error. Also, I was charged an extra fee on my last invoice. I love your product and it's been great so far.",low,Technical,104.1,0
Does the product support calendar sync?,"Hello team, Could you give me some information about what's included in each plan? Unfortunately this is causing problems for me. Thank you.",medium,General,3.8,0
Unknown debit on my statement,"Money was taken from my bank account without my permission, $8.99 on June 1st. Also, my last package arrived late and the tracking never updated. Regards.",high,Billing,12.7,0
Tracking stuck,"Hello team, The carrier website says the tracking number doesn't exist. I have followed the steps in your help article multiple times and it still happens.",medium,Shipping,39.6,0
API requests timing out,"Webhooks are failing with a timeout and our integration is broken. It keeps happening again and again for weeks now. Additionally, I had a question about your support hours. I love your product and it's been great so far. Looking forward to your reply.",medium,Technical,43.3,1
Invoice does not match my plan,"Hello, The receipt lists the Business plan but I'm on a cheaper plan. I restarted and reinstalled everything, nothing works. It keeps happening again and again for weeks now. Unfortunately this is causing problems for me. Regards.",high,Billing,16.8,0
Close my account,"Hi, I would like to deactivate my profile and close the account. I checked the network tab and the request returns a 502 error. This is the third time I've contacted you about this. I reached out last week and got no response. I love your product and it's been great so far. Thanks.",high,Account,8.7,0
Incorrect item in package,"Good morning, I received the wrong item, I ordered a blue one and got a red one. I reached out last week and got no response. I already tried logging out and back in, and I cleared the cache. I'm furious. Your product is useless right now. I want to speak to a manager immediately. Thank you.",medium,Shipping,25.5,1
Double charge on my card,"Hello, My bank statement shows the same $12.50 transaction twice on yesterday. I already tried logging out and back in, and I cleared the cache. I restarted and reinstalled everything, nothing works. This is completely unacceptable! I will be leaving a review on social media about this. Regards.",high,Billing,14.1,1
Website very slow,"Good morning, The search feature is not working, it just keeps loading. Our SSL certificate and DNS configuration look correct. Thanks.",medium,Technical,27.7,0
Duplicate payment this month,My bank statement shows the same $12.50 transaction twice on March 3rd. Looking forward to your reply.,medium,Billing,7.9,0
Suggestion for improvement,"Hi, A suggestion: it would be nice to have a dark mode. This is annoying and is slowing down my work. Thanks.",medium,General,4.3,0
Account suspended,My account was suspended without any notice and I can't log in. This is completely unacceptable! I will be leaving a review on social media about this. Thank you.,medium,Account,12.0,0
Website very slow,"Hello, The website has been extremely slow, pages take over a minute to load. The server logs show a timeout on the API endpoint. I restarted and reinstalled everything, nothing works. This is the third time I've contacted you about this. Looking forward to your reply.",medium,Technical,29.5,0
Website very slow,"Good morning, The search feature is not working, it just keeps loading. I'm on Windows 11 with app version 4.3.0. The browser console shows an exception with code 403. I restarted and reinstalled everything, nothing works. Overall I'm very happy with the service. Thanks.",medium,Technical,36.8,0
Invoice does not match my plan,"Hi there, My latest invoice includes fees I don't recognise. Can you explain the charges? Thanks.",low,Billing,16.3,0
Update delivery address,"Hello, Please update my delivery address, I've moved. Our SSL certificate and DNS configuration look correct. Additionally, the app shows an error when I try to export data. Thanks.",low,Shipping,84.4,0
Export to CSV not working,"Hi there, Exporting my data to CSV produces an empty file. Thank you.",medium,Technical,18.3,0
Card keeps getting declined,"Hello, The subscription renewal failed and now I can't pay the outstanding balance. Please help.",low,Billing,26.8,0
Cancel subscription billing,"Hello team, If I upgrade to the Business plan mid-cycle, how will the billing be prorated? This is annoying and is slowing down my work. Regards.",high,Billing,8.6,0
Charged twice for my subscription,"Hello, My bank statement shows the same $99.00 transaction twice on June 1st. Additionally, I had a question about your support hours. Honestly this is ridiculous and a total waste of my time. I want to speak to a manager immediately. Looking forward to your reply.",high,Billing,18.5,1
Cancel subscription billing,"Good morning, Is there a discount coupon for annual billing? I want to switch from monthly payment. Regards.",medium,Billing,6.5,1
Refund request,"Hi there, I requested a refund two weeks ago for $99.00 and have not received it. Additionally, the app shows an error when I try to export data. I love your product and it's been great so far.",high,Billing,10.5,0
Feature request,"Hi there, It would be great if you added bulk export in a future release. I checked the network tab and the request returns a 502 error. I'm a bit disappointed, to be honest.",low,General,9.3,1
Tracking stuck,"Hi, The carrier website says the tracking number doesn't exist. Thanks.",medium,Shipping,15.3,0
Package has not arrived,"The package was marked as shipped but never arrived. I'm a bit disappointed, to be honest. Thank you.",urgent,Shipping,9.2,0
Password reset link not working,"Hi there, I forgot my password and the reset form says my email is not recognised.",urgent,Account,2.2,0
Order #77310 not delivered,"My order #61209 was supposed to arrive 12 days ago and it's still not here. Thanks so much, I appreciate the quick help. Regards.",medium,Shipping,20.8,0
Refund request,"Hello, Please process a refund for order #10482, I never used the service after paying. Additionally, I had a question about your support hours. Thanks.",medium,Billing,9.3,0
Cannot reset my password,When I click the reset link it says the token is invalid or expired. Regards.,low,Account,7.1,0
API requests timing out,"The Slack integration stopped posting notifications yesterday. I'm a bit disappointed, to be honest. Thank you.",low,Technical,22.8,1
Incorrect invoice,"Hello, The invoice for the 15th shows $99.00 but my plan should cost less. This is quite frustrating. Please help.",urgent,Billing,6.9,0
Feature request,"Hi there, It would be great if you added bulk export in a future release. Additionally, the app shows an error when I try to export data. Thanks.",low,General,12.2,0
Changes not saving,"Changes I make on my laptop don't sync to my phone anymore. Additionally, I had a question about your support hours.",medium,Technical,35.3,0
Getting error messages,"Hi, The page shows error code E1042 and nothing loads. Our SSL certificate and DNS configuration look correct. Honestly this is ridiculous and a total waste of my time. Thanks.",high,Technical,32.2,1
Double charge on my card,"Hi, My bank statement shows the same $8.99 transaction twice on March 3rd. Additionally, I had a question about your support hours. Thanks.",medium,Billing,13.6,0
Forgot password,"The password reset email never arrives in my inbox. I have followed the steps in your help article multiple times and it still happens. I restarted and reinstalled everything, nothing works. Also, I was charged an extra fee on my last invoice. This is quite frustrating. Please help.",medium,Account,18.9,0
Invoice amount is wrong,"Hi, The invoice for yesterday shows $49.00 but my plan should cost less. I reached out last week and got no response. I have followed the steps in your help article multiple times and it still happens.",high,Billing,17.6,0
Lost my authenticator,"Hi, The verification code is always rejected as invalid. I have followed the steps in your help article multiple times and it still happens. Thanks so much, I appreciate the quick help. Thanks.",medium,Account,13.0,0
Password reset link not working,I forgot my password and the reset form says my email is not recognised. Regards.,medium,Account,5.4,0
Received someone else's order,"Hello, I received the wrong item, I ordered a blue one and got a red one. I already tried logging out and back in, and I cleared the cache. Also, I was charged an extra fee on my last invoice. This is annoying and is slowing down my work. Thank you.",low,Shipping,43.0,1
Close my account,"Hi, How do I permanently delete my account? Please help.",medium,Account,4.9,0
Error 500 on dashboard,"I get a 500 internal server error whenever I open the dashboard. I checked the network tab and the request returns a 502 error. Your team has always been really helpful, thanks in advance! Thank you.",low,Technical,57.4,0
Upgrade billing question,"I want to cancel my subscription at the end of the billing period, will I be charged again? Looking forward to your reply.",high,Billing,8.3,0
Order #30055 not delivered,"Hi, The package was marked as shipped but never arrived. The browser console shows an exception with code E1042. Thank you.",low,Shipping,29.5,0
Application keeps crashing,"Hi there, The app crashes every time I try to upload a file larger than 10MB. I checked the network tab and the request returns a 502 error. The browser console shows an exception with code E1042. I already tried logging out and back in, and I cleared the cache. This is quite frustrating.",medium,Technical,53.1,1
Two-factor code not received,"Hello, I'm not receiving the two-factor verification code by SMS. This is the third time I've contacted you about this. Additionally, the app shows an error when I try to export data. Thank you.",low,Account,17.7,1
Integration not working,"Hello team, Webhooks are failing with a timeout and our integration is broken. The server logs show a timeout on the API endpoint.",medium,Technical,24.2,0
2FA problem,"Hi, The verification code is always rejected as invalid. Thanks.",low,Account,5.5,0
Locked out of my account,"Hello team, I'm locked out and can't sign in to access my projects. I restarted and reinstalled everything, nothing works. Honestly this is ridiculous and a total waste of my time. Please help.",medium,Account,15.4,1
Integration not working,Webhooks are failing with a timeout and our integration is broken. The server logs show a timeout on the API endpoint. The browser console shows an exception with code 502. Looking forward to your reply.,medium,Technical,38.9,0
Received someone else's order,"Hello team, The package contained someone else's order. Additionally, the app shows an error when I try to export data. Regards.",medium,Shipping,30.1,0
Refund request,"Hello team, I requested a refund two weeks ago for $8.99 and have not received it. I'm a bit disappointed, to be honest. Regards.",medium,Billing,10.9,0
Package has not arrived,"Hi there, I ordered 12 days ago and still have no delivery. I reached out last week and got no response. Honestly this is ridiculous and a total waste of my time. I'm considering legal action. Thanks.",low,Shipping,53.0,1
Website very slow,"Hello, Exporting my data to CSV produces an empty file. The server logs show a timeout on the API endpoint. This is quite frustrating. Looking forward to your reply.",urgent,Technical,16.1,0
Account locked,"Hi, I'm locked out and can't sign in to access my projects. I'm a bit disappointed, to be honest. Thank you.",low,Account,10.9,0
Want my money back,I requested a refund two weeks ago for $12.50 and have not received it. This is quite frustrating. Looking forward to your reply.,high,Billing,11.4,0
Need a return label,"Good morning, Please update my delivery address, I've moved. Unfortunately this is causing problems for me. Please help.",medium,Shipping,18.0,1
Partnership inquiry,"Hello, We're interested in a partnership with your company, who should we contact? This is the third time I've contacted you about this. I already tried logging out and back in, and I cleared the cache. Thanks.",low,General,10.0,0
Cannot reset my password,"When I click the reset link it says the token is invalid or expired. Additionally, I had a question about your support hours. Thanks so much, I appreciate the quick help. Regards.",medium,Account,15.3,0
Website very slow,"Hello, Exporting my data to CSV produces an empty file. The browser console shows an exception with code E1042. Our SSL certificate and DNS configuration look correct. Please help.",medium,Technical,38.7,0
Student discount?,"Good morning, Do you offer a student discount or nonprofit pricing? Unfortunately this is causing problems for me. Thank you.",medium,General,3.5,0
Duplicate payment this month,"Hi, My bank statement shows the same $249.00 transaction twice on yesterday. Overall I'm very happy with the service.",medium,Billing,10.9,0
Received damaged item,"Hi, The parcel arrived damaged and the item inside is broken. On top of that, I can't log in to my account on the mobile app. Overall I'm very happy with the service. Thank you.",low,Shipping,41.9,1
Error 500 on dashboard,The page shows error code 0x80070005 and nothing loads. Our SSL certificate and DNS configuration look correct. I checked the network tab and the request returns a 502 error. I have followed the steps in your help article multiple times and it still happens. Please help.,urgent,Technical,33.8,0
Package was damaged,"Good morning, My order arrived with a cracked screen, the box was crushed by the courier. It keeps happening again and again for weeks now. This is annoying and is slowing down my work. Please help.",high,Shipping,23.3,1
Upgrade billing question,"Hi, Is there a discount coupon for annual billing? I want to switch from monthly payment. Additionally, I had a question about your support hours. I'm furious. Your product is useless right now. Looking forward to your reply.",urgent,Billing,8.4,0
Account suspended,"Good morning, I'm locked out and can't sign in to access my projects.",medium,Account,8.2,0
Question about features,"Hi there, Could you give me some information about what's included in each plan? This is annoying and is slowing down my work. Please help.",low,General,6.7,0
Lost my authenticator,"The verification code is always rejected as invalid. Also, my last package arrived late and the tracking never updated. Thank you.",urgent,Account,4.2,1
Upgrade billing question,"Good morning, I want to cancel my subscription at the end of the billing period, will I be charged again? Unfortunately this is causing problems for me. Looking forward to your reply.",high,Billing,6.9,0
How do I use custom reports?,"Hello team, I'm wondering whether your product supports offline mode. This is the third time I've contacted you about this. Unfortunately this is causing problems for me. Looking forward to your reply.",medium,General,7.7,0
Close my account,"Hi, Please delete my account and all associated data.",urgent,Account,3.9,0
Received someone else's order,"Hello, I received the wrong item, I ordered a blue one and got a red one. Overall I'm very happy with the service. Thanks.",high,Shipping,13.1,0
Does the product support calendar sync?,"Good morning, How do I get started with offline mode? I couldn't find it in the help center. Looking forward to your reply.",low,General,5.0,0
Unknown debit on my statement,"Good morning, I see a payment to you I don't recognise. I did not approve this transaction. Your team has always been really helpful, thanks in advance! Thank you.",low,Billing,15.1,1
Money taken without permission,"Hello, I see a payment to you I don't recognise. I did not approve this transaction. Unfortunately this is causing problems for me. Looking forward to your reply.",high,Billing,7.5,0
Package has not arrived,"My order #77310 was supposed to arrive 3 days ago and it's still not here. Additionally, I had a question about your support hours. Thank you.",medium,Shipping,27.1,0
Package was damaged,"Hi there, Half of the items in the package were damaged during delivery. This is the third time I've contacted you about this. I already tried logging out and back in, and I cleared the cache. Unfortunately this is causing problems for me. Thank you.",medium,Shipping,24.3,0
Card keeps getting declined,My payment keeps getting declined even though the card works everywhere else. This is quite frustrating. Thanks.,urgent,Billing,4.8,1
Incorrect invoice,"Hi, The receipt lists the Enterprise plan but I'm on a cheaper plan. Thank you.",low,Billing,14.8,0
Need a return label,"Hello team, Can you send me a return label so I can send the item back? Thank you.",high,Shipping,14.3,0
Delete my account,"Hi, How do I permanently delete my account? Additionally, the app shows an error when I try to export data.",low,Account,12.4,0
Money taken without permission,"Money was taken from my bank account without my permission, $249.00 on last Monday. Our SSL certificate and DNS configuration look correct. This is the third time I've contacted you about this. I restarted and reinstalled everything, nothing works. This is completely unacceptable! Please escalate this to a supervisor.",high,Billing,19.6,1
Password reset link not working,"Hello team, The password reset email never arrives in my inbox. Also, I was charged an extra fee on my last invoice. Thank you.",medium,Account,9.6,0
Data not syncing between devices,"Hi, The sync has been stuck on 'pending' for hours and my data is out of date. The server logs show a timeout on the API endpoint. This is the worst service I've ever experienced!! Looking forward to your reply.",urgent,Technical,20.9,0
Tracking number not updating,"Hi there, Tracking has shown 'in transit' at the same warehouse for a week. Also, I was charged an extra fee on my last invoice. Thanks.",medium,Shipping,29.8,0
No tracking information,"Hello team, The carrier website says the tracking number doesn't exist. Overall I'm very happy with the service.",medium,Shipping,19.8,0
Forgot password,"Hello, The password reset email never arrives in my inbox. Additionally, the app shows an error when I try to export data. I love your product and it's been great so far.",medium,Account,13.0,0
Website very slow,"Good morning, Exporting my data to CSV produces an empty file. Your team has always been really helpful, thanks in advance!",medium,Technical,18.9,0
Forgot password,"Hello team, The password reset email never arrives in my inbox. Unfortunately this is causing problems for me. Looking forward to your reply.",low,Account,8.1,0
Forgot password,"Hello team, The password reset email never arrives in my inbox. Thanks so much, I appreciate the quick help.",medium,Account,5.0,0
Package was damaged,"My order arrived with a cracked screen, the box was crushed by the courier. I love your product and it's been great so far. Thank you.",low,Shipping,27.6,1
Business hours inquiry,"Hello team, What are your support hours on weekends? I'm on an iPhone 14 on iOS 17 with app version 3.9.8. I love your product and it's been great so far. Regards.",low,General,7.0,0
Integration not working,The Slack integration stopped posting notifications yesterday. The browser console shows an exception with code E1042. Overall I'm very happy with the service. Looking forward to your reply.,low,Technical,49.7,0
Incorrect item in package,"Hi, The package contained someone else's order. Looking forward to your reply.",medium,Shipping,14.6,0
Business hours inquiry,"What are your support hours on weekends? Also, I was charged an extra fee on my last invoice.",low,General,7.3,0
Getting error messages,"Hi, I get a 500 internal server error whenever I open the dashboard. The browser console shows an exception with code 0x80070005. Our SSL certificate and DNS configuration look correct. I already tried logging out and back in, and I cleared the cache. Thank you.",low,Technical,49.8,0
Question about pricing and discounts,"Hello, Is there a discount coupon for annual billing? I want to switch from monthly payment. I am extremely frustrated and angry about this. I will cancel my subscription and switch to a competitor. Looking forward to your reply.",high,Billing,12.4,0
Package has not arrived,"Good morning, My order #61209 was supposed to arrive 7 days ago and it's still not here. The server logs show a timeout on the API endpoint. Additionally, the app shows an error when I try to export data. Please help.",low,Shipping,39.4,1
Crash when uploading files,"Hello team, The app crashes every time I try to upload a file larger than 10MB. The browser console shows an exception with code ERR_CONN_RESET. On top of that, I can't log in to my account on the mobile app. I'm furious. Your product is useless right now. Thank you.",medium,Technical,35.9,0
Password reset link not working,"Hi there, I forgot my password and the reset form says my email is not recognised. Honestly this is ridiculous and a total waste of my time. Regards.",high,Account,5.6,1
Website very slow,"The search feature is not working, it just keeps loading. Also, my last package arrived late and the tracking never updated.",medium,Technical,26.3,0
API requests timing out,The Slack integration stopped posting notifications yesterday. I'm on an iPhone 14 on iOS 17 with app version 4.2.1. The server logs show a timeout on the API endpoint. Looking forward to your reply.,low,Technical,56.0,0
Money taken without permission,"Hi, Money was taken from my bank account without my permission, $8.99 on the 15th. Unfortunately this is causing problems for me. Looking forward to your reply.",medium,Billing,14.1,0
Locked out of my account,My account was suspended without any notice and I can't log in. Please help.,medium,Account,8.1,0
Application keeps crashing,"The app crashes every time I try to upload a file larger than 10MB. Thanks so much, I appreciate the quick help. Looking forward to your reply.",low,Technical,24.7,0
Incorrect item in package,"The package contained someone else's order. Your team has always been really helpful, thanks in advance! Thank you.",low,Shipping,29.6,0
Export to CSV not working,"Good morning, Exporting my data to CSV produces an empty file. The browser console shows an exception with code E1042. I checked the network tab and the request returns a 502 error. Regards.",medium,Technical,39.8,0
Requesting a refund for order #77310,"Hi there, I requested a refund two weeks ago for $49.00 and have not received it. Please help.",medium,Billing,11.0,0
Question about features,"Hello, I'm wondering whether your product supports bulk export. I restarted and reinstalled everything, nothing works. I already tried logging out and back in, and I cleared the cache. Unfortunately this is causing problems for me.",medium,General,9.3,0
App crashes on startup,"Hi, The app crashes every time I try to upload a file larger than 10MB. I checked the network tab and the request returns a 502 error. Thank you.",medium,Technical,32.7,0
Partnership inquiry,"We're interested in a partnership with your company, who should we contact? I have followed the steps in your help article multiple times and it still happens. I restarted and reinstalled everything, nothing works. This is quite frustrating.",low,General,12.6,0
Refund request,"Hello team, I requested a refund two weeks ago for $49.00 and have not received it. I reached out last week and got no response. This is annoying and is slowing down my work. Regards.",urgent,Billing,10.1,1
Unknown debit on my statement,"Good morning, I see a payment to you I don't recognise. I did not approve this transaction. I have followed the steps in your help article multiple times and it still happens. I restarted and reinstalled everything, nothing works. I'm furious. Your product is useless right now. I want to speak to a manager immediately. Looking forward to your reply.",urgent,Billing,7.5,1
Partnership inquiry,"Hi, We're interested in a partnership with your company, who should we contact? I reached out last week and got no response. I'm a bit disappointed, to be honest. Thank you.",high,General,3.9,0
Question about features,"Hello, Could you give me some information about what's included in each plan? Regards.",low,General,8.0,0
Package was damaged,"Hi, The parcel arrived damaged and the item inside is broken. The server logs show a timeout on the API endpoint. I'm a bit disappointed, to be honest. Thank you.",urgent,Shipping,10.0,0
Crash when uploading files,"Good morning, Since the latest update the application crashes right after the splash screen. Also, my last package arrived late and the tracking never updated. Thank you.",medium,Technical,31.5,0
Feedback on the new design,"Hello, I wanted to share some feedback on the new design, it looks cleaner. Unfortunately this is causing problems for me. Thanks.",low,General,9.2,0
Feature request,It would be great if you added calendar sync in a future release. Looking forward to your reply.,medium,General,3.4,0
Upgrade billing question,"Hi there, I want to cancel my subscription at the end of the billing period, will I be charged again?",low,Billing,7.2,0
Business hours inquiry,"Hi there, Do you offer a student discount or nonprofit pricing? Our SSL certificate and DNS configuration look correct. I have followed the steps in your help article multiple times and it still happens. This is the third time I've contacted you about this. This is annoying and is slowing down my work. Please help.",medium,General,7.8,0
Invoice does not match my plan,"Good morning, The receipt lists the Enterprise plan but I'm on a cheaper plan. Regards.",medium,Billing,7.3,0
Business hours inquiry,"We're interested in a partnership with your company, who should we contact? Please help.",medium,General,2.6,0
Lost my authenticator,"Hi, I'm not receiving the two-factor verification code by SMS. Thanks so much, I appreciate the quick help. Thank you.",high,Account,3.8,0
Feedback on the new design,"Hello, A suggestion: it would be nice to have a dark mode. I'm a bit disappointed, to be honest. Thanks.",low,General,5.2,0
Feedback on the new design,"Hello team, I wanted to share some feedback on the new design, it looks cleaner. This is the third time I've contacted you about this. This is annoying and is slowing down my work. Please help.",low,General,7.6,0
Crash when uploading files,Since the latest update the application crashes right after the splash screen. Regards.,medium,Technical,17.0,0
Data not syncing between devices,Changes I make on my laptop don't sync to my phone anymore. The browser console shows an exception with code 0x80070005. This is annoying and is slowing down my work. Regards.,high,Technical,27.5,0
Website very slow,"Hello team, Exporting my data to CSV produces an empty file. The server logs show a timeout on the API endpoint. I'm on Chrome 126 with app version 3.9.8.",medium,Technical,33.8,0
Error 500 on dashboard,"Hello, The page shows error code 0x80070005 and nothing loads. The browser console shows an exception with code E1042. Thank you.",medium,Technical,24.7,0
Invoice amount is wrong,"Hi, The receipt lists the Team plan but I'm on a cheaper plan. Regards.",low,Billing,15.4,1
Account suspended,"Hi there, My account was suspended without any notice and I can't log in. Please help.",high,Account,3.4,0
Add a team member,"Good morning, I need to update my username and profile details. Additionally, the app shows an error when I try to export data. Overall I'm very happy with the service. Please help.",medium,Account,9.4,0
Double charge on my card,You took the subscription payment two times. Please refund the duplicate charge. Overall I'm very happy with the service.,medium,Billing,8.6,0
Package was damaged,"Hi there, The parcel arrived damaged and the item inside is broken. The server logs show a timeout on the API endpoint. Also, I was charged an extra fee on my last invoice. I'm furious. Your product is useless right now. Thank you.",high,Shipping,37.0,0
Webhook failures,"Hello, The Slack integration stopped posting notifications yesterday. The browser console shows an exception with code 502. The server logs show a timeout on the API endpoint. Looking forward to your reply.",medium,Technical,34.9,0
Data not syncing between devices,"Hello team, Changes I make on my laptop don't sync to my phone anymore. I checked the network tab and the request returns a 502 error. Regards.",low,Technical,32.5,0
Partnership inquiry,"We're interested in a partnership with your company, who should we contact? It keeps happening again and again for weeks now. I already tried logging out and back in, and I cleared the cache. This is annoying and is slowing down my work. Thanks.",low,General,10.1,0
Question about pricing and discounts,"Hello, Is there a discount coupon for annual billing? I want to switch from monthly payment. This is annoying and is slowing down my work.",low,Billing,20.8,0
Export to CSV not working,Exporting my data to CSV produces an empty file. This is quite frustrating. Thanks.,high,Technical,19.7,0
Does the product support custom reports?,Could you give me some information about what's included in each plan? Thanks.,medium,General,3.6,0
Requesting a refund for order #55321,"Hello, Please process a refund for order #98012, I never used the service after paying. This is the third time I've contacted you about this. This is annoying and is slowing down my work. Please help.",urgent,Billing,9.4,1
Locked out of my account,"Hello, My account got locked after a few failed login attempts. I reached out last week and got no response. It keeps happening again and again for weeks now. This is quite frustrating.",urgent,Account,8.2,1
Charged twice for my subscription,"I was billed twice for my Enterprise plan this month, two charges of $99.00 on my credit card. I have followed the steps in your help article multiple times and it still happens. This is the third time I've contacted you about this. This is annoying and is slowing down my work. Thanks.",high,Billing,15.4,0
Invoice does not match my plan,The invoice for the 15th shows $49.00 but my plan should cost less. It keeps happening again and again for weeks now. This is annoying and is slowing down my work.,medium,Billing,27.3,0
Tracking stuck,"Hello, The carrier website says the tracking number doesn't exist. I love your product and it's been great so far. Looking forward to your reply.",medium,Shipping,15.3,0
Invoice amount is wrong,The receipt lists the Team plan but I'm on a cheaper plan. I have followed the steps in your help article multiple times and it still happens. It keeps happening again and again for weeks now. Honestly this is ridiculous and a total waste of my time. Regards.,high,Billing,11.9,1
Where is my order?,"Hello, I ordered 12 days ago and still have no delivery. The server logs show a timeout on the API endpoint. I reached out last week and got no response. I have followed the steps in your help article multiple times and it still happens. Regards.",medium,Shipping,27.2,0
Invoice amount is wrong,My latest invoice includes fees I don't recognise. Can you explain the charges?,urgent,Billing,8.3,0
How do I use custom reports?,"Good morning, Could you give me some information about what's included in each plan? It keeps happening again and again for weeks now. I already tried logging out and back in, and I cleared the cache. This is annoying and is slowing down my work. Thank you.",low,General,11.3,0
Crash when uploading files,"Hello, Since the latest update the application crashes right after the splash screen. The browser console shows an exception with code 0x80070005. This is quite frustrating. Regards.",high,Technical,33.6,0
Lost my authenticator,The verification code is always rejected as invalid. Regards.,medium,Account,4.4,0
Duplicate payment this month,"Good morning, I was billed twice for my Team plan this month, two charges of $19.99 on my credit card. I'm furious. Your product is useless right now. Regards.",high,Billing,7.7,0
Crash when uploading files,"Hi, The app crashes every time I try to upload a file larger than 10MB. The server logs show a timeout on the API endpoint. This is quite frustrating. Looking forward to your reply.",medium,Technical,24.0,1
Does the product support single sign-on?,Could you give me some information about what's included in each plan? It keeps happening again and again for weeks now. Thank you.,low,General,12.8,0
Suggestion for improvement,"Good morning, A suggestion: it would be nice to have a dark mode. I'm a bit disappointed, to be honest. Please help.",low,General,7.7,0
Change email address,"Hello team, I need to update my username and profile details. It keeps happening again and again for weeks now. I reached out last week and got no response. Also, my last package arrived late and the tracking never updated. I love your product and it's been great so far. Thanks.",medium,Account,18.3,1
Unauthorized charge,"Hi, There is a $99.00 debit from your company on my account that I never authorized. Thank you.",medium,Billing,8.7,0
Data not syncing between devices,"Hello team, The sync has been stuck on 'pending' for hours and my data is out of date. I checked the network tab and the request returns a 502 error. Thanks so much, I appreciate the quick help. Thanks.",low,Technical,37.8,0
Tracking number not updating,"Hello, The carrier website says the tracking number doesn't exist. This is the third time I've contacted you about this. I have followed the steps in your help article multiple times and it still happens. I'm furious. Your product is useless right now. Please help.",high,Shipping,24.9,0
Pages take forever to load,"Hi, The website has been extremely slow, pages take over a minute to load. Our SSL certificate and DNS configuration look correct. Regards.",medium,Technical,28.3,0
Tracking number not updating,"Tracking has shown 'in transit' at the same warehouse for a week. I already tried logging out and back in, and I cleared the cache. This is quite frustrating. Thank you.",low,Shipping,31.1,0
Incorrect item in package,"Good morning, I received the wrong item, I ordered a blue one and got a red one. This is the third time I've contacted you about this. I restarted and reinstalled everything, nothing works. I'm a bit disappointed, to be honest. Looking forward to your reply.",high,Shipping,28.0,1
Cannot update payment method,"Hello team, My payment keeps getting declined even though the card works everywhere else.",low,Billing,19.8,0
Double charge on my card,My bank statement shows the same $49.00 transaction twice on yesterday. Regards.,high,Billing,8.7,0
Account locked,I'm locked out and can't sign in to access my projects. The server logs show a timeout on the API endpoint. Looking forward to your reply.,medium,Account,6.0,0
App crashes on startup,"Good morning, The app crashes every time I try to upload a file larger than 10MB. Thanks.",low,Technical,27.7,0
Need a return label,"Hi, Please update my delivery address, I've moved. Also, I was charged an extra fee on my last invoice. Looking forward to your reply.",medium,Shipping,22.6,0
Partnership inquiry,"Good morning, Do you offer a student discount or nonprofit pricing? Your team has always been really helpful, thanks in advance! Regards.",low,General,6.5,0
Pages take forever to load,"Good morning, The search feature is not working, it just keeps loading. Our SSL certificate and DNS configuration look correct. This is quite frustrating.",medium,Technical,42.7,0
Cannot update payment method,"Hi there, My payment keeps getting declined even though the card works everywhere else. The server logs show a timeout on the API endpoint. This is the third time I've contacted you about this. I have followed the steps in your help article multiple times and it still happens. This is the worst service I've ever experienced!! Thanks.",medium,Billing,19.1,1
Student discount?,"Hi there, Do you offer a student discount or nonprofit pricing?",low,General,5.0,0
Requesting a refund for order #61209,"Hello, I requested a refund two weeks ago for $49.00 and have not received it. Thank you.",high,Billing,9.7,0
Error 500 on dashboard,The page shows error code 0x80070005 and nothing loads. I'm on a Pixel 8 on Android 14 with app version 4.2.1. Thank you.,medium,Technical,21.0,1
Incorrect item in package,The package contained someone else's order.,urgent,Shipping,10.6,0
Package was damaged,"Hi there, My order arrived with a cracked screen, the box was crushed by the courier. Honestly this is ridiculous and a total waste of my time. Regards.",medium,Shipping,19.3,0
Payment declined,"Hi, I tried to update my credit card details but the payment page rejects the card. I'm a bit disappointed, to be honest. Thank you.",medium,Billing,9.6,0
Unauthorized charge,"Hello, Money was taken from my bank account without my permission, $19.99 on yesterday. I already tried logging out and back in, and I cleared the cache. I restarted and reinstalled everything, nothing works. Additionally, the app shows an error when I try to export data. I'm furious. Your product is useless right now. Please escalate this to a supervisor. Regards.",high,Billing,17.7,1
Getting error messages,The page shows error code 502 and nothing loads. I checked the network tab and the request returns a 502 error. Regards.,low,Technical,55.3,0
Close my account,I would like to deactivate my profile and close the account. The browser console shows an exception with code ERR_CONN_RESET. Regards.,low,Account,10.5,0
Refund request,"Hi there, I cancelled within the trial period but was still charged $12.50. I would like a refund. I love your product and it's been great so far. Please help.",high,Billing,5.5,0
Question about features,"How do I get started with custom reports? I couldn't find it in the help center. Thanks so much, I appreciate the quick help. Thank you.",low,General,6.7,0
Tracking stuck,"Good morning, Tracking has shown 'in transit' at the same warehouse for a week. Looking forward to your reply.",medium,Shipping,16.8,0
Crash when uploading files,"Good morning, Since the latest update the application crashes right after the splash screen. I checked the network tab and the request returns a 502 error. Also, I was charged an extra fee on my last invoice. Please help.",high,Technical,33.3,0
Package has not arrived,"Hi, I ordered 5 days ago and still have no delivery. Please help.",high,Shipping,19.2,0
How do I use single sign-on?,"Hello team, Could you give me some information about what's included in each plan? Looking forward to your reply.",medium,General,2.7,0
Website very slow,"Hello, The search feature is not working, it just keeps loading. I'm on Windows 11 with app version 3.9.8. Also, my last package arrived late and the tracking never updated. Your team has always been really helpful, thanks in advance!",low,Technical,94.5,0
Crash when uploading files,"Good morning, The mobile app freezes and then crashes when I open the reports section. Our SSL certificate and DNS configuration look correct. I checked the network tab and the request returns a 502 error. Please help.",medium,Technical,30.9,0
Where is my order?,I ordered 5 days ago and still have no delivery. Looking forward to your reply.,medium,Shipping,19.3,0
Cancel subscription billing,"Hi there, If I upgrade to the Team plan mid-cycle, how will the billing be prorated? Thanks so much, I appreciate the quick help. Thank you.",high,Billing,10.7,0
Pages take forever to load,"Hello, The website has been extremely slow, pages take over a minute to load. On top of that, I can't log in to my account on the mobile app. Looking forward to your reply.",high,Technical,24.8,0
Data not syncing between devices,"Changes I make on my laptop don't sync to my phone anymore. The server logs show a timeout on the API endpoint. Our SSL certificate and DNS configuration look correct. I'm a bit disappointed, to be honest. Regards.",high,Technical,52.1,0
Order #77310 not delivered,"Hello, The package was marked as shipped but never arrived. I love your product and it's been great so far. Please help.",medium,Shipping,20.1,1
Incorrect item in package,"Hello team, The package contained someone else's order. I have followed the steps in your help article multiple times and it still happens. This is the worst service I've ever experienced!! Looking forward to your reply.",medium,Shipping,32.5,0
Want my money back,"Good morning, Please process a refund for order #55321, I never used the service after paying. Additionally, I had a question about your support hours. Please help.",medium,Billing,15.5,0
Server error when saving,"Hi there, The page shows error code 0x80070005 and nothing loads. This is quite frustrating. Thank you.",low,Technical,46.7,0
Account suspended,"Good morning, My account got locked after a few failed login attempts. I love your product and it's been great so far. Regards.",high,Account,4.0,1
Business hours inquiry,"We're interested in a partnership with your company, who should we contact? Thank you.",low,General,5.7,0
Application keeps crashing,The app crashes every time I try to upload a file larger than 10MB. Our SSL certificate and DNS configuration look correct. I checked the network tab and the request returns a 502 error. I love your product and it's been great so far. Looking forward to your reply.,medium,Technical,25.1,0
Forgot password,"Hello team, When I click the reset link it says the token is invalid or expired. Thanks.",medium,Account,7.0,0
Payment declined,"Hello team, I tried to update my credit card details but the payment page rejects the card. This is the worst service I've ever experienced!! I will be leaving a review on social media about this. Looking forward to your reply.",urgent,Billing,7.2,1
Two-factor code not received,"Hi, I got a new phone and lost my authenticator app, now I can't pass 2FA. I checked the network tab and the request returns a 502 error. Additionally, I had a question about your support hours. This is the worst service I've ever experienced!! I want to speak to a manager immediately. Please help.",medium,Account,6.9,1
Incorrect invoice,"Good morning, My latest invoice includes fees I don't recognise. Can you explain the charges? Thanks so much, I appreciate the quick help. Regards.",medium,Billing,10.4,0
How do I use calendar sync?,"Hello, Could you give me some information about what's included in each plan? On top of that, I can't log in to my account on the mobile app. Regards.",low,General,5.9,0
Wrong item delivered,"I received the wrong item, I ordered a blue one and got a red one. I have followed the steps in your help article multiple times and it still happens. I restarted and reinstalled everything, nothing works. This is quite frustrating. Looking forward to your reply.",high,Shipping,29.7,0
Add a team member,"Good morning, I need to update my username and profile details. I'm a bit disappointed, to be honest. Looking forward to your reply.",urgent,Account,5.0,0
Requesting a refund for order #61209,"Hello, Please process a refund for order #30055, I never used the service after paying. Our SSL certificate and DNS configuration look correct. I love your product and it's been great so far. Thank you.",medium,Billing,13.7,0
How do I use bulk export?,"Hello, Could you give me some information about what's included in each plan? I already tried logging out and back in, and I cleared the cache. This is the third time I've contacted you about this. Also, I was charged an extra fee on my last invoice. This is annoying and is slowing down my work. Thanks.",medium,General,13.2,0
Wrong item delivered,"The item delivered doesn't match what I ordered in order #30055. The server logs show a timeout on the API endpoint. Additionally, I had a question about your support hours. Please help.",medium,Shipping,23.0,1
Deactivate profile,"Hello, How do I permanently delete my account? The server logs show a timeout on the API endpoint. I am extremely frustrated and angry about this. Thank you.",medium,Account,9.8,1
Integration not working,"Hello team, Webhooks are failing with a timeout and our integration is broken. I restarted and reinstalled everything, nothing works. I reached out last week and got no response. I'm a bit disappointed, to be honest. Thanks.",low,Technical,54.8,1
Invoice does not match my plan,"My latest invoice includes fees I don't recognise. Can you explain the charges? On top of that, I can't log in to my account on the mobile app. This is quite frustrating. Please help.",high,Billing,17.3,1
Change email address,"Hi, I want to add a new team member to my account with admin permissions. Regards.",low,Account,11.7,0
Forgot password,"Hi, The password reset email never arrives in my inbox.",medium,Account,5.3,0
Requesting a refund for order #77310,"I cancelled within the trial period but was still charged $99.00. I would like a refund. Additionally, the app shows an error when I try to export data. I love your product and it's been great so far. Regards.",urgent,Billing,12.4,1
Forgot password,"Hi, I forgot my password and the reset form says my email is not recognised. Please help.",medium,Account,5.2,0
Delete my account,I would like to deactivate my profile and close the account. Regards.,medium,Account,8.1,0
Tracking stuck,"Hi there, The carrier website says the tracking number doesn't exist. This is the third time I've contacted you about this. This is the worst service I've ever experienced!! Looking forward to your reply.",medium,Shipping,27.9,0
Cancel subscription billing,"Hello, If I upgrade to the Premium plan mid-cycle, how will the billing be prorated? Also, my last package arrived late and the tracking never updated. Thanks.",medium,Billing,24.4,0
Double charge on my card,"Hi there, You took the subscription payment two times. Please refund the duplicate charge. Please help.",high,Billing,7.5,0
Cannot reset my password,"Hi, When I click the reset link it says the token is invalid or expired. I'm a bit disappointed, to be honest. Thank you.",low,Account,9.0,0
Change email address,"Hi there, I want to add a new team member to my account with admin permissions. I have followed the steps in your help article multiple times and it still happens. Additionally, I had a question about your support hours. Unfortunately this is causing problems for me. Thanks.",urgent,Account,7.2,0
Integration not working,"Hello team, Webhooks are failing with a timeout and our integration is broken. Honestly this is ridiculous and a total waste of my time. I want to speak to a manager immediately.",medium,Technical,21.5,1
Data not syncing between devices,"Edits made by my team are not showing up, looks like sync failed. Also, my last package arrived late and the tracking never updated. I'm furious. Your product is useless right now. Please help.",medium,Technical,47.2,1
Lost my authenticator,I'm not receiving the two-factor verification code by SMS. I reached out last week and got no response. Honestly this is ridiculous and a total waste of my time. I want to speak to a manager immediately. Regards.,medium,Account,8.8,1
Card keeps getting declined,"Hi there, The subscription renewal failed and now I can't pay the outstanding balance. Regards.",low,Billing,30.7,0
Close my account,"How do I permanently delete my account? Your team has always been really helpful, thanks in advance! Looking forward to your reply.",medium,Account,5.6,0
Card keeps getting declined,The subscription renewal failed and now I can't pay the outstanding balance.,urgent,Billing,6.1,0
Suggestion for improvement,"Hi there, It would be great if you added offline mode in a future release. Thank you.",low,General,6.2,0
API requests timing out,"Webhooks are failing with a timeout and our integration is broken. Our SSL certificate and DNS configuration look correct. I checked the network tab and the request returns a 502 error. I'm a bit disappointed, to be honest. Thanks.",high,Technical,36.3,0
Received someone else's order,The item delivered doesn't match what I ordered in order #55321. Unfortunately this is causing problems for me. Regards.,low,Shipping,28.0,0
Change email address,"Good morning, How can I change the email address on my account profile? The browser console shows an exception with code ERR_CONN_RESET. This is annoying and is slowing down my work.",medium,Account,9.3,0
Money taken without permission,"Hi, There is a $99.00 debit from your company on my account that I never authorized. Thanks so much, I appreciate the quick help. Looking forward to your reply.",medium,Billing,12.1,0
Refund request,I cancelled within the trial period but was still charged $249.00. I would like a refund.,low,Billing,16.1,0
Invoice amount is wrong,The invoice for yesterday shows $99.00 but my plan should cost less.,medium,Billing,8.5,0
Data not syncing between devices,"Edits made by my team are not showing up, looks like sync failed. I love your product and it's been great so far. Thank you.",high,Technical,15.4,0
Integration not working,Our API calls to the orders endpoint keep timing out after 30 seconds. Please help.,medium,Technical,23.0,0
Question about pricing and discounts,"Is there a discount coupon for annual billing? I want to switch from monthly payment. I restarted and reinstalled everything, nothing works. This is the third time I've contacted you about this. This is the worst service I've ever experienced!! Please help.",medium,Billing,18.3,1
Partnership inquiry,Do you offer a student discount or nonprofit pricing?,low,General,8.6,0
Partnership inquiry,"Hi there, What are your support hours on weekends? Thanks so much, I appreciate the quick help. Please help.",medium,General,4.6,0
Charged twice for my subscription,"Hi, I was billed twice for my Pro plan this month, two charges of $249.00 on my credit card. I am extremely frustrated and angry about this. Thank you.",high,Billing,13.0,0
Item arrived broken,"Hi, The parcel arrived damaged and the item inside is broken. Additionally, I had a question about your support hours. Unfortunately this is causing problems for me. Thanks.",high,Shipping,21.5,0
Received someone else's order,"Hi, The package contained someone else's order.",low,Shipping,25.2,0
Getting error messages,"Hi there, I get a 500 internal server error whenever I open the dashboard. I checked the network tab and the request returns a 502 error. Regards.",medium,Technical,30.4,1
Website very slow,"Hi there, Exporting my data to CSV produces an empty file. I'm on Chrome 126 with app version 5.0.2. This is annoying and is slowing down my work. Thanks.",high,Technical,20.9,0
Where is my order?,"The package was marked as shipped but never arrived. I restarted and reinstalled everything, nothing works. Unfortunately this is causing problems for me. Please help.",medium,Shipping,36.6,0
Export to CSV not working,"Hi, The website has been extremely slow, pages take over a minute to load. I checked the network tab and the request returns a 502 error. Please help.",low,Technical,33.7,0
Requesting a refund for order #10482,"Hi there, I cancelled within the trial period but was still charged $19.99. I would like a refund. I already tried logging out and back in, and I cleared the cache. Also, my last package arrived late and the tracking never updated. This is the worst service I've ever experienced!! I'm considering legal action. Looking forward to your reply.",medium,Billing,32.5,1
API requests timing out,"Hi, The Slack integration stopped posting notifications yesterday. I'm on a Pixel 8 on Android 14 with app version 3.9.8. Also, my last package arrived late and the tracking never updated. Looking forward to your reply.",medium,Technical,35.6,0
Delete my account,I would like to deactivate my profile and close the account. The server logs show a timeout on the API endpoint. This is quite frustrating.,urgent,Account,3.9,1
API requests timing out,"Hi there, Our API calls to the orders endpoint keep timing out after 30 seconds. Also, my last package arrived late and the tracking never updated. Overall I'm very happy with the service. Regards.",low,Technical,63.1,0
Update my username,"I need to update my username and profile details. Additionally, the app shows an error when I try to export data. Please help.",high,Account,8.3,0
Add a team member,"Hi, I want to add a new team member to my account with admin permissions. Additionally, the app shows an error when I try to export data. Thanks.",medium,Account,9.6,0
Upgrade billing question,"Hello team, Is there a discount coupon for annual billing? I want to switch from monthly payment. Additionally, I had a question about your support hours. Looking forward to your reply.",medium,Billing,16.6,0
Invoice amount is wrong,"Hello team, My latest invoice includes fees I don't recognise. Can you explain the charges? I checked the network tab and the request returns a 502 error. Overall I'm very happy with the service. Please help.",low,Billing,15.4,0
Invoice amount is wrong,"Hi there, The receipt lists the Business plan but I'm on a cheaper plan. I reached out last week and got no response. I already tried logging out and back in, and I cleared the cache. Additionally, the app shows an error when I try to export data. I am extremely frustrated and angry about this. If this isn't fixed I will dispute the charge with my bank. Looking forward to your reply.",medium,Billing,23.5,0
Server error when saving,"Hello, Saving a project fails with the message 'unexpected error, please try again'. I checked the network tab and the request returns a 502 error. Looking forward to your reply.",low,Technical,51.7,0
Payment declined,"Hi there, I tried to update my credit card details but the payment page rejects the card. Honestly this is ridiculous and a total waste of my time. Thank you.",low,Billing,19.5,0
Integration not working,"Good morning, Our API calls to the orders endpoint keep timing out after 30 seconds. Additionally, I had a question about your support hours. Unfortunately this is causing problems for me.",medium,Technical,44.2,0
Crash when uploading files,"Hi, Since the latest update the application crashes right after the splash screen. This is annoying and is slowing down my work. Thanks.",urgent,Technical,16.6,0
Integration not working,"Hello, The Slack integration stopped posting notifications yesterday. I'm on a Pixel 8 on Android 14 with app version 5.0.2. The server logs show a timeout on the API endpoint. Also, my last package arrived late and the tracking never updated. This is annoying and is slowing down my work. Looking forward to your reply.",medium,Technical,44.3,0
Does the product support bulk export?,I'm wondering whether your product supports single sign-on.,medium,General,3.4,0
Changes not saving,"Good morning, Edits made by my team are not showing up, looks like sync failed. I'm on Windows 11 with app version 5.0.2. Also, I was charged an extra fee on my last invoice. Thank you.",medium,Technical,43.4,0
Update delivery address,"Please update my delivery address, I've moved. Thank you.",medium,Shipping,26.1,0
Received damaged item,"Hi there, My order arrived with a cracked screen, the box was crushed by the courier. I have followed the steps in your help article multiple times and it still happens.",urgent,Shipping,12.1,0
Close my account,"Hello team, Please delete my account and all associated data. This is the worst service I've ever experienced!! Please help.",medium,Account,9.7,0
Does the product support offline mode?,"Good morning, I'm wondering whether your product supports single sign-on. I'm a bit disappointed, to be honest. Looking forward to your reply.",medium,General,6.8,0
Charged twice for my subscription,My bank statement shows the same $8.99 transaction twice on June 1st. Please help.,high,Billing,8.1,0
Student discount?,What are your support hours on weekends? Thanks.,medium,General,4.3,0
No tracking information,"Hi there, The carrier website says the tracking number doesn't exist. I am extremely frustrated and angry about this. Please help.",medium,Shipping,22.9,0
Crash when uploading files,"Hi, The app crashes every time I try to upload a file larger than 10MB. I'm on an iPhone 14 on iOS 17 with app version 4.2.1. On top of that, I can't log in to my account on the mobile app.",high,Technical,52.1,0
Error 500 on dashboard,"Hello team, Saving a project fails with the message 'unexpected error, please try again'. Thanks so much, I appreciate the quick help. Regards.",medium,Technical,18.5,0
2FA problem,"Hi, The verification code is always rejected as invalid. Looking forward to your reply.",medium,Account,7.6,0
2FA problem,"Hello, I got a new phone and lost my authenticator app, now I can't pass 2FA. Thanks so much, I appreciate the quick help. Looking forward to your reply.",high,Account,4.1,0
Package was damaged,"My order arrived with a cracked screen, the box was crushed by the courier. Overall I'm very happy with the service. Regards.",medium,Shipping,19.2,0
Student discount?,"Hello team, Do you offer a student discount or nonprofit pricing? Thanks.",low,General,7.8,0
Package was damaged,"Good morning, Half of the items in the package were damaged during delivery. Unfortunately this is causing problems for me.",medium,Shipping,19.2,0
Where is my order?,The package was marked as shipped but never arrived. I am extremely frustrated and angry about this. I will cancel my subscription and switch to a competitor. Please help.,medium,Shipping,22.8,1
Deactivate profile,"Hi there, How do I permanently delete my account? Overall I'm very happy with the service.",medium,Account,3.3,0
Getting error messages,"Hello team, I get a 500 internal server error whenever I open the dashboard. The server logs show a timeout on the API endpoint. I already tried logging out and back in, and I cleared the cache. I have followed the steps in your help article multiple times and it still happens. I love your product and it's been great so far. Regards.",medium,Technical,39.5,0
Locked out of my account,"I'm locked out and can't sign in to access my projects. I'm a bit disappointed, to be honest. Thanks.",medium,Account,5.0,0
API requests timing out,"Hi, Webhooks are failing with a timeout and our integration is broken. I checked the network tab and the request returns a 502 error. The server logs show a timeout on the API endpoint. This is completely unacceptable! Please help.",low,Technical,107.1,0
Integration not working,"Hi, Webhooks are failing with a timeout and our integration is broken. The browser console shows an exception with code ERR_CONN_RESET. Our SSL certificate and DNS configuration look correct. Also, my last package arrived late and the tracking never updated. Thanks so much, I appreciate the quick help. Looking forward to your reply.",medium,Technical,44.0,1
Tracking stuck,"Hello team, The tracking number for order #30055 hasn't updated in 10 days. It keeps happening again and again for weeks now. I already tried logging out and back in, and I cleared the cache.",low,Shipping,34.9,0
Change email address,"Hello, I need to update my username and profile details. I love your product and it's been great so far. Thank you.",high,Account,3.2,0
Business hours inquiry,"Hi, What are your support hours on weekends? I already tried logging out and back in, and I cleared the cache. Regards.",low,General,13.0,0
Export to CSV not working,"Good morning, Exporting my data to CSV produces an empty file. Our SSL certificate and DNS configuration look correct. The browser console shows an exception with code E1042. I reached out last week and got no response. This is the third time I've contacted you about this. Also, I was charged an extra fee on my last invoice.",low,Technical,150.2,0
Error 500 on dashboard,"Hi, I get a 500 internal server error whenever I open the dashboard. Our SSL certificate and DNS configuration look correct. The browser console shows an exception with code E1042. This is quite frustrating. Thanks.",medium,Technical,27.6,0
Password reset link not working,"Hi there, The password reset email never arrives in my inbox. Thanks so much, I appreciate the quick help. Please help.",medium,Account,6.2,0
Invoice amount is wrong,"Hi there, My latest invoice includes fees I don't recognise. Can you explain the charges? I love your product and it's been great so far. Regards.",low,Billing,15.1,0
No tracking information,"Hi, Tracking has shown 'in transit' at the same warehouse for a week. Thanks.",low,Shipping,20.0,0
Card keeps getting declined,"Hi there, The subscription renewal failed and now I can't pay the outstanding balance. Please help.",medium,Billing,13.7,0
Card keeps getting declined,I tried to update my credit card details but the payment page rejects the card. Thank you.,medium,Billing,9.0,0
Account suspended,"Hello, My account was suspended without any notice and I can't log in. Thank you.",medium,Account,3.8,0
Incorrect invoice,"Hello team, The invoice for June 1st shows $8.99 but my plan should cost less. Thanks.",medium,Billing,10.5,1
Getting error messages,"Good morning, Saving a project fails with the message 'unexpected error, please try again'. Our SSL certificate and DNS configuration look correct. The browser console shows an exception with code 403. Please help.",low,Technical,68.4,0
Payment declined,"Hello team, I tried to update my credit card details but the payment page rejects the card. Please help.",medium,Billing,7.0,0
Order #10482 not delivered,"Hello, My order #98012 was supposed to arrive 7 days ago and it's still not here. Please help.",medium,Shipping,14.5,0
Student discount?,"Hi there, We're interested in a partnership with your company, who should we contact? Thank you.",low,General,6.8,0
Payment declined,"Good morning, My payment keeps getting declined even though the card works everywhere else. The browser console shows an exception with code E1042. Additionally, I had a question about your support hours. This is completely unacceptable! I will be leaving a review on social media about this. Please help.",medium,Billing,29.2,1
Website very slow,"Good morning, The search feature is not working, it just keeps loading. I checked the network tab and the request returns a 502 error. It keeps happening again and again for weeks now. I already tried logging out and back in, and I cleared the cache. This is quite frustrating. Thanks.",urgent,Technical,20.9,1
Application keeps crashing,"Hello team, Since the latest update the application crashes right after the splash screen. I checked the network tab and the request returns a 502 error. Looking forward to your reply.",urgent,Technical,16.5,0
Package was damaged,"Hi there, Half of the items in the package were damaged during delivery. I'm a bit disappointed, to be honest. Thanks.",medium,Shipping,17.8,0
Student discount?,"Hello, Do you offer a student discount or nonprofit pricing? Thanks.",medium,General,5.0,0
Duplicate payment this month,"Hi there, My bank statement shows the same $19.99 transaction twice on yesterday. The browser console shows an exception with code 403. This is the third time I've contacted you about this. It keeps happening again and again for weeks now. This is the worst service I've ever experienced!!",high,Billing,18.6,1
Package has not arrived,"Hi, I ordered 5 days ago and still have no delivery. It keeps happening again and again for weeks now. Looking forward to your reply.",medium,Shipping,43.3,0
Sync is broken,"Good morning, Edits made by my team are not showing up, looks like sync failed. I checked the network tab and the request returns a 502 error. The server logs show a timeout on the API endpoint. Additionally, I had a question about your support hours. Overall I'm very happy with the service. Please help.",medium,Technical,73.4,0
Invoice does not match my plan,"Hi there, The receipt lists the Premium plan but I'm on a cheaper plan. Thanks.",medium,Billing,12.8,0
Changes not saving,"Hello, Edits made by my team are not showing up, looks like sync failed. The browser console shows an exception with code 0x80070005. I'm on Chrome 126 with app version 4.2.1. I am extremely frustrated and angry about this. I'm considering legal action.",urgent,Technical,26.7,1
Forgot password,"Hi there, When I click the reset link it says the token is invalid or expired. It keeps happening again and again for weeks now. This is the worst service I've ever experienced!! I want to speak to a manager immediately. Looking forward to your reply.",high,Account,7.7,1
Student discount?,"Hi there, We're interested in a partnership with your company, who should we contact? I love your product and it's been great so far. Please help.",high,General,3.8,0
Application keeps crashing,"The mobile app freezes and then crashes when I open the reports section. On top of that, I can't log in to my account on the mobile app. Unfortunately this is causing problems for me. Looking forward to your reply.",low,Technical,86.9,0
Password reset link not working,"Good morning, The password reset email never arrives in my inbox. I restarted and reinstalled everything, nothing works. I have followed the steps in your help article multiple times and it still happens. Additionally, the app shows an error when I try to export data. Thanks.",medium,Account,10.2,0
Want my money back,"Hello team, Please process a refund for order #77310, I never used the service after paying. On top of that, I can't log in to my account on the mobile app. Thank you.",high,Billing,12.2,0
Crash when uploading files,"Good morning, The app crashes every time I try to upload a file larger than 10MB. I checked the network tab and the request returns a 502 error. Additionally, I had a question about your support hours. Please help.",medium,Technical,55.8,0
Crash when uploading files,The mobile app freezes and then crashes when I open the reports section. I checked the network tab and the request returns a 502 error. I'm on a Pixel 8 on Android 14 with app version 4.3.0. I have followed the steps in your help article multiple times and it still happens. This is the third time I've contacted you about this. Thanks.,urgent,Technical,30.6,1
Change shipping address,"Good morning, I need to change the shipping address for order #10482 before it's dispatched. I love your product and it's been great so far. Thank you.",medium,Shipping,13.8,0
Does the product support offline mode?,"Hi, Could you give me some information about what's included in each plan? I love your product and it's been great so far. Thank you.",low,General,6.7,0
Export to CSV not working,"Exporting my data to CSV produces an empty file. The server logs show a timeout on the API endpoint. I'm a bit disappointed, to be honest. Thank you.",medium,Technical,24.8,0
Incorrect invoice,"Hello team, My latest invoice includes fees I don't recognise. Can you explain the charges? Also, my last package arrived late and the tracking never updated. I'm a bit disappointed, to be honest. Regards.",urgent,Billing,12.7,1
Feature request,"I wanted to share some feedback on the new design, it looks cleaner. Unfortunately this is causing problems for me. Thanks.",medium,General,6.0,0
Received damaged item,"Hi, Half of the items in the package were damaged during delivery. Also, I was charged an extra fee on my last invoice. This is completely unacceptable! Please escalate this to a supervisor. Thanks.",urgent,Shipping,17.6,1
Two-factor code not received,"Good morning, I'm not receiving the two-factor verification code by SMS. Looking forward to your reply.",medium,Account,6.3,0
Error 500 on dashboard,"Good morning, I get a 500 internal server error whenever I open the dashboard. Our SSL certificate and DNS configuration look correct. It keeps happening again and again for weeks now. I reached out last week and got no response. I am extremely frustrated and angry about this. I will be leaving a review on social media about this. Looking forward to your reply.",high,Technical,40.7,0
Change email address,"Hi there, I need to update my username and profile details. I have followed the steps in your help article multiple times and it still happens. Looking forward to your reply.",medium,Account,7.1,0
Incorrect item in package,"Hello team, The item delivered doesn't match what I ordered in order #10482. Regards.",low,Shipping,26.2,0
Tracking number not updating,"Hello, The carrier website says the tracking number doesn't exist. Additionally, the app shows an error when I try to export data. Thanks.",medium,Shipping,24.6,0
Money taken without permission,"Hello team, Money was taken from my bank account without my permission, $12.50 on last Monday. I restarted and reinstalled everything, nothing works. I reached out last week and got no response. This is the worst service I've ever experienced!! Thanks.",urgent,Billing,8.9,0
Received someone else's order,"I received the wrong item, I ordered a blue one and got a red one. I restarted and reinstalled everything, nothing works. I reached out last week and got no response. Unfortunately this is causing problems for me. Regards.",high,Shipping,24.1,0
Two-factor code not received,"Hello team, The verification code is always rejected as invalid. Please help.",medium,Account,5.7,0
Deactivate profile,"Hi there, I would like to deactivate my profile and close the account. I'm furious. Your product is useless right now. Thank you.",high,Account,7.6,1
Question about features,"Good morning, I'm wondering whether your product supports custom reports. Thank you.",low,General,9.0,0
Received someone else's order,The package contained someone else's order. The server logs show a timeout on the API endpoint. Thank you.,medium,Shipping,20.7,0
Update delivery address,"Please update my delivery address, I've moved. I'm furious. Your product is useless right now. Thanks.",urgent,Shipping,12.9,1
Application keeps crashing,"Good morning, The mobile app freezes and then crashes when I open the reports section.",low,Technical,37.5,0
Student discount?,"Good morning, Do you offer a student discount or nonprofit pricing? Thanks.",low,General,6.0,0
Pages take forever to load,"Hello team, Exporting my data to CSV produces an empty file. Thanks so much, I appreciate the quick help.",low,Technical,27.8,0
Crash when uploading files,"Since the latest update the application crashes right after the splash screen. The server logs show a timeout on the API endpoint. I already tried logging out and back in, and I cleared the cache. This is the third time I've contacted you about this. I'm a bit disappointed, to be honest.",medium,Technical,45.7,1
Charged twice for my subscription,"Hello, I was billed twice for my Pro plan this month, two charges of $12.50 on my credit card. Unfortunately this is causing problems for me. Looking forward to your reply.",high,Billing,10.2,0
Application keeps crashing,"Hi, The mobile app freezes and then crashes when I open the reports section. I'm on macOS Sonoma with app version 4.2.1. Honestly this is ridiculous and a total waste of my time. I will cancel my subscription and switch to a competitor. Please help.",high,Technical,29.7,0
Cannot update payment method,"Hello, I tried to update my credit card details but the payment page rejects the card. I'm a bit disappointed, to be honest.",low,Billing,17.3,0
Business hours inquiry,"Hi there, What are your support hours on weekends? Your team has always been really helpful, thanks in advance! Thank you.",low,General,6.6,0
Data not syncing between devices,The sync has been stuck on 'pending' for hours and my data is out of date. The browser console shows an exception with code 0x80070005. I checked the network tab and the request returns a 502 error.,medium,Technical,41.3,0
Duplicate payment this month,"You took the subscription payment two times. Please refund the duplicate charge. It keeps happening again and again for weeks now. I already tried logging out and back in, and I cleared the cache. On top of that, I can't log in to my account on the mobile app. This is annoying and is slowing down my work.",medium,Billing,20.9,1
Question about pricing and discounts,"Is there a discount coupon for annual billing? I want to switch from monthly payment. Additionally, I had a question about your support hours. Regards.",low,Billing,21.4,0
Sync is broken,"Good morning, Edits made by my team are not showing up, looks like sync failed. Our SSL certificate and DNS configuration look correct. The server logs show a timeout on the API endpoint. This is the third time I've contacted you about this. I reached out last week and got no response. I'm a bit disappointed, to be honest. Regards.",high,Technical,27.4,0
Partnership inquiry,"Hi, We're interested in a partnership with your company, who should we contact?",low,General,4.1,0
Payment declined,"Hello, I tried to update my credit card details but the payment page rejects the card. This is the third time I've contacted you about this. I have followed the steps in your help article multiple times and it still happens. I'm a bit disappointed, to be honest. Thanks.",urgent,Billing,12.0,0
Getting error messages,"Hello, I get a 500 internal server error whenever I open the dashboard. The browser console shows an exception with code 403. I checked the network tab and the request returns a 502 error. I restarted and reinstalled everything, nothing works. It keeps happening again and again for weeks now. Unfortunately this is causing problems for me. Looking forward to your reply.",low,Technical,93.4,0
Sync is broken,"Hi, The sync has been stuck on 'pending' for hours and my data is out of date. Additionally, I had a question about your support hours. Thank you.",high,Technical,33.5,0
Suggestion for improvement,"Hello, I wanted to share some feedback on the new design, it looks cleaner. Thanks so much, I appreciate the quick help. Please help.",low,General,2.7,0
Want my money back,"Good morning, I cancelled within the trial period but was still charged $99.00. I would like a refund. I'm on macOS Sonoma with app version 4.2.1. This is annoying and is slowing down my work. Thank you.",low,Billing,22.3,0
Crash when uploading files,"Hello team, The mobile app freezes and then crashes when I open the reports section. Our SSL certificate and DNS configuration look correct. Unfortunately this is causing problems for me. Thanks.",medium,Technical,36.7,0
Feature request,"Hello, A suggestion: it would be nice to have a dark mode. Looking forward to your reply.",medium,General,4.6,0
Pages take forever to load,"Good morning, The search feature is not working, it just keeps loading. Unfortunately this is causing problems for me. Looking forward to your reply.",medium,Technical,22.4,0
Webhook failures,"Hi, Webhooks are failing with a timeout and our integration is broken. I checked the network tab and the request returns a 502 error. Thank you.",high,Technical,22.0,0
Website very slow,"Hello, The website has been extremely slow, pages take over a minute to load. Also, I was charged an extra fee on my last invoice. This is completely unacceptable! Please escalate this to a supervisor. Looking forward to your reply.",medium,Technical,57.6,0
Student discount?,"Hello team, What are your support hours on weekends? I checked the network tab and the request returns a 502 error. Also, my last package arrived late and the tracking never updated. Thanks so much, I appreciate the quick help. Thank you.",low,General,10.9,0
Data not syncing between devices,"Good morning, Changes I make on my laptop don't sync to my phone anymore. Our SSL certificate and DNS configuration look correct. I'm a bit disappointed, to be honest. Thank you.",urgent,Technical,19.1,0
Lost my authenticator,"Hello, I got a new phone and lost my authenticator app, now I can't pass 2FA. Also, I was charged an extra fee on my last invoice. Thank you.",high,Account,9.0,0
Export to CSV not working,"The search feature is not working, it just keeps loading. Our SSL certificate and DNS configuration look correct. I checked the network tab and the request returns a 502 error. This is annoying and is slowing down my work. Please help.",high,Technical,31.5,0
Server error when saving,"Good morning, Saving a project fails with the message 'unexpected error, please try again'. Regards.",low,Technical,31.3,0
Wrong item delivered,"Hello team, The item delivered doesn't match what I ordered in order #55321. Thank you.",high,Shipping,17.1,0
Error 500 on dashboard,"I get a 500 internal server error whenever I open the dashboard. The browser console shows an exception with code E1042. I already tried logging out and back in, and I cleared the cache. Also, I was charged an extra fee on my last invoice. Regards.",medium,Technical,58.6,1
Two-factor code not received,"Hi there, I'm not receiving the two-factor verification code by SMS. Thank you.",low,Account,7.8,0
Package has not arrived,"Hi, My order #30055 was supposed to arrive 5 days ago and it's still not here. I love your product and it's been great so far. Please help.",low,Shipping,33.5,0
Feedback on the new design,"I wanted to share some feedback on the new design, it looks cleaner. Thank you.",low,General,7.1,0
Crash when uploading files,"Hello team, The mobile app freezes and then crashes when I open the reports section. The browser console shows an exception with code E1042. Additionally, I had a question about your support hours. Unfortunately this is causing problems for me. Looking forward to your reply.",urgent,Technical,34.6,1
API requests timing out,"Hello, Our API calls to the orders endpoint keep timing out after 30 seconds. Regards.",high,Technical,15.8,0
Business hours inquiry,"Hi, What are your support hours on weekends? I have followed the steps in your help article multiple times and it still happens. I already tried logging out and back in, and I cleared the cache. Thanks so much, I appreciate the quick help.",low,General,7.5,0
Business hours inquiry,Do you offer a student discount or nonprofit pricing? I love your product and it's been great so far.,low,General,7.6,0
Tracking number not updating,"Good morning, The tracking number for order #30055 hasn't updated in 10 days. I love your product and it's been great so far.",medium,Shipping,11.6,0
Where is my order?,I ordered 7 days ago and still have no delivery. Looking forward to your reply.,medium,Shipping,12.0,0
Double charge on my card,"Hello, I was billed twice for my Pro plan this month, two charges of $99.00 on my credit card. This is the third time I've contacted you about this. I have followed the steps in your help article multiple times and it still happens. Thanks so much, I appreciate the quick help. Thank you.",medium,Billing,20.8,0
Getting error messages,"Hi there, Saving a project fails with the message 'unexpected error, please try again'. The browser console shows an exception with code 403. Additionally, I had a question about your support hours. This is quite frustrating. Please help.",urgent,Technical,19.3,0
Order #61209 not delivered,"Hi there, The package was marked as shipped but never arrived. Overall I'm very happy with the service. Please help.",high,Shipping,10.7,0
Item arrived broken,The parcel arrived damaged and the item inside is broken. I'm on macOS Sonoma with app version 3.9.8. Thanks.,low,Shipping,29.1,0
Want my money back,"Hi, I cancelled within the trial period but was still charged $49.00. I would like a refund. Additionally, I had a question about your support hours. Looking forward to your reply.",urgent,Billing,9.4,0
Server error when saving,"Saving a project fails with the message 'unexpected error, please try again'. I checked the network tab and the request returns a 502 error. I'm on Chrome 126 with app version 5.0.2. Overall I'm very happy with the service. Regards.",medium,Technical,26.2,0
Feature request,"Hello team, A suggestion: it would be nice to have a dark mode. Also, I was charged an extra fee on my last invoice. This is quite frustrating. Looking forward to your reply.",low,General,6.3,0
Crash when uploading files,"Hello team, The mobile app freezes and then crashes when I open the reports section. It keeps happening again and again for weeks now. I restarted and reinstalled everything, nothing works. Overall I'm very happy with the service. Thanks.",low,Technical,54.2,0
Unknown debit on my statement,"I see a payment to you I don't recognise. I did not approve this transaction. I reached out last week and got no response. Additionally, I had a question about your support hours. Overall I'm very happy with the service. Looking forward to your reply.",medium,Billing,19.0,0
Package was damaged,"Hi, My order arrived with a cracked screen, the box was crushed by the courier.",low,Shipping,26.1,0
Pages take forever to load,"Hello, The search feature is not working, it just keeps loading. Looking forward to your reply.",medium,Technical,15.4,0
Item arrived broken,"Good morning, Half of the items in the package were damaged during delivery. Additionally, I had a question about your support hours.",low,Shipping,62.3,0
Does the product support bulk export?,"Hi there, How do I get started with bulk export? I couldn't find it in the help center. Your team has always been really helpful, thanks in advance! Regards.",medium,General,4.6,0
Account suspended,"My account was suspended without any notice and I can't log in. I checked the network tab and the request returns a 502 error. This is the third time I've contacted you about this. Additionally, the app shows an error when I try to export data. I'm a bit disappointed, to be honest.",urgent,Account,10.3,0
Two-factor code not received,"Hello, I got a new phone and lost my authenticator app, now I can't pass 2FA. Thank you.",medium,Account,8.0,0
Want my money back,"Good morning, Please process a refund for order #61209, I never used the service after paying. I have followed the steps in your help article multiple times and it still happens. Also, my last package arrived late and the tracking never updated. Your team has always been really helpful, thanks in advance! Thank you.",medium,Billing,22.6,0
Getting error messages,"The page shows error code 403 and nothing loads. I'm on a Pixel 8 on Android 14 with app version 3.9.8. The browser console shows an exception with code E1042. On top of that, I can't log in to my account on the mobile app. This is quite frustrating. Thanks.",high,Technical,36.9,0
Tracking stuck,"The carrier website says the tracking number doesn't exist. I'm on a Pixel 8 on Android 14 with app version 4.2.1. I restarted and reinstalled everything, nothing works. It keeps happening again and again for weeks now. On top of that, I can't log in to my account on the mobile app. I'm furious. Your product is useless right now. I will be leaving a review on social media about this.",medium,Shipping,43.8,1
Data not syncing between devices,"Changes I make on my laptop don't sync to my phone anymore. I already tried logging out and back in, and I cleared the cache. I have followed the steps in your help article multiple times and it still happens. Additionally, I had a question about your support hours. Honestly this is ridiculous and a total waste of my time. I'm considering legal action. Looking forward to your reply.",high,Technical,47.7,1
Add a team member,"Hello, I want to add a new team member to my account with admin permissions. I reached out last week and got no response. Unfortunately this is causing problems for me. Regards.",high,Account,7.5,1
Charged twice for my subscription,"Hi there, My bank statement shows the same $19.99 transaction twice on June 1st. Overall I'm very happy with the service. Thank you.",low,Billing,12.0,0
Pages take forever to load,Exporting my data to CSV produces an empty file. The server logs show a timeout on the API endpoint. I'm on macOS Sonoma with app version 5.0.2. Thank you.,low,Technical,42.9,0
Update my username,I want to add a new team member to my account with admin permissions.,low,Account,9.9,0
Crash when uploading files,"Hello team, Since the latest update the application crashes right after the splash screen. I checked the network tab and the request returns a 502 error. Also, my last package arrived late and the tracking never updated. Please help.",medium,Technical,52.6,0
Forgot password,"When I click the reset link it says the token is invalid or expired. I'm a bit disappointed, to be honest.",high,Account,8.6,1
Partnership inquiry,"Hello, Do you offer a student discount or nonprofit pricing? Regards.",low,General,6.4,0
Money taken without permission,"Money was taken from my bank account without my permission, $249.00 on March 3rd. Also, my last package arrived late and the tracking never updated. This is annoying and is slowing down my work.",medium,Billing,29.6,0
Error 500 on dashboard,"Good morning, I get a 500 internal server error whenever I open the dashboard. I checked the network tab and the request returns a 502 error. The server logs show a timeout on the API endpoint. This is annoying and is slowing down my work. Thank you.",urgent,Technical,15.8,0
Business hours inquiry,"Hello, What are your support hours on weekends? Please help.",low,General,4.5,0
Charged twice for my subscription,"Hello team, I was billed twice for my Business plan this month, two charges of $249.00 on my credit card. Honestly this is ridiculous and a total waste of my time. Looking forward to your reply.",medium,Billing,14.2,1
Deactivate profile,"Please delete my account and all associated data. I reached out last week and got no response. I'm a bit disappointed, to be honest. Looking forward to your reply.",medium,Account,8.0,0
Feature request,"Hi, It would be great if you added custom reports in a future release. I reached out last week and got no response. I have followed the steps in your help article multiple times and it still happens. This is quite frustrating. Regards.",medium,General,7.4,0
Pages take forever to load,Exporting my data to CSV produces an empty file. The server logs show a timeout on the API endpoint. I'm on macOS Sonoma with app version 4.2.1. Thanks.,medium,Technical,24.9,0
Change shipping address,"Hi there, Please update my delivery address, I've moved. Thanks.",medium,Shipping,20.8,1
2FA problem,"I got a new phone and lost my authenticator app, now I can't pass 2FA. I restarted and reinstalled everything, nothing works. This is completely unacceptable! Please help.",medium,Account,7.6,0
Double charge on my card,My bank statement shows the same $249.00 transaction twice on last Monday. Regards.,high,Billing,5.1,0
Server error when saving,"Hello, The page shows error code 0x80070005 and nothing loads. The server logs show a timeout on the API endpoint. Our SSL certificate and DNS configuration look correct. Unfortunately this is causing problems for me. Thank you.",medium,Technical,30.1,0
Data not syncing between devices,"The sync has been stuck on 'pending' for hours and my data is out of date. Our SSL certificate and DNS configuration look correct. I'm on an iPhone 14 on iOS 17 with app version 4.2.1. Your team has always been really helpful, thanks in advance! Looking forward to your reply.",medium,Technical,42.3,0
Upgrade billing question,"Hello, I want to cancel my subscription at the end of the billing period, will I be charged again? I'm on macOS Sonoma with app version 4.3.0. I have followed the steps in your help article multiple times and it still happens. Additionally, the app shows an error when I try to export data. This is completely unacceptable! If this isn't fixed I will dispute the charge with my bank. Looking forward to your reply.",high,Billing,20.8,1
Export to CSV not working,"Exporting my data to CSV produces an empty file. The browser console shows an exception with code E1042. The server logs show a timeout on the API endpoint. Also, my last package arrived late and the tracking never updated. Regards.",medium,Technical,66.8,0
Sync is broken,The sync has been stuck on 'pending' for hours and my data is out of date. I'm on an iPhone 14 on iOS 17 with app version 4.3.0. I checked the network tab and the request returns a 502 error. I love your product and it's been great so far. Please help.,medium,Technical,41.6,0
Requesting a refund for order #77310,I cancelled within the trial period but was still charged $19.99. I would like a refund. Looking forward to your reply.,high,Billing,8.3,0
Received damaged item,"Hello, My order arrived with a cracked screen, the box was crushed by the courier. Honestly this is ridiculous and a total waste of my time. Please help.",high,Shipping,12.7,0
Want my money back,"Hello, I cancelled within the trial period but was still charged $8.99. I would like a refund. I restarted and reinstalled everything, nothing works. Additionally, I had a question about your support hours. Unfortunately this is causing problems for me. Thank you.",low,Billing,37.9,1
Package has not arrived,"Hello team, The package was marked as shipped but never arrived. Thanks.",low,Shipping,25.9,0
Lost my authenticator,"Hello team, The verification code is always rejected as invalid. Thanks so much, I appreciate the quick help. Thanks.",medium,Account,10.8,0
App crashes on startup,"Hello team, The mobile app freezes and then crashes when I open the reports section. I checked the network tab and the request returns a 502 error. This is the third time I've contacted you about this. Please help.",low,Technical,90.9,0
Changes not saving,"Edits made by my team are not showing up, looks like sync failed. The server logs show a timeout on the API endpoint. The browser console shows an exception with code E1042. I restarted and reinstalled everything, nothing works. I have followed the steps in your help article multiple times and it still happens. Also, my last package arrived late and the tracking never updated. This is quite frustrating. Thanks.",high,Technical,37.3,1
Data not syncing between devices,"Hello team, The sync has been stuck on 'pending' for hours and my data is out of date. Our SSL certificate and DNS configuration look correct. Please help.",medium,Technical,16.4,0
Student discount?,What are your support hours on weekends? I have followed the steps in your help article multiple times and it still happens.,medium,General,5.2,0
Cannot update payment method,My payment keeps getting declined even though the card works everywhere else. Thanks.,high,Billing,9.1,0
Add a team member,"I want to add a new team member to my account with admin permissions. It keeps happening again and again for weeks now. Additionally, I had a question about your support hours. Your team has always been really helpful, thanks in advance! Please help.",low,Account,19.6,0
Error 500 on dashboard,"I get a 500 internal server error whenever I open the dashboard. The browser console shows an exception with code 502. The server logs show a timeout on the API endpoint. On top of that, I can't log in to my account on the mobile app. Thanks so much, I appreciate the quick help. Thanks.",low,Technical,118.2,0
Payment declined,"Good morning, My payment keeps getting declined even though the card works everywhere else. Your team has always been really helpful, thanks in advance! Looking forward to your reply.",low,Billing,15.1,0
Unknown debit on my statement,There is a $8.99 debit from your company on my account that I never authorized. It keeps happening again and again for weeks now.,low,Billing,34.0,0
Close my account,"Please delete my account and all associated data. I reached out last week and got no response. I restarted and reinstalled everything, nothing works. Unfortunately this is causing problems for me. Please help.",urgent,Account,7.0,0
Lost my authenticator,"Good morning, I got a new phone and lost my authenticator app, now I can't pass 2FA. Looking forward to your reply.",urgent,Account,5.1,0
Crash when uploading files,"Good morning, The mobile app freezes and then crashes when I open the reports section. Our SSL certificate and DNS configuration look correct. I'm on an iPhone 14 on iOS 17 with app version 4.3.0. Looking forward to your reply.",urgent,Technical,25.1,0
Requesting a refund for order #61209,"Hi there, Please process a refund for order #98012, I never used the service after paying.",high,Billing,4.7,0
Export to CSV not working,"The search feature is not working, it just keeps loading. The browser console shows an exception with code ERR_CONN_RESET. Additionally, I had a question about your support hours. I'm furious. Your product is useless right now. Thank you.",medium,Technical,74.7,1
Lost my authenticator,"Good morning, I got a new phone and lost my authenticator app, now I can't pass 2FA. I have followed the steps in your help article multiple times and it still happens. This is quite frustrating. Thanks.",medium,Account,12.2,1
Integration not working,"Hi there, Our API calls to the orders endpoint keep timing out after 30 seconds. The server logs show a timeout on the API endpoint. Please help.",low,Technical,48.0,0
Package was damaged,"Good morning, The parcel arrived damaged and the item inside is broken. Thanks so much, I appreciate the quick help. Thank you.",high,Shipping,12.1,0
Pages take forever to load,"The search feature is not working, it just keeps loading. I checked the network tab and the request returns a 502 error. Looking forward to your reply.",medium,Technical,31.8,0
Changes not saving,"Edits made by my team are not showing up, looks like sync failed. The server logs show a timeout on the API endpoint. Our SSL certificate and DNS configuration look correct. I already tried logging out and back in, and I cleared the cache. I reached out last week and got no response. This is quite frustrating.",medium,Technical,37.7,0
Package has not arrived,"Hello, The package was marked as shipped but never arrived. Looking forward to your reply.",low,Shipping,20.9,0
Unknown debit on my statement,"Hello team, I see a payment to you I don't recognise. I did not approve this transaction. This is quite frustrating. Please help.",medium,Billing,9.0,0
Close my account,"Hi, Please delete my account and all associated data. The browser console shows an exception with code 502. I'm furious. Your product is useless right now. I will cancel my subscription and switch to a competitor. Thank you.",high,Account,8.5,1
Server error when saving,"Hi, The page shows error code 0x80070005 and nothing loads. Please help.",medium,Technical,16.8,0
Upgrade billing question,Is there a discount coupon for annual billing? I want to switch from monthly payment. I have followed the steps in your help article multiple times and it still happens. I love your product and it's been great so far. Looking forward to your reply.,medium,Billing,21.4,0
Unauthorized charge,"Hello team, I see a payment to you I don't recognise. I did not approve this transaction. The browser console shows an exception with code 502. Thanks.",high,Billing,12.1,0
Integration not working,"Hello team, Our API calls to the orders endpoint keep timing out after 30 seconds. The browser console shows an exception with code ERR_CONN_RESET. I'm on Windows 11 with app version 3.9.8. I restarted and reinstalled everything, nothing works. Also, I was charged an extra fee on my last invoice. I'm furious. Your product is useless right now. Please escalate this to a supervisor.",low,Technical,107.5,1
Sync is broken,"Edits made by my team are not showing up, looks like sync failed. Our SSL certificate and DNS configuration look correct. I have followed the steps in your help article multiple times and it still happens. I reached out last week and got no response. This is annoying and is slowing down my work. Thank you.",high,Technical,32.4,0
Where is my order?,"Hello team, The package was marked as shipped but never arrived. I checked the network tab and the request returns a 502 error. I reached out last week and got no response. I have followed the steps in your help article multiple times and it still happens. On top of that, I can't log in to my account on the mobile app. I'm a bit disappointed, to be honest. Thank you.",high,Shipping,23.4,0
Cancel subscription billing,"Good morning, Is there a discount coupon for annual billing? I want to switch from monthly payment. I restarted and reinstalled everything, nothing works. I have followed the steps in your help article multiple times and it still happens. Honestly this is ridiculous and a total waste of my time. I'm considering legal action. Thanks.",urgent,Billing,11.9,1
API requests timing out,Webhooks are failing with a timeout and our integration is broken. Our SSL certificate and DNS configuration look correct. It keeps happening again and again for weeks now.,medium,Technical,36.8,0
App crashes on startup,The mobile app freezes and then crashes when I open the reports section. Our SSL certificate and DNS configuration look correct. I'm on macOS Sonoma with app version 4.2.1. Thank you.,low,Technical,65.8,0
Password reset link not working,"Hello, When I click the reset link it says the token is invalid or expired. Regards.",low,Account,7.2,0
Charged twice for my subscription,"Hi there, I was billed twice for my Team plan this month, two charges of $12.50 on my credit card. On top of that, I can't log in to my account on the mobile app. Regards.",medium,Billing,20.0,0
Data not syncing between devices,"Edits made by my team are not showing up, looks like sync failed. I'm on an iPhone 14 on iOS 17 with app version 5.0.2. This is quite frustrating. Regards.",urgent,Technical,22.8,1
Integration not working,"Hello, Webhooks are failing with a timeout and our integration is broken. I already tried logging out and back in, and I cleared the cache. This is the third time I've contacted you about this. On top of that, I can't log in to my account on the mobile app. Regards.",low,Technical,64.7,0
Duplicate payment this month,"My bank statement shows the same $12.50 transaction twice on last Monday. I checked the network tab and the request returns a 502 error. I reached out last week and got no response. Your team has always been really helpful, thanks in advance!",high,Billing,21.8,0
Update my username,"Hello, How can I change the email address on my account profile? I have followed the steps in your help article multiple times and it still happens. It keeps happening again and again for weeks now. Thanks so much, I appreciate the quick help.",medium,Account,9.3,1
Double charge on my card,"Hi there, You took the subscription payment two times. Please refund the duplicate charge. Please help.",medium,Billing,10.1,0
Refund request,"Hello, Please process a refund for order #10482, I never used the service after paying. This is quite frustrating. Thank you.",urgent,Billing,6.0,1
Add a team member,"Good morning, How can I change the email address on my account profile? Thank you.",medium,Account,5.2,0
Crash when uploading files,"Hello, Since the latest update the application crashes right after the splash screen. Additionally, I had a question about your support hours. Looking forward to your reply.",medium,Technical,55.1,0
Duplicate payment this month,"Good morning, I was billed twice for my Business plan this month, two charges of $12.50 on my credit card. On top of that, I can't log in to my account on the mobile app. I am extremely frustrated and angry about this. Please help.",medium,Billing,27.2,0
Server error when saving,"Hi, Saving a project fails with the message 'unexpected error, please try again'. The server logs show a timeout on the API endpoint. Your team has always been really helpful, thanks in advance! Looking forward to your reply.",medium,Technical,39.1,1
Partnership inquiry,"Hello, We're interested in a partnership with your company, who should we contact? Thanks so much, I appreciate the quick help. Looking forward to your reply.",medium,General,1.9,0
Package has not arrived,"Hi there, My order #55321 was supposed to arrive 12 days ago and it's still not here. Additionally, the app shows an error when I try to export data. Your team has always been really helpful, thanks in advance! Looking forward to your reply.",medium,Shipping,30.9,0
Server error when saving,"Hi, The page shows error code 0x80070005 and nothing loads. Additionally, I had a question about your support hours. I'm a bit disappointed, to be honest. Looking forward to your reply.",medium,Technical,50.9,0
Partnership inquiry,"Hello team, What are your support hours on weekends? I'm a bit disappointed, to be honest. Please help.",low,General,5.5,0
Update my username,I need to update my username and profile details. Unfortunately this is causing problems for me. Thanks.,medium,Account,10.2,0
Lost my authenticator,"Hello, The verification code is always rejected as invalid. This is annoying and is slowing down my work. Please help.",medium,Account,5.3,0
Integration not working,"Hi there, Webhooks are failing with a timeout and our integration is broken. The browser console shows an exception with code 403. The server logs show a timeout on the API endpoint. It keeps happening again and again for weeks now. Looking forward to your reply.",high,Technical,48.5,1
Integration not working,Webhooks are failing with a timeout and our integration is broken. I checked the network tab and the request returns a 502 error. Thanks.,high,Technical,19.3,0
Requesting a refund for order #98012,"Good morning, I cancelled within the trial period but was still charged $8.99. I would like a refund. I'm furious. Your product is useless right now. Thanks.",medium,Billing,12.5,0
Webhook failures,"Hi, The Slack integration stopped posting notifications yesterday. I'm on Windows 11 with app version 4.3.0. Thanks so much, I appreciate the quick help. Thank you.",medium,Technical,34.1,1
Add a team member,"Hi, I need to update my username and profile details. Also, I was charged an extra fee on my last invoice. This is annoying and is slowing down my work. Please help.",urgent,Account,5.2,0
Changes not saving,"Good morning, The sync has been stuck on 'pending' for hours and my data is out of date. I checked the network tab and the request returns a 502 error. The browser console shows an exception with code 502. Also, my last package arrived late and the tracking never updated. I'm a bit disappointed, to be honest. Thank you.",medium,Technical,67.3,0
Password reset link not working,"Hi, The password reset email never arrives in my inbox. Honestly this is ridiculous and a total waste of my time. Thanks.",urgent,Account,3.7,0
Account locked,"My account got locked after a few failed login attempts. I reached out last week and got no response. I restarted and reinstalled everything, nothing works. This is the worst service I've ever experienced!! I will cancel my subscription and switch to a competitor. Thanks.",medium,Account,19.6,0
Does the product support offline mode?,"Could you give me some information about what's included in each plan? I'm a bit disappointed, to be honest. Looking forward to your reply.",low,General,11.3,0
Cannot update payment method,"Hello, My payment keeps getting declined even though the card works everywhere else. Additionally, I had a question about your support hours. Please help.",high,Billing,16.6,1
Need a return label,"Good morning, Can you send me a return label so I can send the item back? I'm a bit disappointed, to be honest. Thanks.",high,Shipping,11.3,1
Feature request,"I wanted to share some feedback on the new design, it looks cleaner. Unfortunately this is causing problems for me.",low,General,7.2,0
Unknown debit on my statement,I see a payment to you I don't recognise. I did not approve this transaction. Our SSL certificate and DNS configuration look correct. It keeps happening again and again for weeks now. Thank you.,medium,Billing,17.2,0
Change shipping address,"Hi, Please update my delivery address, I've moved. Thanks so much, I appreciate the quick help. Looking forward to your reply.",high,Shipping,13.2,0
Incorrect invoice,"Hi, The invoice for June 1st shows $12.50 but my plan should cost less. Please help.",low,Billing,21.5,0
Account locked,"Good morning, My account got locked after a few failed login attempts. I reached out last week and got no response. It keeps happening again and again for weeks now. Please help.",medium,Account,14.3,0
Partnership inquiry,"Hi, Do you offer a student discount or nonprofit pricing? I'm a bit disappointed, to be honest. Thanks.",low,General,8.2,0
Refund request,"I cancelled within the trial period but was still charged $12.50. I would like a refund. Your team has always been really helpful, thanks in advance! Regards.",high,Billing,6.6,0
Invoice does not match my plan,"Good morning, The receipt lists the Team plan but I'm on a cheaper plan.",medium,Billing,7.0,0
Export to CSV not working,"Good morning, The search feature is not working, it just keeps loading. Regards.",low,Technical,50.0,0
Data not syncing between devices,"Hello team, Changes I make on my laptop don't sync to my phone anymore. Our SSL certificate and DNS configuration look correct. I restarted and reinstalled everything, nothing works. Honestly this is ridiculous and a total waste of my time. Regards.",low,Technical,58.3,1
Forgot password,"Good morning, I forgot my password and the reset form says my email is not recognised. Thanks.",low,Account,9.2,0
2FA problem,"I got a new phone and lost my authenticator app, now I can't pass 2FA. This is annoying and is slowing down my work.",medium,Account,9.4,0
2FA problem,"Hello team, I got a new phone and lost my authenticator app, now I can't pass 2FA. Looking forward to your reply.",low,Account,11.1,0
Website very slow,"Hi there, The website has been extremely slow, pages take over a minute to load. The server logs show a timeout on the API endpoint. Thanks.",high,Technical,28.7,0
Change shipping address,"Hi there, Please update my delivery address, I've moved. I'm a bit disappointed, to be honest. Thank you.",high,Shipping,10.9,0
Pages take forever to load,"Hi there, Exporting my data to CSV produces an empty file. The server logs show a timeout on the API endpoint. I checked the network tab and the request returns a 502 error. Please help.",low,Technical,62.8,0
Does the product support custom reports?,How do I get started with single sign-on? I couldn't find it in the help center. Regards.,medium,General,3.5,0
Refund request,"Hello, I requested a refund two weeks ago for $8.99 and have not received it. I already tried logging out and back in, and I cleared the cache. I am extremely frustrated and angry about this. I want to speak to a manager immediately. Please help.",medium,Billing,18.6,1
Server error when saving,"Hi there, I get a 500 internal server error whenever I open the dashboard. I'm on Windows 11 with app version 4.2.1. The browser console shows an exception with code 0x80070005. Also, my last package arrived late and the tracking never updated. Please help.",urgent,Technical,34.9,0
Close my account,"Hello team, I would like to deactivate my profile and close the account. Thanks.",high,Account,5.3,0
Data not syncing between devices,"The sync has been stuck on 'pending' for hours and my data is out of date. The server logs show a timeout on the API endpoint. It keeps happening again and again for weeks now. I reached out last week and got no response. Also, my last package arrived late and the tracking never updated. This is the worst service I've ever experienced!! I'm considering legal action. Thanks.",high,Technical,46.4,1
Crash when uploading files,"Hello team, The app crashes every time I try to upload a file larger than 10MB. I checked the network tab and the request returns a 502 error. On top of that, I can't log in to my account on the mobile app. Unfortunately this is causing problems for me. Regards.",medium,Technical,59.8,0
Changes not saving,"Good morning, Edits made by my team are not showing up, looks like sync failed. The server logs show a timeout on the API endpoint. Also, I was charged an extra fee on my last invoice. This is quite frustrating. Looking forward to your reply.",medium,Technical,49.7,0
Invoice amount is wrong,"Hello, The invoice for last Monday shows $8.99 but my plan should cost less. I restarted and reinstalled everything, nothing works. This is completely unacceptable! I'm considering legal action. Please help.",medium,Billing,22.7,0
Delete my account,"Hi there, How do I permanently delete my account? Thanks so much, I appreciate the quick help. Thank you.",medium,Account,4.4,0
Student discount?,"We're interested in a partnership with your company, who should we contact? Additionally, the app shows an error when I try to export data. This is annoying and is slowing down my work.",low,General,9.4,0
Two-factor code not received,"Hi there, The verification code is always rejected as invalid. Thanks.",low,Account,9.1,1
Account suspended,My account was suspended without any notice and I can't log in. Unfortunately this is causing problems for me. Regards.,medium,Account,5.9,0
App crashes on startup,"Good morning, The mobile app freezes and then crashes when I open the reports section. It keeps happening again and again for weeks now. Also, I was charged an extra fee on my last invoice. This is quite frustrating. Please help.",high,Technical,40.9,0
Package was damaged,"The parcel arrived damaged and the item inside is broken. I'm on an iPhone 14 on iOS 17 with app version 4.2.1. Also, I was charged an extra fee on my last invoice. Overall I'm very happy with the service. Please help.",high,Shipping,15.7,0
Incorrect invoice,"Hi, The receipt lists the Team plan but I'm on a cheaper plan. Please help.",low,Billing,16.2,0
Feature request,"Hello, I wanted to share some feedback on the new design, it looks cleaner. I'm a bit disappointed, to be honest.",low,General,7.3,0
Lost my authenticator,The verification code is always rejected as invalid. I love your product and it's been great so far. Thank you.,medium,Account,11.0,0
Want my money back,"Please process a refund for order #55321, I never used the service after paying. Additionally, the app shows an error when I try to export data. Thank you.",medium,Billing,16.6,0
Integration not working,"Hi there, Webhooks are failing with a timeout and our integration is broken. I'm on macOS Sonoma with app version 5.0.2. On top of that, I can't log in to my account on the mobile app.",medium,Technical,42.7,1
Payment declined,"Hello, The subscription renewal failed and now I can't pay the outstanding balance. Thank you.",low,Billing,13.3,0
Delete my account,"Please delete my account and all associated data. Your team has always been really helpful, thanks in advance! Thank you.",medium,Account,8.1,0
Question about features,"Could you give me some information about what's included in each plan? The server logs show a timeout on the API endpoint. On top of that, I can't log in to my account on the mobile app. Thank you.",medium,General,6.3,0
Requesting a refund for order #10482,"Please process a refund for order #77310, I never used the service after paying. I love your product and it's been great so far. Please help.",high,Billing,7.8,0
Sync is broken,"Hi, Changes I make on my laptop don't sync to my phone anymore. I checked the network tab and the request returns a 502 error. Also, I was charged an extra fee on my last invoice. Overall I'm very happy with the service. Thanks.",low,Technical,52.1,0
Card keeps getting declined,"Hi, The subscription renewal failed and now I can't pay the outstanding balance. This is annoying and is slowing down my work.",medium,Billing,9.4,0
Package has not arrived,"Hi, The package was marked as shipped but never arrived. Unfortunately this is causing problems for me. Thank you.",urgent,Shipping,9.6,0
Unauthorized charge,"Good morning, I see a payment to you I don't recognise. I did not approve this transaction.",low,Billing,12.2,0
Money taken without permission,"Hello team, I see a payment to you I don't recognise. I did not approve this transaction. The browser console shows an exception with code E1042. Looking forward to your reply.",medium,Billing,11.2,0
API requests timing out,"Hi there, Webhooks are failing with a timeout and our integration is broken. I'm on a Pixel 8 on Android 14 with app version 4.2.1. The server logs show a timeout on the API endpoint. Thanks.",medium,Technical,40.1,0
Update my username,"Hello team, I need to update my username and profile details. Regards.",medium,Account,6.0,0
Refund request,"Good morning, I requested a refund two weeks ago for $99.00 and have not received it. It keeps happening again and again for weeks now. Also, my last package arrived late and the tracking never updated. This is the worst service I've ever experienced!! Thank you.",urgent,Billing,18.1,1
Incorrect item in package,"Hi there, The item delivered doesn't match what I ordered in order #98012. Please help.",high,Shipping,11.1,0
Close my account,Please delete my account and all associated data. I have followed the steps in your help article multiple times and it still happens. Regards.,high,Account,7.3,1
Money taken without permission,"Hi, Money was taken from my bank account without my permission, $49.00 on June 1st. Regards.",medium,Billing,10.0,0
Order #77310 not delivered,"Hi, My order #55321 was supposed to arrive 10 days ago and it's still not here. I'm a bit disappointed, to be honest. Regards.",urgent,Shipping,9.9,0
No tracking information,"Hi, The tracking number for order #30055 hasn't updated in 12 days. I love your product and it's been great so far.",low,Shipping,17.1,0
Server error when saving,I get a 500 internal server error whenever I open the dashboard. I checked the network tab and the request returns a 502 error. I'm on Chrome 126 with app version 3.9.8.,medium,Technical,38.8,1
Cannot reset my password,"Hi there, I forgot my password and the reset form says my email is not recognised. The server logs show a timeout on the API endpoint. I reached out last week and got no response. I restarted and reinstalled everything, nothing works. Please help.",low,Account,22.0,0
Received damaged item,"Half of the items in the package were damaged during delivery. Additionally, the app shows an error when I try to export data. Regards.",low,Shipping,62.7,0
Crash when uploading files,"Good morning, Since the latest update the application crashes right after the splash screen. I'm on Chrome 126 with app version 4.3.0. Our SSL certificate and DNS configuration look correct. Additionally, I had a question about your support hours. Thanks.",medium,Technical,63.4,1
Order #61209 not delivered,"Hi, My order #10482 was supposed to arrive 10 days ago and it's still not here. I love your product and it's been great so far. Regards.",low,Shipping,27.0,0
Integration not working,"Our API calls to the orders endpoint keep timing out after 30 seconds. I checked the network tab and the request returns a 502 error. Additionally, I had a question about your support hours. Please help.",medium,Technical,36.4,1
Card keeps getting declined,"Hello, My payment keeps getting declined even though the card works everywhere else. I already tried logging out and back in, and I cleared the cache. This is the third time I've contacted you about this. Looking forward to your reply.",urgent,Billing,11.0,0
Want my money back,"Hi, Please process a refund for order #98012, I never used the service after paying. Your team has always been really helpful, thanks in advance! Thank you.",high,Billing,8.9,0
Student discount?,"Hello team, We're interested in a partnership with your company, who should we contact? I checked the network tab and the request returns a 502 error. I have followed the steps in your help article multiple times and it still happens. This is quite frustrating. Thank you.",low,General,12.3,0
Requesting a refund for order #77310,"Good morning, I cancelled within the trial period but was still charged $19.99. I would like a refund. The browser console shows an exception with code E1042. I restarted and reinstalled everything, nothing works. I reached out last week and got no response. Unfortunately this is causing problems for me.",high,Billing,17.6,0
Webhook failures,"Hi there, Our API calls to the orders endpoint keep timing out after 30 seconds. Please help.",medium,Technical,20.4,0
Item arrived broken,"Hi there, The parcel arrived damaged and the item inside is broken. Thank you.",high,Shipping,10.1,0
Card keeps getting declined,"Hi, I tried to update my credit card details but the payment page rejects the card. The server logs show a timeout on the API endpoint. Please help.",medium,Billing,10.2,0
API requests timing out,"Our API calls to the orders endpoint keep timing out after 30 seconds. Thanks so much, I appreciate the quick help. Regards.",high,Technical,19.1,0
Deactivate profile,"Hi, I would like to deactivate my profile and close the account. This is the third time I've contacted you about this. I already tried logging out and back in, and I cleared the cache. Also, my last package arrived late and the tracking never updated. I'm a bit disappointed, to be honest. Regards.",high,Account,11.9,1
Does the product support offline mode?,"Hello team, Could you give me some information about what's included in each plan? Please help.",medium,General,3.6,0
Export to CSV not working,"Hi there, Exporting my data to CSV produces an empty file. The browser console shows an exception with code E1042. Please help.",low,Technical,51.0,0
Lost my authenticator,"Hello, I'm not receiving the two-factor verification code by SMS. Your team has always been really helpful, thanks in advance!",medium,Account,4.0,1
Question about features,How do I get started with single sign-on? I couldn't find it in the help center. I checked the network tab and the request returns a 502 error. It keeps happening again and again for weeks now. Thank you.,low,General,9.8,0
Need a return label,"Hi, I need to change the shipping address for order #30055 before it's dispatched. Thanks.",low,Shipping,27.5,0
Order #30055 not delivered,"Good morning, My order #77310 was supposed to arrive 12 days ago and it's still not here. Honestly this is ridiculous and a total waste of my time. I want to speak to a manager immediately. Thank you.",urgent,Shipping,7.5,1
Delete my account,"Hi there, How do I permanently delete my account? Regards.",urgent,Account,4.5,0
Wrong item delivered,"Hello team, The item delivered doesn't match what I ordered in order #98012. Honestly this is ridiculous and a total waste of my time. Please help.",low,Shipping,37.3,0
Lost my authenticator,"I got a new phone and lost my authenticator app, now I can't pass 2FA. I checked the network tab and the request returns a 502 error. This is completely unacceptable! I want to speak to a manager immediately. Regards.",urgent,Account,6.0,1
Where is my order?,"My order #98012 was supposed to arrive 10 days ago and it's still not here. I restarted and reinstalled everything, nothing works. I reached out last week and got no response. I'm a bit disappointed, to be honest.",medium,Shipping,24.0,0
Export to CSV not working,"Hi, The search feature is not working, it just keeps loading. Looking forward to your reply.",medium,Technical,36.9,0
Where is my order?,"Hello, I ordered 7 days ago and still have no delivery. Please help.",low,Shipping,31.3,0
Want my money back,"I cancelled within the trial period but was still charged $249.00. I would like a refund. Thanks so much, I appreciate the quick help.",medium,Billing,11.2,0
Feedback on the new design,A suggestion: it would be nice to have a dark mode. Please help.,low,General,6.0,0
Package was damaged,"Hello team, My order arrived with a cracked screen, the box was crushed by the courier. I restarted and reinstalled everything, nothing works. Additionally, the app shows an error when I try to export data.",high,Shipping,19.9,0
Webhook failures,"Hello, The Slack integration stopped posting notifications yesterday. I checked the network tab and the request returns a 502 error. Looking forward to your reply.",low,Technical,39.6,0
How do I use single sign-on?,"Hello team, How do I get started with bulk export? I couldn't find it in the help center. I'm a bit disappointed, to be honest. Please help.",medium,General,3.2,0
Getting error messages,"Hello, I get a 500 internal server error whenever I open the dashboard. The server logs show a timeout on the API endpoint. Overall I'm very happy with the service. Regards.",medium,Technical,25.7,0
Feature request,"Good morning, A suggestion: it would be nice to have a dark mode. I already tried logging out and back in, and I cleared the cache. It keeps happening again and again for weeks now. Thanks.",low,General,16.0,0
Delete my account,"Hello team, Please delete my account and all associated data. Thanks.",low,Account,7.2,0
Received someone else's order,"Hi, The item delivered doesn't match what I ordered in order #30055. This is the third time I've contacted you about this. It keeps happening again and again for weeks now. This is quite frustrating.",low,Shipping,35.1,0
Question about pricing and discounts,Is there a discount coupon for annual billing? I want to switch from monthly payment. Our SSL certificate and DNS configuration look correct. Regards.,medium,Billing,8.5,0
Item arrived broken,"Hello, Half of the items in the package were damaged during delivery. This is completely unacceptable! Thank you.",high,Shipping,15.2,0
Payment declined,"My payment keeps getting declined even though the card works everywhere else. I'm a bit disappointed, to be honest. Looking forward to your reply.",urgent,Billing,9.4,0
Need a return label,"Hi there, Can you send me a return label so I can send the item back? I'm furious. Your product is useless right now. I will cancel my subscription and switch to a competitor.",high,Shipping,11.3,1
Question about features,"Hi, How do I get started with offline mode? I couldn't find it in the help center. I'm a bit disappointed, to be honest.",low,General,10.3,0
Cancel subscription billing,"Hello, I want to cancel my subscription at the end of the billing period, will I be charged again? I love your product and it's been great so far. Looking forward to your reply.",low,Billing,12.9,0
Application keeps crashing,"Good morning, The mobile app freezes and then crashes when I open the reports section. The server logs show a timeout on the API endpoint. Additionally, I had a question about your support hours. Regards.",low,Technical,86.1,0
Received damaged item,"Hello team, The parcel arrived damaged and the item inside is broken. Looking forward to your reply.",low,Shipping,20.6,0
Cannot update payment method,I tried to update my credit card details but the payment page rejects the card. This is annoying and is slowing down my work. Thanks.,medium,Billing,12.9,0
App crashes on startup,"Hi there, The mobile app freezes and then crashes when I open the reports section. It keeps happening again and again for weeks now. I'm furious. Your product is useless right now. Looking forward to your reply.",high,Technical,35.8,1
Business hours inquiry,"Hello team, What are your support hours on weekends?",low,General,5.2,0
Question about features,"Hi there, I'm wondering whether your product supports calendar sync. I already tried logging out and back in, and I cleared the cache. It keeps happening again and again for weeks now. Please help.",low,General,9.7,0
Unauthorized charge,"Hello team, Money was taken from my bank account without my permission, $49.00 on the 15th. Thanks.",low,Billing,10.0,0
Integration not working,"Hi there, The Slack integration stopped posting notifications yesterday. Also, I was charged an extra fee on my last invoice. Looking forward to your reply.",medium,Technical,49.6,0
Webhook failures,"Hello, Webhooks are failing with a timeout and our integration is broken. I checked the network tab and the request returns a 502 error.",medium,Technical,31.1,0
Question about features,"Hello team, I'm wondering whether your product supports offline mode. Looking forward to your reply.",high,General,3.9,0
Close my account,"Good morning, Please delete my account and all associated data.",medium,Account,5.9,0
Cannot update payment method,"Good morning, The subscription renewal failed and now I can't pay the outstanding balance.",high,Billing,6.3,0
Export to CSV not working,"Good morning, The search feature is not working, it just keeps loading. I checked the network tab and the request returns a 502 error.",medium,Technical,21.4,0
Incorrect item in package,"Hi there, I received the wrong item, I ordered a blue one and got a red one. On top of that, I can't log in to my account on the mobile app. Thank you.",medium,Shipping,24.6,0
Requesting a refund for order #61209,I cancelled within the trial period but was still charged $19.99. I would like a refund. The browser console shows an exception with code ERR_CONN_RESET. I love your product and it's been great so far. Regards.,low,Billing,12.8,0
Upgrade billing question,"Hi there, I want to cancel my subscription at the end of the billing period, will I be charged again? Additionally, the app shows an error when I try to export data. Thank you.",high,Billing,7.4,0
Tracking number not updating,"Hello, The tracking number for order #77310 hasn't updated in 7 days. Regards.",medium,Shipping,10.5,0
Business hours inquiry,"Good morning, What are your support hours on weekends? Unfortunately this is causing problems for me. Regards.",high,General,4.6,0
Double charge on my card,"Hello, You took the subscription payment two times. Please refund the duplicate charge. On top of that, I can't log in to my account on the mobile app.",low,Billing,27.6,0
Question about features,"Hi, I'm wondering whether your product supports calendar sync. The browser console shows an exception with code 502. I have followed the steps in your help article multiple times and it still happens. On top of that, I can't log in to my account on the mobile app. Regards.",medium,General,8.3,0
Received damaged item,"Hello team, Half of the items in the package were damaged during delivery. Also, I was charged an extra fee on my last invoice. I love your product and it's been great so far. Please help.",medium,Shipping,30.0,0
Password reset link not working,When I click the reset link it says the token is invalid or expired. I am extremely frustrated and angry about this. Please help.,low,Account,8.8,1
Forgot password,"The password reset email never arrives in my inbox. The browser console shows an exception with code 403. Also, my last package arrived late and the tracking never updated. Thank you.",low,Account,16.5,0
Incorrect item in package,"The item delivered doesn't match what I ordered in order #10482. I reached out last week and got no response. This is the third time I've contacted you about this. I'm a bit disappointed, to be honest. Looking forward to your reply.",high,Shipping,19.0,0
Account locked,"Hello team, My account was suspended without any notice and I can't log in. Additionally, I had a question about your support hours. Thanks so much, I appreciate the quick help.",medium,Account,9.6,0
Charged twice for my subscription,"Hello team, I was billed twice for my Premium plan this month, two charges of $8.99 on my credit card. This is annoying and is slowing down my work. Regards.",medium,Billing,17.5,0
Want my money back,"Hi, I cancelled within the trial period but was still charged $99.00. I would like a refund. This is annoying and is slowing down my work. Thank you.",high,Billing,11.3,0
No tracking information,"Hi there, The carrier website says the tracking number doesn't exist. I'm on macOS Sonoma with app version 3.9.8. This is completely unacceptable! I'm considering legal action. Please help.",high,Shipping,20.9,1
Where is my order?,"Hello team, The package was marked as shipped but never arrived. Thanks.",low,Shipping,27.0,0
API requests timing out,"Good morning, Our API calls to the orders endpoint keep timing out after 30 seconds. Additionally, I had a question about your support hours. Your team has always been really helpful, thanks in advance! Thank you.",medium,Technical,35.3,0
Website very slow,"Hi, Exporting my data to CSV produces an empty file. This is the third time I've contacted you about this. I'm furious. Your product is useless right now. Thank you.",medium,Technical,36.3,1
Export to CSV not working,"The website has been extremely slow, pages take over a minute to load. The server logs show a timeout on the API endpoint. The browser console shows an exception with code 502. I have followed the steps in your help article multiple times and it still happens. I restarted and reinstalled everything, nothing works. Unfortunately this is causing problems for me.",high,Technical,47.2,0
Suggestion for improvement,"Hello team, I wanted to share some feedback on the new design, it looks cleaner. I already tried logging out and back in, and I cleared the cache. Also, I was charged an extra fee on my last invoice. Overall I'm very happy with the service. Looking forward to your reply.",low,General,19.4,0
Unknown debit on my statement,"Hi there, Money was taken from my bank account without my permission, $99.00 on last Monday. This is the third time I've contacted you about this. I'm a bit disappointed, to be honest. Looking forward to your reply.",urgent,Billing,8.5,0
Getting error messages,"Hello, The page shows error code 502 and nothing loads. The server logs show a timeout on the API endpoint. Regards.",high,Technical,18.2,0
Close my account,"Hi, Please delete my account and all associated data. Unfortunately this is causing problems for me. Thank you.",high,Account,5.6,0
Question about pricing and discounts,"Is there a discount coupon for annual billing? I want to switch from monthly payment. I restarted and reinstalled everything, nothing works. I have followed the steps in your help article multiple times and it still happens. Looking forward to your reply.",medium,Billing,26.4,0
Upgrade billing question,"Hi, I want to cancel my subscription at the end of the billing period, will I be charged again?",medium,Billing,12.0,0
Order #10482 not delivered,My order #10482 was supposed to arrive 10 days ago and it's still not here. Please help.,low,Shipping,29.5,0
Account suspended,"My account was suspended without any notice and I can't log in. I'm a bit disappointed, to be honest. Please help.",medium,Account,4.7,0
Cannot update payment method,"Hi there, My payment keeps getting declined even though the card works everywhere else. Also, my last package arrived late and the tracking never updated.",low,Billing,18.3,0
Integration not working,"Hello, Our API calls to the orders endpoint keep timing out after 30 seconds. The server logs show a timeout on the API endpoint. I checked the network tab and the request returns a 502 error. I am extremely frustrated and angry about this. If this isn't fixed I will dispute the charge with my bank. Thanks.",urgent,Technical,17.9,1
Where is my order?,"Hi there, I ordered 3 days ago and still have no delivery. Please help.",medium,Shipping,13.2,0
Wrong item delivered,"Good morning, The package contained someone else's order.",medium,Shipping,10.1,0
Locked out of my account,"Hi there, I'm locked out and can't sign in to access my projects. Your team has always been really helpful, thanks in advance! Regards.",high,Account,5.4,1
Two-factor code not received,"I got a new phone and lost my authenticator app, now I can't pass 2FA. This is the third time I've contacted you about this. Additionally, the app shows an error when I try to export data. I'm a bit disappointed, to be honest. Looking forward to your reply.",high,Account,9.1,0
Incorrect invoice,"Hello, The invoice for March 3rd shows $12.50 but my plan should cost less. Additionally, I had a question about your support hours. Thank you.",high,Billing,8.9,0
Refund request,"Good morning, I requested a refund two weeks ago for $12.50 and have not received it. Additionally, I had a question about your support hours. Please help.",high,Billing,15.5,0
Item arrived broken,"Hello team, The parcel arrived damaged and the item inside is broken. I already tried logging out and back in, and I cleared the cache. I have followed the steps in your help article multiple times and it still happens. Also, I was charged an extra fee on my last invoice. This is quite frustrating.",high,Shipping,36.0,1
Pages take forever to load,"The website has been extremely slow, pages take over a minute to load. The browser console shows an exception with code 502. I checked the network tab and the request returns a 502 error. I already tried logging out and back in, and I cleared the cache. I restarted and reinstalled everything, nothing works. Also, my last package arrived late and the tracking never updated. This is the worst service I've ever experienced!! If this isn't fixed I will dispute the charge with my bank. Thank you.",high,Technical,49.4,1
Invoice amount is wrong,"My latest invoice includes fees I don't recognise. Can you explain the charges? I'm a bit disappointed, to be honest. Thanks.",medium,Billing,10.8,0
Changes not saving,"Hello, Changes I make on my laptop don't sync to my phone anymore. I'm on Windows 11 with app version 4.3.0. Unfortunately this is causing problems for me. Thanks.",medium,Technical,21.2,0
Upgrade billing question,"Hi, Is there a discount coupon for annual billing? I want to switch from monthly payment. I reached out last week and got no response. Additionally, I had a question about your support hours. I'm a bit disappointed, to be honest. Regards.",medium,Billing,23.4,1
Account locked,"Hi there, My account got locked after a few failed login attempts. Thanks.",low,Account,12.6,0
Double charge on my card,"Good morning, You took the subscription payment two times. Please refund the duplicate charge. I restarted and reinstalled everything, nothing works. It keeps happening again and again for weeks now. Overall I'm very happy with the service. Thank you.",medium,Billing,19.0,0
Changes not saving,"Hi there, Edits made by my team are not showing up, looks like sync failed. Our SSL certificate and DNS configuration look correct. The browser console shows an exception with code 0x80070005. Additionally, I had a question about your support hours. Your team has always been really helpful, thanks in advance! Please help.",low,Technical,79.6,0
App crashes on startup,"Good morning, Since the latest update the application crashes right after the splash screen. I'm on a Pixel 8 on Android 14 with app version 3.9.8. The browser console shows an exception with code 0x80070005. Thanks so much, I appreciate the quick help. Please help.",medium,Technical,34.6,0
Feature request,"Hi, It would be great if you added single sign-on in a future release. It keeps happening again and again for weeks now. This is the third time I've contacted you about this. Unfortunately this is causing problems for me. Looking forward to your reply.",low,General,11.0,0
Add a team member,How can I change the email address on my account profile? I checked the network tab and the request returns a 502 error. I reached out last week and got no response. This is annoying and is slowing down my work. Thank you.,medium,Account,12.4,0
Payment declined,"My payment keeps getting declined even though the card works everywhere else. Thanks so much, I appreciate the quick help. Thank you.",low,Billing,13.8,0
Where is my order?,"Hi there, My order #98012 was supposed to arrive 7 days ago and it's still not here. On top of that, I can't log in to my account on the mobile app. Thank you.",high,Shipping,23.5,0
Data not syncing between devices,The sync has been stuck on 'pending' for hours and my data is out of date. I checked the network tab and the request returns a 502 error. I'm on a Pixel 8 on Android 14 with app version 3.9.8. Unfortunately this is causing problems for me. Looking forward to your reply.,high,Technical,16.9,1
Package was damaged,"Hello team, My order arrived with a cracked screen, the box was crushed by the courier. This is the third time I've contacted you about this. I'm a bit disappointed, to be honest. Thank you.",medium,Shipping,23.3,1
Package was damaged,"My order arrived with a cracked screen, the box was crushed by the courier. Thanks.",medium,Shipping,19.4,0
App crashes on startup,"Hello team, The app crashes every time I try to upload a file larger than 10MB. The browser console shows an exception with code E1042. I checked the network tab and the request returns a 502 error. Looking forward to your reply.",high,Technical,28.9,0
No tracking information,"Hi, The tracking number for order #98012 hasn't updated in 10 days. I'm a bit disappointed, to be honest. Please help.",high,Shipping,16.2,0
Payment declined,"The subscription renewal failed and now I can't pay the outstanding balance. I'm a bit disappointed, to be honest. Thank you.",high,Billing,7.3,1
Sync is broken,"Good morning, The sync has been stuck on 'pending' for hours and my data is out of date. On top of that, I can't log in to my account on the mobile app. Thank you.",medium,Technical,48.2,0
Application keeps crashing,"Hello, Since the latest update the application crashes right after the splash screen. I'm on an iPhone 14 on iOS 17 with app version 4.2.1. Please help.",high,Technical,27.7,0
Order #61209 not delivered,"I ordered 10 days ago and still have no delivery. I already tried logging out and back in, and I cleared the cache. I'm a bit disappointed, to be honest. Thank you.",medium,Shipping,30.6,1
Order #98012 not delivered,"The package was marked as shipped but never arrived. The server logs show a timeout on the API endpoint. Additionally, the app shows an error when I try to export data. Unfortunately this is causing problems for me. Thanks.",high,Shipping,28.5,1
Error 500 on dashboard,"Saving a project fails with the message 'unexpected error, please try again'. I'm on Windows 11 with app version 4.3.0. On top of that, I can't log in to my account on the mobile app. Thanks.",high,Technical,43.2,0
Password reset link not working,"The password reset email never arrives in my inbox. This is the third time I've contacted you about this. I restarted and reinstalled everything, nothing works. This is quite frustrating. Please help.",urgent,Account,5.9,1
API requests timing out,"Hi there, Our API calls to the orders endpoint keep timing out after 30 seconds. I'm on an iPhone 14 on iOS 17 with app version 5.0.2. Also, my last package arrived late and the tracking never updated. Regards.",medium,Technical,45.4,0
Suggestion for improvement,"Hello, It would be great if you added calendar sync in a future release. The server logs show a timeout on the API endpoint. Unfortunately this is causing problems for me. Looking forward to your reply.",low,General,10.4,0
Account locked,"Hi, I'm locked out and can't sign in to access my projects. Looking forward to your reply.",high,Account,8.2,0
Where is my order?,"Hi, I ordered 7 days ago and still have no delivery. I am extremely frustrated and angry about this. Thank you.",high,Shipping,18.8,0
Delete my account,"Hello team, Please delete my account and all associated data. Thank you.",low,Account,6.8,0
Getting error messages,"Hi, The page shows error code 0x80070005 and nothing loads. Our SSL certificate and DNS configuration look correct. I'm furious. Your product is useless right now. Please help.",high,Technical,20.3,0
Delete my account,"I would like to deactivate my profile and close the account. I restarted and reinstalled everything, nothing works. I already tried logging out and back in, and I cleared the cache. This is the worst service I've ever experienced!! I want to speak to a manager immediately. Thank you.",urgent,Account,8.6,1
Incorrect invoice,The invoice for last Monday shows $49.00 but my plan should cost less. Looking forward to your reply.,medium,Billing,8.1,0
Invoice does not match my plan,"Hi, My latest invoice includes fees I don't recognise. Can you explain the charges? This is the third time I've contacted you about this. I already tried logging out and back in, and I cleared the cache. This is annoying and is slowing down my work. Regards.",urgent,Billing,12.9,1
Payment declined,"Hello team, The subscription renewal failed and now I can't pay the outstanding balance.",medium,Billing,9.8,0
Feature request,"Hello team, I wanted to share some feedback on the new design, it looks cleaner. Overall I'm very happy with the service. Regards.",low,General,4.7,0
App crashes on startup,"Since the latest update the application crashes right after the splash screen. Also, my last package arrived late and the tracking never updated. Thanks.",low,Technical,58.6,0
Webhook failures,"Hello team, Webhooks are failing with a timeout and our integration is broken. The server logs show a timeout on the API endpoint. I'm on an iPhone 14 on iOS 17 with app version 4.2.1. Also, I was charged an extra fee on my last invoice. This is quite frustrating.",medium,Technical,55.4,0
Deactivate profile,"Hello, How do I permanently delete my account? I already tried logging out and back in, and I cleared the cache. Unfortunately this is causing problems for me. Regards.",high,Account,5.5,0
Money taken without permission,"Hello, I see a payment to you I don't recognise. I did not approve this transaction. It keeps happening again and again for weeks now.",medium,Billing,17.2,0
Tracking stuck,"The tracking number for order #55321 hasn't updated in 3 days. Additionally, I had a question about your support hours. Looking forward to your reply.",low,Shipping,52.3,0
2FA problem,"Hi there, I'm not receiving the two-factor verification code by SMS. Looking forward to your reply.",medium,Account,5.4,0
Crash when uploading files,Since the latest update the application crashes right after the splash screen. Our SSL certificate and DNS configuration look correct. The server logs show a timeout on the API endpoint. This is the third time I've contacted you about this.,medium,Technical,52.8,0
Payment declined,"Hi, My payment keeps getting declined even though the card works everywhere else. I love your product and it's been great so far. Thank you.",high,Billing,7.2,0
Export to CSV not working,"Hi there, Exporting my data to CSV produces an empty file. The browser console shows an exception with code 502. It keeps happening again and again for weeks now. I already tried logging out and back in, and I cleared the cache. I'm a bit disappointed, to be honest. Please help.",high,Technical,42.5,1
Lost my authenticator,"Hello team, The verification code is always rejected as invalid. I reached out last week and got no response. This is the third time I've contacted you about this. Thank you.",low,Account,8.1,0
Export to CSV not working,"Hi, Exporting my data to CSV produces an empty file. I'm on Windows 11 with app version 4.2.1. I restarted and reinstalled everything, nothing works. I have followed the steps in your help article multiple times and it still happens. This is quite frustrating. Regards.",high,Technical,34.2,0
Business hours inquiry,"Do you offer a student discount or nonprofit pricing? I have followed the steps in your help article multiple times and it still happens. On top of that, I can't log in to my account on the mobile app. Regards.",medium,General,9.8,0
Invoice does not match my plan,"Hi there, The receipt lists the Premium plan but I'm on a cheaper plan. Also, my last package arrived late and the tracking never updated. Thank you.",high,Billing,8.8,1
Change email address,"Hello, How can I change the email address on my account profile? It keeps happening again and again for weeks now. Additionally, the app shows an error when I try to export data. I'm a bit disappointed, to be honest. Looking forward to your reply.",high,Account,13.1,0
App crashes on startup,"Hello, The mobile app freezes and then crashes when I open the reports section. I checked the network tab and the request returns a 502 error. The server logs show a timeout on the API endpoint. I love your product and it's been great so far. Please help.",urgent,Technical,20.9,0
Changes not saving,Changes I make on my laptop don't sync to my phone anymore.,low,Technical,34.4,0
Money taken without permission,"Hi there, I see a payment to you I don't recognise. I did not approve this transaction. The server logs show a timeout on the API endpoint. Looking forward to your reply.",high,Billing,10.6,0
Webhook failures,"Good morning, The Slack integration stopped posting notifications yesterday. Thanks so much, I appreciate the quick help.",medium,Technical,23.5,0
Update my username,"Hi, I want to add a new team member to my account with admin permissions. I reached out last week and got no response. I have followed the steps in your help article multiple times and it still happens. Honestly this is ridiculous and a total waste of my time. Thank you.",medium,Account,14.1,0
Delete my account,Please delete my account and all associated data. Regards.,low,Account,10.4,0
Question about features,"How do I get started with calendar sync? I couldn't find it in the help center. I checked the network tab and the request returns a 502 error. Also, my last package arrived late and the tracking never updated. Thanks.",low,General,13.3,0
Forgot password,"Hello, When I click the reset link it says the token is invalid or expired. Regards.",medium,Account,4.5,0
Does the product support calendar sync?,"I'm wondering whether your product supports offline mode. Your team has always been really helpful, thanks in advance! Thanks.",low,General,8.3,0
Double charge on my card,"Hi, My bank statement shows the same $12.50 transaction twice on March 3rd. Overall I'm very happy with the service. Regards.",low,Billing,10.7,0
How do I use calendar sync?,How do I get started with offline mode? I couldn't find it in the help center. I reached out last week and got no response. This is the third time I've contacted you about this. This is annoying and is slowing down my work. Please help.,low,General,11.3,0
Application keeps crashing,"Since the latest update the application crashes right after the splash screen. Additionally, I had a question about your support hours. Overall I'm very happy with the service. Regards.",medium,Technical,30.5,0
Account locked,"Hi, My account was suspended without any notice and I can't log in. I already tried logging out and back in, and I cleared the cache. This is the third time I've contacted you about this. I'm a bit disappointed, to be honest. Regards.",high,Account,5.8,1
Invoice amount is wrong,"Hello team, The invoice for yesterday shows $49.00 but my plan should cost less. On top of that, I can't log in to my account on the mobile app. Thanks.",high,Billing,9.0,0
Incorrect invoice,"Good morning, The invoice for June 1st shows $99.00 but my plan should cost less. The server logs show a timeout on the API endpoint. I'm a bit disappointed, to be honest. Regards.",medium,Billing,17.0,0
Package was damaged,"Hi, Half of the items in the package were damaged during delivery. Overall I'm very happy with the service. Thanks.",low,Shipping,16.7,0
Sync is broken,"Hi, Edits made by my team are not showing up, looks like sync failed. Our SSL certificate and DNS configuration look correct. The browser console shows an exception with code 403. Also, I was charged an extra fee on my last invoice. Unfortunately this is causing problems for me. Looking forward to your reply.",high,Technical,51.3,0
Delete my account,"Good morning, I would like to deactivate my profile and close the account. I reached out last week and got no response. I already tried logging out and back in, and I cleared the cache. Please help.",high,Account,5.0,0
Forgot password,"Good morning, When I click the reset link it says the token is invalid or expired. The server logs show a timeout on the API endpoint. Additionally, I had a question about your support hours. Looking forward to your reply.",medium,Account,15.2,0
Crash when uploading files,"Since the latest update the application crashes right after the splash screen. Also, I was charged an extra fee on my last invoice. Please help.",medium,Technical,38.9,0
Two-factor code not received,"Hello, The verification code is always rejected as invalid. The server logs show a timeout on the API endpoint. Please help.",high,Account,7.6,0
Feedback on the new design,"Good morning, It would be great if you added custom reports in a future release. I reached out last week and got no response. I restarted and reinstalled everything, nothing works. I'm a bit disappointed, to be honest. Thank you.",low,General,16.0,0
Received someone else's order,The item delivered doesn't match what I ordered in order #10482. Our SSL certificate and DNS configuration look correct. This is completely unacceptable! I will be leaving a review on social media about this.,low,Shipping,48.3,0
Duplicate payment this month,"Hi there, My bank statement shows the same $12.50 transaction twice on yesterday. Thanks so much, I appreciate the quick help. Please help.",medium,Billing,10.3,0
Payment declined,"I tried to update my credit card details but the payment page rejects the card. Additionally, I had a question about your support hours. Regards.",urgent,Billing,13.1,1
Export to CSV not working,"The search feature is not working, it just keeps loading. Our SSL certificate and DNS configuration look correct. The server logs show a timeout on the API endpoint. On top of that, I can't log in to my account on the mobile app.",urgent,Technical,28.8,0
Invoice does not match my plan,The invoice for last Monday shows $19.99 but my plan should cost less. Overall I'm very happy with the service. Thank you.,medium,Billing,8.2,1
Partnership inquiry,"Hi there, What are your support hours on weekends? Regards.",low,General,6.1,0
Order #30055 not delivered,"Hi there, The package was marked as shipped but never arrived. It keeps happening again and again for weeks now. On top of that, I can't log in to my account on the mobile app. Looking forward to your reply.",low,Shipping,51.4,1
Refund request,"Hi, I requested a refund two weeks ago for $49.00 and have not received it. I checked the network tab and the request returns a 502 error. Unfortunately this is causing problems for me. Thank you.",high,Billing,14.9,1
Double charge on my card,You took the subscription payment two times. Please refund the duplicate charge.,medium,Billing,11.2,1
Lost my authenticator,"The verification code is always rejected as invalid. Also, I was charged an extra fee on my last invoice.",medium,Account,12.7,0
Changes not saving,"Hi there, The sync has been stuck on 'pending' for hours and my data is out of date. I'm on macOS Sonoma with app version 4.3.0. Our SSL certificate and DNS configuration look correct. I restarted and reinstalled everything, nothing works. I have followed the steps in your help article multiple times and it still happens. Also, I was charged an extra fee on my last invoice. I'm furious. Your product is useless right now. I'm considering legal action. Thanks.",medium,Technical,72.3,1
Where is my order?,"Hello, I ordered 10 days ago and still have no delivery. Additionally, the app shows an error when I try to export data. Please help.",medium,Shipping,36.6,1
Payment declined,"I tried to update my credit card details but the payment page rejects the card. Additionally, the app shows an error when I try to export data. Please help.",low,Billing,28.4,0
Order #61209 not delivered,"Hi there, I ordered 10 days ago and still have no delivery. Additionally, I had a question about your support hours. This is annoying and is slowing down my work. Regards.",medium,Shipping,15.6,0
Application keeps crashing,"Hi, The app crashes every time I try to upload a file larger than 10MB. I'm on Windows 11 with app version 5.0.2. I restarted and reinstalled everything, nothing works. It keeps happening again and again for weeks now. Thanks.",low,Technical,91.2,0
API requests timing out,Webhooks are failing with a timeout and our integration is broken. I'm on macOS Sonoma with app version 4.3.0. Unfortunately this is causing problems for me. Regards.,medium,Technical,26.8,0
Want my money back,"Hello team, I cancelled within the trial period but was still charged $49.00. I would like a refund. Thanks so much, I appreciate the quick help. Please help.",high,Billing,8.6,0
Charged twice for my subscription,"Hello team, My bank statement shows the same $12.50 transaction twice on June 1st. The browser console shows an exception with code 502. Additionally, the app shows an error when I try to export data. Overall I'm very happy with the service. Thank you.",low,Billing,43.5,0
Data not syncing between devices,"Hi, Changes I make on my laptop don't sync to my phone anymore. I'm on Windows 11 with app version 4.2.1. Please help.",medium,Technical,33.2,0
Change shipping address,"Hi, Please update my delivery address, I've moved.",urgent,Shipping,7.0,0
Change email address,I want to add a new team member to my account with admin permissions.,low,Account,11.0,0
Account locked,"Hi, I'm locked out and can't sign in to access my projects. This is the third time I've contacted you about this. Unfortunately this is causing problems for me. Regards.",low,Account,15.1,0
Webhook failures,"Good morning, The Slack integration stopped posting notifications yesterday. The server logs show a timeout on the API endpoint. Also, my last package arrived late and the tracking never updated. Looking forward to your reply.",high,Technical,15.6,0
Need a return label,"Hi, Please update my delivery address, I've moved.",urgent,Shipping,9.3,1
No tracking information,The tracking number for order #98012 hasn't updated in 10 days. Regards.,low,Shipping,28.8,0
Delete my account,"I would like to deactivate my profile and close the account. Your team has always been really helpful, thanks in advance! Please help.",low,Account,10.5,0
Delete my account,How do I permanently delete my account? Thanks.,medium,Account,5.3,0
Upgrade billing question,"Good morning, If I upgrade to the Team plan mid-cycle, how will the billing be prorated? Also, my last package arrived late and the tracking never updated. This is quite frustrating. Thanks.",urgent,Billing,10.5,0
Data not syncing between devices,"Hi, Edits made by my team are not showing up, looks like sync failed. The browser console shows an exception with code ERR_CONN_RESET. Our SSL certificate and DNS configuration look correct. Regards.",low,Technical,89.6,0
Tracking stuck,"Hi there, Tracking has shown 'in transit' at the same warehouse for a week. It keeps happening again and again for weeks now. I restarted and reinstalled everything, nothing works. This is completely unacceptable! Thank you.",medium,Shipping,27.3,1
Invoice amount is wrong,"Good morning, The receipt lists the Premium plan but I'm on a cheaper plan. Please help.",medium,Billing,12.9,0
Cannot update payment method,"Hi, I tried to update my credit card details but the payment page rejects the card. The server logs show a timeout on the API endpoint. I have followed the steps in your help article multiple times and it still happens. This is the third time I've contacted you about this. This is completely unacceptable! Please escalate this to a supervisor. Thank you.",high,Billing,20.2,1
Website very slow,"Hello, The website has been extremely slow, pages take over a minute to load. Thank you.",high,Technical,13.2,0
Crash when uploading files,The mobile app freezes and then crashes when I open the reports section. I'm on Windows 11 with app version 4.2.1.,medium,Technical,24.9,0
Export to CSV not working,"Hello, The search feature is not working, it just keeps loading. Our SSL certificate and DNS configuration look correct. I checked the network tab and the request returns a 502 error. Your team has always been really helpful, thanks in advance!",medium,Technical,39.9,0
Crash when uploading files,"Hi, Since the latest update the application crashes right after the splash screen. Our SSL certificate and DNS configuration look correct.",urgent,Technical,17.2,0
Business hours inquiry,"Hello team, What are your support hours on weekends? Regards.",medium,General,3.1,1
Application keeps crashing,"Good morning, The mobile app freezes and then crashes when I open the reports section. The browser console shows an exception with code 403. I'm on a Pixel 8 on Android 14 with app version 4.2.1. Also, my last package arrived late and the tracking never updated.",medium,Technical,32.7,0
Sync is broken,"Hi there, Changes I make on my laptop don't sync to my phone anymore. Regards.",medium,Technical,24.4,0
2FA problem,"Hi, I'm not receiving the two-factor verification code by SMS. Also, my last package arrived late and the tracking never updated. I'm a bit disappointed, to be honest. Thanks.",urgent,Account,6.5,1
Feedback on the new design,"Good morning, I wanted to share some feedback on the new design, it looks cleaner. I restarted and reinstalled everything, nothing works. Unfortunately this is causing problems for me.",medium,General,8.0,0
Charged twice for my subscription,"Hi there, You took the subscription payment two times. Please refund the duplicate charge. Looking forward to your reply.",medium,Billing,17.8,0
Suggestion for improvement,"It would be great if you added single sign-on in a future release. Your team has always been really helpful, thanks in advance! Thanks.",low,General,7.1,0
API requests timing out,"Hello team, Webhooks are failing with a timeout and our integration is broken. Thanks.",medium,Technical,14.3,0
Password reset link not working,"Hi, When I click the reset link it says the token is invalid or expired. Your team has always been really helpful, thanks in advance! Thank you.",low,Account,6.8,0
Upgrade billing question,"Hello, I want to cancel my subscription at the end of the billing period, will I be charged again? Additionally, the app shows an error when I try to export data. This is quite frustrating.",urgent,Billing,10.9,1
Student discount?,"Hi there, What are your support hours on weekends? It keeps happening again and again for weeks now. Overall I'm very happy with the service.",low,General,10.6,0
Password reset link not working,"Good morning, I forgot my password and the reset form says my email is not recognised. I'm on macOS Sonoma with app version 4.2.1. Please help.",low,Account,8.9,0
Question about pricing and discounts,Is there a discount coupon for annual billing? I want to switch from monthly payment. The browser console shows an exception with code 502. Overall I'm very happy with the service. Thank you.,medium,Billing,10.8,0
API requests timing out,"Hi there, The Slack integration stopped posting notifications yesterday. I'm on Windows 11 with app version 5.0.2. Our SSL certificate and DNS configuration look correct. Regards.",high,Technical,30.1,0
Card keeps getting declined,The subscription renewal failed and now I can't pay the outstanding balance. Thanks.,medium,Billing,14.5,0
Cannot update payment method,"Hello team, My payment keeps getting declined even though the card works everywhere else. I have followed the steps in your help article multiple times and it still happens.",medium,Billing,14.4,0
Forgot password,"Hi, The password reset email never arrives in my inbox. Overall I'm very happy with the service. Thank you.",urgent,Account,2.4,0
Invoice does not match my plan,"My latest invoice includes fees I don't recognise. Can you explain the charges? On top of that, I can't log in to my account on the mobile app. I am extremely frustrated and angry about this. I'm considering legal action. Looking forward to your reply.",low,Billing,38.3,1
Lost my authenticator,"Hi, The verification code is always rejected as invalid. Your team has always been really helpful, thanks in advance!",low,Account,8.0,0
Upgrade billing question,"Hi there, I want to cancel my subscription at the end of the billing period, will I be charged again? Additionally, I had a question about your support hours. Your team has always been really helpful, thanks in advance! Please help.",high,Billing,12.4,0
Cannot update payment method,My payment keeps getting declined even though the card works everywhere else. Looking forward to your reply.,high,Billing,9.0,0
Upgrade billing question,"Good morning, Is there a discount coupon for annual billing? I want to switch from monthly payment. Your team has always been really helpful, thanks in advance! Looking forward to your reply.",medium,Billing,15.1,0
Received damaged item,Half of the items in the package were damaged during delivery. I am extremely frustrated and angry about this. I will cancel my subscription and switch to a competitor. Thank you.,high,Shipping,15.1,1
Feature request,"Good morning, It would be great if you added calendar sync in a future release. I have followed the steps in your help article multiple times and it still happens. I'm a bit disappointed, to be honest. Thanks.",medium,General,6.3,0
Received someone else's order,"Hello, I received the wrong item, I ordered a blue one and got a red one. Please help.",high,Shipping,9.0,0
Double charge on my card,"Hi there, My bank statement shows the same $249.00 transaction twice on March 3rd. Thanks.",medium,Billing,8.6,0
Lost my authenticator,"Good morning, I got a new phone and lost my authenticator app, now I can't pass 2FA. This is the third time I've contacted you about this. I'm furious. Your product is useless right now. Please help.",medium,Account,6.8,1
Payment declined,"Hello team, The subscription renewal failed and now I can't pay the outstanding balance. It keeps happening again and again for weeks now. This is the third time I've contacted you about this. Looking forward to your reply.",medium,Billing,17.4,0
Received someone else's order,"Good morning, The item delivered doesn't match what I ordered in order #61209. I have followed the steps in your help article multiple times and it still happens. It keeps happening again and again for weeks now. Unfortunately this is causing problems for me. Thanks.",low,Shipping,25.8,0
Website very slow,"Hi, The search feature is not working, it just keeps loading. I'm on Chrome 126 with app version 5.0.2. The browser console shows an exception with code E1042. Looking forward to your reply.",low,Technical,30.7,0
Card keeps getting declined,"Good morning, The subscription renewal failed and now I can't pay the outstanding balance. The browser console shows an exception with code 403. Please help.",low,Billing,24.3,0
Partnership inquiry,"Hi there, We're interested in a partnership with your company, who should we contact? The browser console shows an exception with code 0x80070005. Looking forward to your reply.",medium,General,6.5,0
Unauthorized charge,"Hello team, Money was taken from my bank account without my permission, $249.00 on June 1st. I have followed the steps in your help article multiple times and it still happens. This is the third time I've contacted you about this. This is completely unacceptable! I want to speak to a manager immediately. Please help.",medium,Billing,20.6,1
Change email address,"Hello, I need to update my username and profile details. Additionally, I had a question about your support hours.",low,Account,18.9,0
Update delivery address,"Hello, I need to change the shipping address for order #61209 before it's dispatched.",low,Shipping,35.3,0
Changes not saving,"Hi there, The sync has been stuck on 'pending' for hours and my data is out of date. Also, I was charged an extra fee on my last invoice. Looking forward to your reply.",medium,Technical,32.0,0
Suggestion for improvement,"Hello team, It would be great if you added single sign-on in a future release. This is quite frustrating. Thanks.",low,General,7.3,0
Crash when uploading files,The app crashes every time I try to upload a file larger than 10MB. I'm on macOS Sonoma with app version 4.2.1. I checked the network tab and the request returns a 502 error. Please help.,medium,Technical,46.6,0
Unauthorized charge,"Hi there, Money was taken from my bank account without my permission, $249.00 on March 3rd. It keeps happening again and again for weeks now. I already tried logging out and back in, and I cleared the cache. I'm furious. Your product is useless right now. Regards.",high,Billing,21.3,1
Item arrived broken,"Hi there, My order arrived with a cracked screen, the box was crushed by the courier. Looking forward to your reply.",low,Shipping,21.2,0
Pages take forever to load,"Hi, The website has been extremely slow, pages take over a minute to load. Thanks.",medium,Technical,32.3,0
Charged twice for my subscription,"Hello team, I was billed twice for my Business plan this month, two charges of $12.50 on my credit card. Unfortunately this is causing problems for me. Thanks.",low,Billing,19.6,0
Payment declined,"Hi there, My payment keeps getting declined even though the card works everywhere else. I checked the network tab and the request returns a 502 error.",low,Billing,18.4,0
Charged twice for my subscription,"Hello team, I was billed twice for my Premium plan this month, two charges of $99.00 on my credit card. I love your product and it's been great so far. Regards.",low,Billing,14.2,0
Money taken without permission,"Hi there, I see a payment to you I don't recognise. I did not approve this transaction. Thank you.",medium,Billing,13.9,0
Upgrade billing question,"Hello, I want to cancel my subscription at the end of the billing period, will I be charged again? This is completely unacceptable! I will cancel my subscription and switch to a competitor. Regards.",urgent,Billing,11.8,1
Tracking stuck,"The tracking number for order #55321 hasn't updated in 7 days. The server logs show a timeout on the API endpoint. I already tried logging out and back in, and I cleared the cache. This is quite frustrating.",high,Shipping,21.7,0
Application keeps crashing,"Hi there, Since the latest update the application crashes right after the splash screen. Our SSL certificate and DNS configuration look correct. Please help.",low,Technical,43.3,1
Business hours inquiry,"We're interested in a partnership with your company, who should we contact? Your team has always been really helpful, thanks in advance! Thank you.",low,General,6.3,0
Package has not arrived,"Hello, The package was marked as shipped but never arrived. Looking forward to your reply.",medium,Shipping,15.1,0
Need a return label,"Hello team, Can you send me a return label so I can send the item back? This is quite frustrating. Looking forward to your reply.",medium,Shipping,22.8,0
Want my money back,"Hi, Please process a refund for order #30055, I never used the service after paying. This is the third time I've contacted you about this. Thanks.",high,Billing,12.2,0
Account suspended,"I'm locked out and can't sign in to access my projects. I already tried logging out and back in, and I cleared the cache. I reached out last week and got no response. I'm a bit disappointed, to be honest. Regards.",high,Account,11.3,0
Question about pricing and discounts,"Hello team, I want to cancel my subscription at the end of the billing period, will I be charged again? Our SSL certificate and DNS configuration look correct. Please help.",high,Billing,9.5,0
Question about features,"Hi, I'm wondering whether your product supports single sign-on. I reached out last week and got no response. This is the third time I've contacted you about this. Unfortunately this is causing problems for me. Looking forward to your reply.",low,General,10.2,0
Question about pricing and discounts,"Hi, Is there a discount coupon for annual billing? I want to switch from monthly payment. The server logs show a timeout on the API endpoint. I'm a bit disappointed, to be honest. Thanks.",medium,Billing,15.3,0
Invoice amount is wrong,My latest invoice includes fees I don't recognise. Can you explain the charges? Regards.,high,Billing,11.1,0
Changes not saving,"Good morning, Changes I make on my laptop don't sync to my phone anymore. I checked the network tab and the request returns a 502 error. I have followed the steps in your help article multiple times and it still happens. This is the third time I've contacted you about this. This is annoying and is slowing down my work. Please help.",urgent,Technical,28.2,1
Incorrect invoice,"Good morning, The invoice for last Monday shows $249.00 but my plan should cost less. This is the third time I've contacted you about this. Unfortunately this is causing problems for me. Looking forward to your reply.",high,Billing,16.6,1
Changes not saving,"The sync has been stuck on 'pending' for hours and my data is out of date. The browser console shows an exception with code ERR_CONN_RESET. Additionally, I had a question about your support hours. I'm furious. Your product is useless right now.",high,Technical,37.8,0
Export to CSV not working,"Hi there, Exporting my data to CSV produces an empty file. The server logs show a timeout on the API endpoint. I'm a bit disappointed, to be honest. Regards.",high,Technical,19.9,1
Question about features,I'm wondering whether your product supports single sign-on. I checked the network tab and the request returns a 502 error. Unfortunately this is causing problems for me. Thank you.,low,General,7.7,0
2FA problem,I'm not receiving the two-factor verification code by SMS. Please help.,medium,Account,3.0,0
Unknown debit on my statement,"Hello, I see a payment to you I don't recognise. I did not approve this transaction. I'm on Windows 11 with app version 4.2.1. I reached out last week and got no response. It keeps happening again and again for weeks now. Also, my last package arrived late and the tracking never updated. This is the worst service I've ever experienced!!",medium,Billing,18.3,1
Webhook failures,"Good morning, Our API calls to the orders endpoint keep timing out after 30 seconds. The browser console shows an exception with code 403. Also, my last package arrived late and the tracking never updated. Regards.",low,Technical,56.4,0
Where is my order?,"The package was marked as shipped but never arrived. On top of that, I can't log in to my account on the mobile app. Overall I'm very happy with the service. Regards.",medium,Shipping,28.4,0
Error 500 on dashboard,"Hello team, The page shows error code 403 and nothing loads. I checked the network tab and the request returns a 502 error. I'm on an iPhone 14 on iOS 17 with app version 4.2.1.",medium,Technical,22.9,0
How do I use bulk export?,"Could you give me some information about what's included in each plan? I restarted and reinstalled everything, nothing works. Additionally, the app shows an error when I try to export data. I'm a bit disappointed, to be honest. Please help.",low,General,16.6,0
Duplicate payment this month,"Hello, I was billed twice for my Pro plan this month, two charges of $19.99 on my credit card. Honestly this is ridiculous and a total waste of my time. Thank you.",medium,Billing,13.4,1
How do I use single sign-on?,I'm wondering whether your product supports custom reports. Please help.,low,General,5.8,0
Locked out of my account,"I'm locked out and can't sign in to access my projects. This is the third time I've contacted you about this. I reached out last week and got no response. Also, I was charged an extra fee on my last invoice. I am extremely frustrated and angry about this. I'm considering legal action. Please help.",medium,Account,12.0,1
Error 500 on dashboard,"I get a 500 internal server error whenever I open the dashboard. Our SSL certificate and DNS configuration look correct. This is the third time I've contacted you about this. It keeps happening again and again for weeks now. I'm a bit disappointed, to be honest.",high,Technical,32.1,1
No tracking information,"Hi, The carrier website says the tracking number doesn't exist. Unfortunately this is causing problems for me. Thanks.",medium,Shipping,14.4,0
App crashes on startup,"Since the latest update the application crashes right after the splash screen. I'm on an iPhone 14 on iOS 17 with app version 4.3.0. The browser console shows an exception with code E1042. This is the third time I've contacted you about this. I already tried logging out and back in, and I cleared the cache. This is completely unacceptable! Looking forward to your reply.",high,Technical,26.3,1
Student discount?,"Hi, We're interested in a partnership with your company, who should we contact? Thank you.",medium,General,3.5,0
Error 500 on dashboard,"I get a 500 internal server error whenever I open the dashboard. The browser console shows an exception with code ERR_CONN_RESET. Also, I was charged an extra fee on my last invoice. I love your product and it's been great so far.",medium,Technical,47.6,0
Error 500 on dashboard,"Good morning, Saving a project fails with the message 'unexpected error, please try again'. The server logs show a timeout on the API endpoint. I restarted and reinstalled everything, nothing works. I already tried logging out and back in, and I cleared the cache. Looking forward to your reply.",low,Technical,76.6,0
Item arrived broken,"Good morning, Half of the items in the package were damaged during delivery. I checked the network tab and the request returns a 502 error. I have followed the steps in your help article multiple times and it still happens. It keeps happening again and again for weeks now. This is the worst service I've ever experienced!! I will be leaving a review on social media about this. Please help.",urgent,Shipping,27.0,1
Where is my order?,"Good morning, I ordered 5 days ago and still have no delivery. I already tried logging out and back in, and I cleared the cache. This is the third time I've contacted you about this. Unfortunately this is causing problems for me. Looking forward to your reply.",high,Shipping,16.1,0
Want my money back,"Hi there, I cancelled within the trial period but was still charged $8.99. I would like a refund. Please help.",low,Billing,16.0,0
Want my money back,"Hello team, I cancelled within the trial period but was still charged $249.00. I would like a refund. Additionally, I had a question about your support hours. Regards.",low,Billing,21.5,0
Change shipping address,"Hello, Please update my delivery address, I've moved. This is the third time I've contacted you about this. Unfortunately this is causing problems for me.",high,Shipping,20.9,0
Order #10482 not delivered,"Hi, The package was marked as shipped but never arrived.",high,Shipping,10.2,0
Refund request,"Good morning, I cancelled within the trial period but was still charged $99.00. I would like a refund. Thank you.",medium,Billing,12.1,0
Integration not working,"Hello, Our API calls to the orders endpoint keep timing out after 30 seconds. Our SSL certificate and DNS configuration look correct. Thank you.",medium,Technical,37.3,0
Money taken without permission,"Good morning, Money was taken from my bank account without my permission, $19.99 on the 15th. I'm on Windows 11 with app version 5.0.2. I have followed the steps in your help article multiple times and it still happens. It keeps happening again and again for weeks now. This is quite frustrating.",high,Billing,14.9,0
Change shipping address,I need to change the shipping address for order #77310 before it's dispatched. This is quite frustrating. Please help.,medium,Shipping,17.5,0
Card keeps getting declined,"Hi there, The subscription renewal failed and now I can't pay the outstanding balance. Honestly this is ridiculous and a total waste of my time. Looking forward to your reply.",urgent,Billing,7.6,0
Webhook failures,"Hello, Our API calls to the orders endpoint keep timing out after 30 seconds. It keeps happening again and again for weeks now. This is the worst service I've ever experienced!! Regards.",medium,Technical,54.0,1
Account locked,"Good morning, My account got locked after a few failed login attempts. I already tried logging out and back in, and I cleared the cache. Your team has always been really helpful, thanks in advance! Thank you.",low,Account,13.0,0
Error 500 on dashboard,"Hello, I get a 500 internal server error whenever I open the dashboard. I'm on macOS Sonoma with app version 4.2.1. Additionally, I had a question about your support hours. I love your product and it's been great so far. Thanks.",medium,Technical,43.6,0
Upgrade billing question,"If I upgrade to the Business plan mid-cycle, how will the billing be prorated? It keeps happening again and again for weeks now. This is quite frustrating. Looking forward to your reply.",high,Billing,12.2,0
Error 500 on dashboard,I get a 500 internal server error whenever I open the dashboard. Thanks.,urgent,Technical,20.2,0
Duplicate payment this month,"I was billed twice for my Team plan this month, two charges of $99.00 on my credit card. This is quite frustrating.",medium,Billing,13.6,0
Application keeps crashing,"Hi there, Since the latest update the application crashes right after the splash screen. The browser console shows an exception with code ERR_CONN_RESET. I love your product and it's been great so far. Thanks.",medium,Technical,20.6,1
Server error when saving,"Hello team, Saving a project fails with the message 'unexpected error, please try again'. The browser console shows an exception with code 403. This is annoying and is slowing down my work. Looking forward to your reply.",urgent,Technical,17.9,0
Feature request,"Hi there, I wanted to share some feedback on the new design, it looks cleaner. The browser console shows an exception with code 403. I love your product and it's been great so far. Regards.",low,General,10.4,0
Update delivery address,"Good morning, Can you send me a return label so I can send the item back? Looking forward to your reply.",low,Shipping,35.3,0
Application keeps crashing,Since the latest update the application crashes right after the splash screen. Our SSL certificate and DNS configuration look correct. This is the third time I've contacted you about this. This is the worst service I've ever experienced!! I will cancel my subscription and switch to a competitor. Regards.,high,Technical,47.8,1
Requesting a refund for order #61209,"Hello team, I requested a refund two weeks ago for $249.00 and have not received it. This is annoying and is slowing down my work.",medium,Billing,10.9,0
Application keeps crashing,"The mobile app freezes and then crashes when I open the reports section. Your team has always been really helpful, thanks in advance! Thanks.",medium,Technical,22.6,0
Getting error messages,"Hello, Saving a project fails with the message 'unexpected error, please try again'.",high,Technical,17.2,0
Does the product support single sign-on?,"Hi, I'm wondering whether your product supports offline mode. I'm a bit disappointed, to be honest. Thank you.",low,General,7.7,0
Partnership inquiry,"Hello team, We're interested in a partnership with your company, who should we contact? I checked the network tab and the request returns a 502 error. This is the third time I've contacted you about this. It keeps happening again and again for weeks now. Please help.",high,General,5.5,0
Changes not saving,"Edits made by my team are not showing up, looks like sync failed. Looking forward to your reply.",urgent,Technical,19.3,0
Pages take forever to load,"The website has been extremely slow, pages take over a minute to load. The server logs show a timeout on the API endpoint. I already tried logging out and back in, and I cleared the cache. I have followed the steps in your help article multiple times and it still happens. I'm a bit disappointed, to be honest. Please help.",medium,Technical,35.4,0
Close my account,"Good morning, I would like to deactivate my profile and close the account. Your team has always been really helpful, thanks in advance! Thanks.",medium,Account,6.2,0
Add a team member,"I need to update my username and profile details. I restarted and reinstalled everything, nothing works. This is the third time I've contacted you about this. Honestly this is ridiculous and a total waste of my time. Looking forward to your reply.",medium,Account,8.7,0
How do I use single sign-on?,"Hi there, How do I get started with custom reports? I couldn't find it in the help center. Thanks.",low,General,7.3,0
Changes not saving,"Changes I make on my laptop don't sync to my phone anymore. The server logs show a timeout on the API endpoint. Also, my last package arrived late and the tracking never updated. Looking forward to your reply.",medium,Technical,60.1,0
Add a team member,How can I change the email address on my account profile? Regards.,urgent,Account,3.6,0
API requests timing out,"Good morning, Our API calls to the orders endpoint keep timing out after 30 seconds. Our SSL certificate and DNS configuration look correct. Also, my last package arrived late and the tracking never updated. I'm a bit disappointed, to be honest. Looking forward to your reply.",high,Technical,32.0,1
Export to CSV not working,"Hello, Exporting my data to CSV produces an empty file. The server logs show a timeout on the API endpoint. Thank you.",low,Technical,45.1,0
Want my money back,I cancelled within the trial period but was still charged $49.00. I would like a refund. Unfortunately this is causing problems for me. Thank you.,urgent,Billing,6.1,1
Card keeps getting declined,"Hello, My payment keeps getting declined even though the card works everywhere else. I reached out last week and got no response. On top of that, I can't log in to my account on the mobile app. I'm furious. Your product is useless right now. Please help.",high,Billing,18.9,1
Cannot reset my password,"Hi, I forgot my password and the reset form says my email is not recognised. Please help.",urgent,Account,3.1,1
Double charge on my card,My bank statement shows the same $8.99 transaction twice on June 1st. Unfortunately this is causing problems for me.,medium,Billing,11.5,0
Update my username,"Hi, I want to add a new team member to my account with admin permissions. This is annoying and is slowing down my work. Please help.",high,Account,10.4,0
Pages take forever to load,"Hello team, The search feature is not working, it just keeps loading.",medium,Technical,30.5,0
2FA problem,"Hi there, I got a new phone and lost my authenticator app, now I can't pass 2FA. I restarted and reinstalled everything, nothing works. This is completely unacceptable! Regards.",medium,Account,11.9,1
Export to CSV not working,"The website has been extremely slow, pages take over a minute to load. This is the worst service I've ever experienced!! Please escalate this to a supervisor.",medium,Technical,28.4,1
Add a team member,"Hello, How can I change the email address on my account profile? Regards.",high,Account,4.6,0
Double charge on my card,"Hello team, I was billed twice for my Business plan this month, two charges of $8.99 on my credit card. I am extremely frustrated and angry about this. If this isn't fixed I will dispute the charge with my bank. Thank you.",high,Billing,10.0,0
Student discount?,"Good morning, Do you offer a student discount or nonprofit pricing? Your team has always been really helpful, thanks in advance! Thank you.",medium,General,4.5,0
Change email address,"Hi, I need to update my username and profile details. Additionally, the app shows an error when I try to export data. Thanks.",medium,Account,11.9,0
Question about pricing and discounts,"Is there a discount coupon for annual billing? I want to switch from monthly payment. Additionally, the app shows an error when I try to export data. Unfortunately this is causing problems for me. Please help.",urgent,Billing,15.6,1
App crashes on startup,"Good morning, The app crashes every time I try to upload a file larger than 10MB. Looking forward to your reply.",low,Technical,28.4,0
How do I use calendar sync?,"Hello, Could you give me some information about what's included in each plan? The server logs show a timeout on the API endpoint. This is quite frustrating. Regards.",low,General,9.9,0
Change shipping address,Can you send me a return label so I can send the item back? Thanks.,low,Shipping,15.0,0
Item arrived broken,"Hello team, The parcel arrived damaged and the item inside is broken. Thanks.",low,Shipping,23.4,0
Server error when saving,"Hello, The page shows error code 403 and nothing loads. Additionally, I had a question about your support hours. This is completely unacceptable! I will be leaving a review on social media about this. Please help.",medium,Technical,31.0,0
Does the product support single sign-on?,How do I get started with custom reports? I couldn't find it in the help center. Regards.,low,General,7.3,0
Want my money back,"Hi, I requested a refund two weeks ago for $8.99 and have not received it. Also, my last package arrived late and the tracking never updated. I'm a bit disappointed, to be honest. Regards.",high,Billing,17.0,0
Question about features,"Hello, I'm wondering whether your product supports calendar sync. Looking forward to your reply.",medium,General,3.9,0
How do I use calendar sync?,"How do I get started with calendar sync? I couldn't find it in the help center. Also, I was charged an extra fee on my last invoice. This is annoying and is slowing down my work. Regards.",high,General,5.4,0
Question about features,"Hello, How do I get started with bulk export? I couldn't find it in the help center. Our SSL certificate and DNS configuration look correct. I already tried logging out and back in, and I cleared the cache. This is the third time I've contacted you about this. I'm a bit disappointed, to be honest. Please help.",low,General,13.4,0
Item arrived broken,"Good morning, My order arrived with a cracked screen, the box was crushed by the courier. Also, I was charged an extra fee on my last invoice. This is completely unacceptable! I will be leaving a review on social media about this. Please help.",low,Shipping,66.9,1
Changes not saving,"Changes I make on my laptop don't sync to my phone anymore. I checked the network tab and the request returns a 502 error. The browser console shows an exception with code ERR_CONN_RESET. Your team has always been really helpful, thanks in advance! Looking forward to your reply.",low,Technical,82.0,0
Sync is broken,"Good morning, Changes I make on my laptop don't sync to my phone anymore. Regards.",low,Technical,26.7,0
Question about features,"Hello, I'm wondering whether your product supports bulk export.",medium,General,4.1,0
Getting error messages,"Hi there, The page shows error code 403 and nothing loads. I checked the network tab and the request returns a 502 error. Unfortunately this is causing problems for me. Please help.",high,Technical,16.9,0
Want my money back,"Hello, I requested a refund two weeks ago for $249.00 and have not received it. Also, my last package arrived late and the tracking never updated. Regards.",medium,Billing,18.2,0
Server error when saving,"Hi, The page shows error code E1042 and nothing loads. Your team has always been really helpful, thanks in advance! Regards.",low,Technical,30.7,0
Unknown debit on my statement,I see a payment to you I don't recognise. I did not approve this transaction. Thanks.,medium,Billing,10.6,0
Change email address,"Hi there, I need to update my username and profile details. Additionally, I had a question about your support hours. Please help.",high,Account,7.8,0
Incorrect invoice,My latest invoice includes fees I don't recognise. Can you explain the charges? This is the third time I've contacted you about this. Please help.,medium,Billing,11.7,0
Data not syncing between devices,"Good morning, The sync has been stuck on 'pending' for hours and my data is out of date. The browser console shows an exception with code 502. Your team has always been really helpful, thanks in advance! Please help.",low,Technical,30.0,0
Question about features,"Good morning, How do I get started with offline mode? I couldn't find it in the help center. I reached out last week and got no response. Additionally, the app shows an error when I try to export data. I'm a bit disappointed, to be honest.",low,General,20.8,0
Integration not working,"Good morning, Webhooks are failing with a timeout and our integration is broken. I checked the network tab and the request returns a 502 error. I restarted and reinstalled everything, nothing works. It keeps happening again and again for weeks now. Also, I was charged an extra fee on my last invoice. This is the worst service I've ever experienced!! If this isn't fixed I will dispute the charge with my bank. Thank you.",urgent,Technical,25.3,1
Money taken without permission,"Good morning, I see a payment to you I don't recognise. I did not approve this transaction. I have followed the steps in your help article multiple times and it still happens. Honestly this is ridiculous and a total waste of my time. I will be leaving a review on social media about this. Thank you.",medium,Billing,11.5,1
No tracking information,"Hi, The carrier website says the tracking number doesn't exist. I'm furious. Your product is useless right now.",medium,Shipping,28.7,0
Delete my account,"Hi, Please delete my account and all associated data. Overall I'm very happy with the service. Please help.",medium,Account,6.4,0
Server error when saving,The page shows error code 403 and nothing loads. I'm on an iPhone 14 on iOS 17 with app version 4.2.1. I checked the network tab and the request returns a 502 error. Thank you.,medium,Technical,18.9,0
Refund request,I cancelled within the trial period but was still charged $249.00. I would like a refund. I have followed the steps in your help article multiple times and it still happens. I reached out last week and got no response. Honestly this is ridiculous and a total waste of my time. Regards.,urgent,Billing,9.1,1
Order #77310 not delivered,"I ordered 12 days ago and still have no delivery. I reached out last week and got no response. I already tried logging out and back in, and I cleared the cache. This is quite frustrating.",urgent,Shipping,14.0,0
Integration not working,Our API calls to the orders endpoint keep timing out after 30 seconds. Our SSL certificate and DNS configuration look correct.,low,Technical,26.0,0
Wrong item delivered,"Hello team, The package contained someone else's order. This is the third time I've contacted you about this. I reached out last week and got no response. Also, I was charged an extra fee on my last invoice. Honestly this is ridiculous and a total waste of my time. Thanks.",high,Shipping,31.4,1
Item arrived broken,"Hi there, Half of the items in the package were damaged during delivery. Thank you.",medium,Shipping,20.3,0
Deactivate profile,"Hi there, I would like to deactivate my profile and close the account. Looking forward to your reply.",high,Account,7.0,0
Question about pricing and discounts,"I want to cancel my subscription at the end of the billing period, will I be charged again? I restarted and reinstalled everything, nothing works. Unfortunately this is causing problems for me.",high,Billing,11.9,0
Account locked,"Hello, My account was suspended without any notice and I can't log in. I already tried logging out and back in, and I cleared the cache. I am extremely frustrated and angry about this. Looking forward to your reply.",medium,Account,7.4,1
Delete my account,I would like to deactivate my profile and close the account. This is annoying and is slowing down my work. Please help.,low,Account,9.0,0
Requesting a refund for order #61209,"I cancelled within the trial period but was still charged $249.00. I would like a refund. Additionally, I had a question about your support hours. Thanks.",urgent,Billing,9.0,0
Getting error messages,"Good morning, The page shows error code 403 and nothing loads. I'm on macOS Sonoma with app version 5.0.2. The browser console shows an exception with code E1042. This is completely unacceptable! I'm considering legal action. Thank you.",medium,Technical,60.4,1
Unauthorized charge,"There is a $99.00 debit from your company on my account that I never authorized. Also, my last package arrived late and the tracking never updated. Thanks.",medium,Billing,26.6,1
Refund request,"Good morning, I cancelled within the trial period but was still charged $49.00. I would like a refund. I have followed the steps in your help article multiple times and it still happens. This is quite frustrating. Please help.",urgent,Billing,6.7,0
Want my money back,I cancelled within the trial period but was still charged $49.00. I would like a refund. I love your product and it's been great so far. Please help.,low,Billing,14.6,0
Pages take forever to load,"Hi, The website has been extremely slow, pages take over a minute to load. The browser console shows an exception with code 502. This is quite frustrating. Thanks.",high,Technical,18.9,0
Duplicate payment this month,"Hi, My bank statement shows the same $49.00 transaction twice on last Monday. Looking forward to your reply.",high,Billing,7.8,0
Add a team member,"Hello team, I need to update my username and profile details. The server logs show a timeout on the API endpoint. This is the third time I've contacted you about this. I have followed the steps in your help article multiple times and it still happens. This is completely unacceptable! Thanks.",urgent,Account,4.3,1
Close my account,Please delete my account and all associated data. Our SSL certificate and DNS configuration look correct. It keeps happening again and again for weeks now. This is the worst service I've ever experienced!! If this isn't fixed I will dispute the charge with my bank. Please help.,medium,Account,13.1,0
Change email address,"Good morning, I need to update my username and profile details. Thanks so much, I appreciate the quick help. Please help.",low,Account,7.5,0
Unknown debit on my statement,"Hi, I see a payment to you I don't recognise. I did not approve this transaction. This is annoying and is slowing down my work. Thanks.",high,Billing,9.6,0
Requesting a refund for order #55321,"Hello team, I requested a refund two weeks ago for $249.00 and have not received it. I have followed the steps in your help article multiple times and it still happens. Additionally, the app shows an error when I try to export data. Looking forward to your reply.",medium,Billing,30.4,0
Error 500 on dashboard,"Hello, Saving a project fails with the message 'unexpected error, please try again'. I'm on a Pixel 8 on Android 14 with app version 5.0.2. This is the third time I've contacted you about this. Also, I was charged an extra fee on my last invoice. Thank you.",low,Technical,97.4,0
Student discount?,"Hi there, Do you offer a student discount or nonprofit pricing? I'm a bit disappointed, to be honest. Regards.",medium,General,3.5,0
Server error when saving,"Hi there, The page shows error code E1042 and nothing loads. I checked the network tab and the request returns a 502 error. Regards.",medium,Technical,33.7,0
Cancel subscription billing,"I want to cancel my subscription at the end of the billing period, will I be charged again? This is annoying and is slowing down my work. Please help.",medium,Billing,8.7,0
Order #61209 not delivered,"My order #61209 was supposed to arrive 5 days ago and it's still not here. Our SSL certificate and DNS configuration look correct. Also, I was charged an extra fee on my last invoice.",medium,Shipping,40.7,0
Webhook failures,"Hi, The Slack integration stopped posting notifications yesterday. I'm on a Pixel 8 on Android 14 with app version 5.0.2. This is the third time I've contacted you about this. This is annoying and is slowing down my work. Thank you.",high,Technical,21.4,0
Double charge on my card,"Hello, You took the subscription payment two times. Please refund the duplicate charge. Regards.",medium,Billing,10.5,0
Two-factor code not received,"I'm not receiving the two-factor verification code by SMS. I already tried logging out and back in, and I cleared the cache. I restarted and reinstalled everything, nothing works. This is quite frustrating. Please help.",medium,Account,12.3,0
Tracking stuck,The carrier website says the tracking number doesn't exist. Thanks.,high,Shipping,9.1,0
Getting error messages,"Hi there, Saving a project fails with the message 'unexpected error, please try again'. I checked the network tab and the request returns a 502 error.",urgent,Technical,12.8,0
Account locked,"Hi there, I'm locked out and can't sign in to access my projects. The browser console shows an exception with code 403. I have followed the steps in your help article multiple times and it still happens. Additionally, I had a question about your support hours. I'm furious. Your product is useless right now. If this isn't fixed I will dispute the charge with my bank. Looking forward to your reply.",medium,Account,17.9,1
Unknown debit on my statement,"Money was taken from my bank account without my permission, $12.50 on last Monday. It keeps happening again and again for weeks now. This is quite frustrating.",low,Billing,26.2,0
Partnership inquiry,"Hello team, Do you offer a student discount or nonprofit pricing? Please help.",low,General,5.0,0
App crashes on startup,"Hello, The mobile app freezes and then crashes when I open the reports section. Our SSL certificate and DNS configuration look correct. Also, my last package arrived late and the tracking never updated. Thank you.",low,Technical,86.3,0
Server error when saving,"Hi there, Saving a project fails with the message 'unexpected error, please try again'. The browser console shows an exception with code ERR_CONN_RESET. Our SSL certificate and DNS configuration look correct. Looking forward to your reply.",low,Technical,63.1,0
How do I use calendar sync?,"Hi, Could you give me some information about what's included in each plan? Unfortunately this is causing problems for me. Thanks.",medium,General,8.3,0
Double charge on my card,"Good morning, You took the subscription payment two times. Please refund the duplicate charge. Thanks.",medium,Billing,6.5,0
App crashes on startup,"Hello, The app crashes every time I try to upload a file larger than 10MB. I checked the network tab and the request returns a 502 error. I reached out last week and got no response. It keeps happening again and again for weeks now. Looking forward to your reply.",low,Technical,76.8,0
Cannot reset my password,"Hello team, The password reset email never arrives in my inbox. The server logs show a timeout on the API endpoint. Thanks.",high,Account,7.3,0
Where is my order?,"The package was marked as shipped but never arrived. Our SSL certificate and DNS configuration look correct. Thanks so much, I appreciate the quick help. Please help.",high,Shipping,15.5,1
Changes not saving,"Hello, Changes I make on my laptop don't sync to my phone anymore. I'm on an iPhone 14 on iOS 17 with app version 3.9.8. Thank you.",low,Technical,42.7,0
Application keeps crashing,"Hello team, The app crashes every time I try to upload a file larger than 10MB. I'm on a Pixel 8 on Android 14 with app version 5.0.2. Unfortunately this is causing problems for me.",urgent,Technical,17.2,0
Received someone else's order,"I received the wrong item, I ordered a blue one and got a red one. Please help.",high,Shipping,12.2,0
Payment declined,"Hello, My payment keeps getting declined even though the card works everywhere else. I already tried logging out and back in, and I cleared the cache. On top of that, I can't log in to my account on the mobile app. Thank you.",low,Billing,28.7,0
Requesting a refund for order #77310,"Hello team, I cancelled within the trial period but was still charged $49.00. I would like a refund. Thanks so much, I appreciate the quick help.",medium,Billing,8.3,1
Lost my authenticator,"Hi there, I'm not receiving the two-factor verification code by SMS. The server logs show a timeout on the API endpoint. I reached out last week and got no response. I restarted and reinstalled everything, nothing works. This is quite frustrating. Please help.",low,Account,18.6,0
Question about pricing and discounts,"If I upgrade to the Enterprise plan mid-cycle, how will the billing be prorated? I have followed the steps in your help article multiple times and it still happens. This is the third time I've contacted you about this. I love your product and it's been great so far. Regards.",medium,Billing,23.7,0
No tracking information,"Hello, The carrier website says the tracking number doesn't exist. Additionally, I had a question about your support hours. Regards.",medium,Shipping,21.0,0
Pages take forever to load,Exporting my data to CSV produces an empty file. Looking forward to your reply.,low,Technical,27.9,0
Update delivery address,"Hi there, I need to change the shipping address for order #61209 before it's dispatched. I restarted and reinstalled everything, nothing works. Thanks.",low,Shipping,37.9,0
Export to CSV not working,"Good morning, The website has been extremely slow, pages take over a minute to load. Our SSL certificate and DNS configuration look correct. The server logs show a timeout on the API endpoint. Thank you.",urgent,Technical,15.7,0
Changes not saving,"Hi there, Edits made by my team are not showing up, looks like sync failed. The browser console shows an exception with code ERR_CONN_RESET. Unfortunately this is causing problems for me. Thanks.",high,Technical,22.2,1
Application keeps crashing,"Hi there, Since the latest update the application crashes right after the splash screen. I'm on an iPhone 14 on iOS 17 with app version 4.2.1. The server logs show a timeout on the API endpoint. I restarted and reinstalled everything, nothing works. I already tried logging out and back in, and I cleared the cache. I love your product and it's been great so far. Looking forward to your reply.",low,Technical,54.4,0
Unknown debit on my statement,"Money was taken from my bank account without my permission, $49.00 on yesterday. Regards.",high,Billing,5.5,0
Account locked,I'm locked out and can't sign in to access my projects. Unfortunately this is causing problems for me. Thank you.,high,Account,4.4,1
Crash when uploading files,"Hi, The mobile app freezes and then crashes when I open the reports section. Thank you.",medium,Technical,23.1,0
Getting error messages,"Hello, The page shows error code ERR_CONN_RESET and nothing loads. It keeps happening again and again for weeks now. I have followed the steps in your help article multiple times and it still happens. Thank you.",low,Technical,55.6,0
App crashes on startup,"Good morning, The app crashes every time I try to upload a file larger than 10MB. I love your product and it's been great so far. Thanks.",medium,Technical,19.4,0
Change email address,"Hello, I want to add a new team member to my account with admin permissions. This is the worst service I've ever experienced!! I will cancel my subscription and switch to a competitor.",medium,Account,9.7,1
Feedback on the new design,"Good morning, I wanted to share some feedback on the new design, it looks cleaner. Unfortunately this is causing problems for me. Looking forward to your reply.",low,General,7.3,0
Feedback on the new design,"Hi, I wanted to share some feedback on the new design, it looks cleaner. Our SSL certificate and DNS configuration look correct. I have followed the steps in your help article multiple times and it still happens. I reached out last week and got no response. I'm a bit disappointed, to be honest. Looking forward to your reply.",low,General,12.1,0
Change shipping address,"Please update my delivery address, I've moved. I have followed the steps in your help article multiple times and it still happens. I reached out last week and got no response. On top of that, I can't log in to my account on the mobile app. This is completely unacceptable!",urgent,Shipping,22.6,1
Change shipping address,"Hello, Can you send me a return label so I can send the item back? The browser console shows an exception with code 403. Regards.",medium,Shipping,20.4,0
Pages take forever to load,"Hello team, The search feature is not working, it just keeps loading. I checked the network tab and the request returns a 502 error. The server logs show a timeout on the API endpoint. I have followed the steps in your help article multiple times and it still happens. I'm furious. Your product is useless right now. Regards.",medium,Technical,103.9,1
App crashes on startup,The app crashes every time I try to upload a file larger than 10MB. I'm on Windows 11 with app version 4.3.0. Please help.,medium,Technical,22.8,0
Webhook failures,"Webhooks are failing with a timeout and our integration is broken. The browser console shows an exception with code 0x80070005. Also, my last package arrived late and the tracking never updated. This is annoying and is slowing down my work. Looking forward to your reply.",medium,Technical,70.2,0
Refund request,"Hello, I cancelled within the trial period but was still charged $8.99. I would like a refund. Additionally, the app shows an error when I try to export data. This is annoying and is slowing down my work. Thanks.",high,Billing,13.4,1
Application keeps crashing,Since the latest update the application crashes right after the splash screen. Our SSL certificate and DNS configuration look correct. I'm on Windows 11 with app version 4.3.0. Unfortunately this is causing problems for me. Regards.,medium,Technical,35.5,0
Webhook failures,"Good morning, Our API calls to the orders endpoint keep timing out after 30 seconds. I checked the network tab and the request returns a 502 error. Thanks so much, I appreciate the quick help. Thank you.",medium,Technical,25.9,1
Invoice does not match my plan,My latest invoice includes fees I don't recognise. Can you explain the charges? Regards.,low,Billing,13.8,0
Close my account,"Hi, How do I permanently delete my account? Regards.",medium,Account,5.7,0
Invoice amount is wrong,The invoice for yesterday shows $249.00 but my plan should cost less. Thank you.,high,Billing,5.7,0
Application keeps crashing,"Hi, The app crashes every time I try to upload a file larger than 10MB. The browser console shows an exception with code 502. This is quite frustrating. Looking forward to your reply.",high,Technical,22.8,0
Update my username,"Hi, I want to add a new team member to my account with admin permissions. This is the third time I've contacted you about this. Additionally, the app shows an error when I try to export data. This is annoying and is slowing down my work. Regards.",medium,Account,11.5,0
Export to CSV not working,"Hi there, Exporting my data to CSV produces an empty file. Our SSL certificate and DNS configuration look correct. Thank you.",medium,Technical,34.9,1
Package was damaged,"Hello team, The parcel arrived damaged and the item inside is broken. I have followed the steps in your help article multiple times and it still happens. I reached out last week and got no response.",urgent,Shipping,15.0,0
Incorrect invoice,"Hello, My latest invoice includes fees I don't recognise. Can you explain the charges? I love your product and it's been great so far. Regards.",medium,Billing,12.0,0
Suggestion for improvement,"Hi, I wanted to share some feedback on the new design, it looks cleaner. Your team has always been really helpful, thanks in advance! Please help.",low,General,9.1,0
Website very slow,Exporting my data to CSV produces an empty file. This is quite frustrating.,high,Technical,18.1,0
Website very slow,"Exporting my data to CSV produces an empty file. I'm on Chrome 126 with app version 4.2.1. Additionally, I had a question about your support hours. Thanks so much, I appreciate the quick help. Thank you.",high,Technical,27.9,0
Student discount?,"Good morning, We're interested in a partnership with your company, who should we contact? Thanks.",low,General,7.4,0
Question about pricing and discounts,"I want to cancel my subscription at the end of the billing period, will I be charged again? Regards.",urgent,Billing,6.4,0
Server error when saving,"Good morning, Saving a project fails with the message 'unexpected error, please try again'. This is quite frustrating. Regards.",urgent,Technical,10.5,0
Pages take forever to load,"Hello team, The website has been extremely slow, pages take over a minute to load. Your team has always been really helpful, thanks in advance! Looking forward to your reply.",low,Technical,40.5,0
Error 500 on dashboard,I get a 500 internal server error whenever I open the dashboard. The server logs show a timeout on the API endpoint.,low,Technical,40.6,0
Question about pricing and discounts,"Hello, Is there a discount coupon for annual billing? I want to switch from monthly payment. Thanks.",medium,Billing,9.5,0
Double charge on my card,"Good morning, I was billed twice for my Team plan this month, two charges of $99.00 on my credit card. Please help.",medium,Billing,8.6,1
Incorrect invoice,"My latest invoice includes fees I don't recognise. Can you explain the charges? I restarted and reinstalled everything, nothing works. I have followed the steps in your help article multiple times and it still happens. Unfortunately this is causing problems for me. Please help.",high,Billing,8.5,1
Delete my account,"Hello team, I would like to deactivate my profile and close the account. Additionally, I had a question about your support hours. Looking forward to your reply.",low,Account,18.5,0
2FA problem,"Hello, The verification code is always rejected as invalid. This is annoying and is slowing down my work.",medium,Account,5.2,0
Does the product support offline mode?,"Hello team, I'm wondering whether your product supports offline mode. Overall I'm very happy with the service.",medium,General,2.5,0
Server error when saving,"Hi there, Saving a project fails with the message 'unexpected error, please try again'. I'm on Chrome 126 with app version 5.0.2. The server logs show a timeout on the API endpoint. Looking forward to your reply.",medium,Technical,40.2,0
Incorrect invoice,"Hi there, The receipt lists the Enterprise plan but I'm on a cheaper plan. Our SSL certificate and DNS configuration look correct. Please help.",medium,Billing,14.0,0
Update my username,"Hi there, How can I change the email address on my account profile? Thank you.",medium,Account,4.8,0
Received damaged item,"Hi, My order arrived with a cracked screen, the box was crushed by the courier. I'm a bit disappointed, to be honest. Thank you.",high,Shipping,12.6,0
Password reset link not working,"Hello team, I forgot my password and the reset form says my email is not recognised. Additionally, I had a question about your support hours. Thank you.",medium,Account,10.5,0
App crashes on startup,"Hello team, The mobile app freezes and then crashes when I open the reports section. The server logs show a timeout on the API endpoint. I checked the network tab and the request returns a 502 error. I'm furious. Your product is useless right now. I will be leaving a review on social media about this. Please help.",medium,Technical,27.2,0
Error 500 on dashboard,The page shows error code ERR_CONN_RESET and nothing loads. This is the third time I've contacted you about this. It keeps happening again and again for weeks now. This is quite frustrating. Looking forward to your reply.,high,Technical,27.7,0
Crash when uploading files,"Hi, Since the latest update the application crashes right after the splash screen. I'm on macOS Sonoma with app version 4.2.1. The browser console shows an exception with code 0x80070005. On top of that, I can't log in to my account on the mobile app. Your team has always been really helpful, thanks in advance! Please help.",low,Technical,66.8,0
Changes not saving,"Hi there, The sync has been stuck on 'pending' for hours and my data is out of date. I'm on an iPhone 14 on iOS 17 with app version 5.0.2. This is the worst service I've ever experienced!! Regards.",high,Technical,26.7,1
Cancel subscription billing,"Hello team, I want to cancel my subscription at the end of the billing period, will I be charged again? It keeps happening again and again for weeks now. I restarted and reinstalled everything, nothing works.",medium,Billing,22.8,0
Changes not saving,"Hi, The sync has been stuck on 'pending' for hours and my data is out of date. Our SSL certificate and DNS configuration look correct. The server logs show a timeout on the API endpoint. Thank you.",high,Technical,16.3,0
Charged twice for my subscription,"Hello team, My bank statement shows the same $49.00 transaction twice on June 1st. Unfortunately this is causing problems for me. Please help.",high,Billing,5.6,0
Sync is broken,"Edits made by my team are not showing up, looks like sync failed. I checked the network tab and the request returns a 502 error. Thanks.",medium,Technical,20.7,0
Getting error messages,I get a 500 internal server error whenever I open the dashboard. Looking forward to your reply.,high,Technical,12.4,0
Integration not working,"Hi, Webhooks are failing with a timeout and our integration is broken.",high,Technical,13.9,0
Webhook failures,"Good morning, Webhooks are failing with a timeout and our integration is broken. Regards.",low,Technical,42.8,0
Error 500 on dashboard,"Hi, The page shows error code 403 and nothing loads. I checked the network tab and the request returns a 502 error. I love your product and it's been great so far. Regards.",medium,Technical,18.9,0
Tracking stuck,"Hi, The tracking number for order #30055 hasn't updated in 5 days. I'm a bit disappointed, to be honest. Thanks.",medium,Shipping,15.9,1
Charged twice for my subscription,"Hello, I was billed twice for my Business plan this month, two charges of $8.99 on my credit card. I have followed the steps in your help article multiple times and it still happens. This is annoying and is slowing down my work. Thanks.",high,Billing,15.5,0
Need a return label,"Good morning, Can you send me a return label so I can send the item back? Also, I was charged an extra fee on my last invoice. I am extremely frustrated and angry about this. I'm considering legal action. Thanks.",high,Shipping,22.4,1
Delete my account,"Hi, Please delete my account and all associated data. I love your product and it's been great so far. Looking forward to your reply.",low,Account,9.2,0
Incorrect item in package,"Hi, The item delivered doesn't match what I ordered in order #61209. The server logs show a timeout on the API endpoint. I already tried logging out and back in, and I cleared the cache. Also, I was charged an extra fee on my last invoice. This is quite frustrating. Thanks.",medium,Shipping,51.1,0
Money taken without permission,"I see a payment to you I don't recognise. I did not approve this transaction. I reached out last week and got no response. I'm a bit disappointed, to be honest. Thanks.",high,Billing,23.1,0
Incorrect item in package,"The package contained someone else's order. Our SSL certificate and DNS configuration look correct. Your team has always been really helpful, thanks in advance! Looking forward to your reply.",low,Shipping,39.4,0
How do I use bulk export?,"Hi there, I'm wondering whether your product supports single sign-on. Overall I'm very happy with the service. Please help.",medium,General,4.6,0
Delete my account,How do I permanently delete my account? It keeps happening again and again for weeks now. This is the third time I've contacted you about this. This is quite frustrating. Thank you.,urgent,Account,5.6,0
Does the product support calendar sync?,How do I get started with calendar sync? I couldn't find it in the help center. This is annoying and is slowing down my work.,medium,General,3.2,1
Feedback on the new design,"Hi, A suggestion: it would be nice to have a dark mode. Regards.",medium,General,4.5,0
Forgot password,"Hi, The password reset email never arrives in my inbox. Honestly this is ridiculous and a total waste of my time. Looking forward to your reply.",urgent,Account,3.5,1
Getting error messages,I get a 500 internal server error whenever I open the dashboard. Unfortunately this is causing problems for me. Thank you.,high,Technical,18.1,0
Feature request,"Hi there, A suggestion: it would be nice to have a dark mode. Also, I was charged an extra fee on my last invoice. Unfortunately this is causing problems for me.",low,General,9.1,0
Pages take forever to load,"Hi there, The search feature is not working, it just keeps loading. The server logs show a timeout on the API endpoint. I'm on macOS Sonoma with app version 5.0.2. Thanks.",medium,Technical,28.0,0
Two-factor code not received,"Good morning, I'm not receiving the two-factor verification code by SMS. I reached out last week and got no response. I love your product and it's been great so far.",high,Account,5.5,0
Partnership inquiry,"Hi there, What are your support hours on weekends? It keeps happening again and again for weeks now. I restarted and reinstalled everything, nothing works. This is quite frustrating. Regards.",low,General,8.8,0
Cancel subscription billing,"Hello team, Is there a discount coupon for annual billing? I want to switch from monthly payment. Please help.",high,Billing,6.7,0
Double charge on my card,"I was billed twice for my Pro plan this month, two charges of $49.00 on my credit card. I am extremely frustrated and angry about this. If this isn't fixed I will dispute the charge with my bank. Regards.",urgent,Billing,7.8,0
Feedback on the new design,"Hello, I wanted to share some feedback on the new design, it looks cleaner. Also, my last package arrived late and the tracking never updated.",medium,General,11.1,0
Website very slow,"Good morning, Exporting my data to CSV produces an empty file. The browser console shows an exception with code E1042. I have followed the steps in your help article multiple times and it still happens. I already tried logging out and back in, and I cleared the cache. Thanks.",low,Technical,83.5,0
Invoice does not match my plan,"Hi there, The receipt lists the Team plan but I'm on a cheaper plan. Thanks.",high,Billing,8.2,0
Integration not working,Our API calls to the orders endpoint keep timing out after 30 seconds. Regards.,low,Technical,33.0,0
Item arrived broken,Half of the items in the package were damaged during delivery. This is the worst service I've ever experienced!!,urgent,Shipping,5.8,0
Incorrect invoice,My latest invoice includes fees I don't recognise. Can you explain the charges?,high,Billing,5.5,0
Business hours inquiry,"Hi, What are your support hours on weekends? I reached out last week and got no response. This is annoying and is slowing down my work. Thank you.",low,General,8.7,1
Sync is broken,"Hi, Edits made by my team are not showing up, looks like sync failed. Thanks.",low,Technical,28.8,0
No tracking information,Tracking has shown 'in transit' at the same warehouse for a week. I have followed the steps in your help article multiple times and it still happens. This is the third time I've contacted you about this. Thank you.,high,Shipping,20.4,0
No tracking information,The carrier website says the tracking number doesn't exist. I checked the network tab and the request returns a 502 error. Thanks.,medium,Shipping,21.7,0
Changes not saving,"Hello team, Edits made by my team are not showing up, looks like sync failed. Our SSL certificate and DNS configuration look correct. I'm on an iPhone 14 on iOS 17 with app version 3.9.8. I'm a bit disappointed, to be honest. Please help.",medium,Technical,46.6,0
Card keeps getting declined,My payment keeps getting declined even though the card works everywhere else.,medium,Billing,18.8,0
Update my username,"Hi, I want to add a new team member to my account with admin permissions. It keeps happening again and again for weeks now. Overall I'm very happy with the service. Please help.",medium,Account,8.0,0
Feedback on the new design,"Hello team, It would be great if you added bulk export in a future release. Also, I was charged an extra fee on my last invoice. Please help.",medium,General,5.3,0
Account locked,"Good morning, My account got locked after a few failed login attempts. I'm on Windows 11 with app version 3.9.8. Please help.",low,Account,8.5,0
Update delivery address,"Hi there, I need to change the shipping address for order #77310 before it's dispatched. I'm a bit disappointed, to be honest. Regards.",high,Shipping,10.0,1
Account locked,"Hello, I'm locked out and can't sign in to access my projects.",high,Account,3.0,0
Export to CSV not working,"Hello team, The search feature is not working, it just keeps loading.",medium,Technical,20.1,0
How do I use calendar sync?,"Hello team, How do I get started with bulk export? I couldn't find it in the help center. I'm on an iPhone 14 on iOS 17 with app version 4.2.1. Looking forward to your reply.",low,General,12.0,0
Changes not saving,"Hi, Changes I make on my laptop don't sync to my phone anymore. I checked the network tab and the request returns a 502 error. Thanks.",high,Technical,25.2,0
Sync is broken,"Hello, Edits made by my team are not showing up, looks like sync failed. The browser console shows an exception with code ERR_CONN_RESET. Thanks.",urgent,Technical,22.4,1
Unknown debit on my statement,"Good morning, Money was taken from my bank account without my permission, $249.00 on June 1st.",low,Billing,21.0,0
Invoice does not match my plan,"Hi, The receipt lists the Premium plan but I'm on a cheaper plan. The browser console shows an exception with code 403. I have followed the steps in your help article multiple times and it still happens. I restarted and reinstalled everything, nothing works. Additionally, the app shows an error when I try to export data. Looking forward to your reply.",low,Billing,41.6,1
API requests timing out,"Hello team, Webhooks are failing with a timeout and our integration is broken. Your team has always been really helpful, thanks in advance! Looking forward to your reply.",medium,Technical,25.4,0
Two-factor code not received,"Hi there, The verification code is always rejected as invalid. Thank you.",low,Account,8.3,0
Password reset link not working,"Hello, I forgot my password and the reset form says my email is not recognised. I have followed the steps in your help article multiple times and it still happens. This is quite frustrating. Thanks.",medium,Account,12.4,0
Export to CSV not working,"Hello, The search feature is not working, it just keeps loading. Our SSL certificate and DNS configuration look correct. Additionally, I had a question about your support hours.",high,Technical,28.9,0
Unauthorized charge,"Hello team, I see a payment to you I don't recognise. I did not approve this transaction. Unfortunately this is causing problems for me. Thank you.",high,Billing,7.7,0
Cancel subscription billing,"Hi, If I upgrade to the Team plan mid-cycle, how will the billing be prorated? I reached out last week and got no response. Additionally, I had a question about your support hours.",high,Billing,15.7,1
Close my account,Please delete my account and all associated data. I reached out last week and got no response. This is the third time I've contacted you about this. This is the worst service I've ever experienced!! Thanks.,medium,Account,8.6,1
Server error when saving,"Good morning, Saving a project fails with the message 'unexpected error, please try again'. Our SSL certificate and DNS configuration look correct. This is completely unacceptable! If this isn't fixed I will dispute the charge with my bank. Thanks.",medium,Technical,32.2,1
Tracking number not updating,"The carrier website says the tracking number doesn't exist. Also, I was charged an extra fee on my last invoice.",low,Shipping,49.1,0
Business hours inquiry,"We're interested in a partnership with your company, who should we contact?",low,General,4.9,0
Refund request,"Hello team, I cancelled within the trial period but was still charged $99.00. I would like a refund.",medium,Billing,8.3,0
Pages take forever to load,"Hi, Exporting my data to CSV produces an empty file. The browser console shows an exception with code 403. This is the third time I've contacted you about this. This is quite frustrating. Please help.",medium,Technical,37.4,0
Student discount?,"Hi there, What are your support hours on weekends? Your team has always been really helpful, thanks in advance!",low,General,6.2,0
Received someone else's order,The item delivered doesn't match what I ordered in order #10482. I love your product and it's been great so far. Thanks.,high,Shipping,18.3,0
Add a team member,"I need to update my username and profile details. Additionally, I had a question about your support hours. This is quite frustrating.",low,Account,19.0,0
Feature request,"I wanted to share some feedback on the new design, it looks cleaner. This is quite frustrating. Thank you.",medium,General,4.9,0
Payment declined,"Hi there, I tried to update my credit card details but the payment page rejects the card. I checked the network tab and the request returns a 502 error. Please help.",low,Billing,14.5,0
Tracking stuck,"Hello, The carrier website says the tracking number doesn't exist. Our SSL certificate and DNS configuration look correct. Regards.",medium,Shipping,18.6,0
Package has not arrived,"Hi there, My order #30055 was supposed to arrive 10 days ago and it's still not here. Looking forward to your reply.",medium,Shipping,20.1,0
Feedback on the new design,"Hi, I wanted to share some feedback on the new design, it looks cleaner. I reached out last week and got no response. I'm a bit disappointed, to be honest. Regards.",low,General,13.7,0
Double charge on my card,"Hello, You took the subscription payment two times. Please refund the duplicate charge. I checked the network tab and the request returns a 502 error. This is annoying and is slowing down my work. Please help.",medium,Billing,13.6,0
Changes not saving,"Hello, Changes I make on my laptop don't sync to my phone anymore. I checked the network tab and the request returns a 502 error. The browser console shows an exception with code 502. Thanks.",medium,Technical,32.3,0
Duplicate payment this month,"My bank statement shows the same $49.00 transaction twice on June 1st. Also, my last package arrived late and the tracking never updated. Regards.",medium,Billing,14.2,1
Payment declined,"Hello, The subscription renewal failed and now I can't pay the outstanding balance. On top of that, I can't log in to my account on the mobile app. Regards.",low,Billing,21.3,0
Need a return label,"Hi, Can you send me a return label so I can send the item back? Regards.",medium,Shipping,14.0,0
Payment declined,"Hello team, I tried to update my credit card details but the payment page rejects the card. Thanks.",medium,Billing,10.5,0
Website very slow,"Hi there, Exporting my data to CSV produces an empty file. Thanks so much, I appreciate the quick help. Please help.",medium,Technical,30.4,0
Unknown debit on my statement,"Hello, I see a payment to you I don't recognise. I did not approve this transaction. Also, my last package arrived late and the tracking never updated. I love your product and it's been great so far. Looking forward to your reply.",medium,Billing,24.6,0
Question about pricing and discounts,Is there a discount coupon for annual billing? I want to switch from monthly payment. The server logs show a timeout on the API endpoint. Thanks.,medium,Billing,16.6,0
Integration not working,The Slack integration stopped posting notifications yesterday. I'm on a Pixel 8 on Android 14 with app version 3.9.8. This is annoying and is slowing down my work. Looking forward to your reply.,medium,Technical,53.2,0
Incorrect invoice,"The invoice for June 1st shows $99.00 but my plan should cost less. I restarted and reinstalled everything, nothing works. This is the third time I've contacted you about this. I love your product and it's been great so far. Regards.",medium,Billing,11.9,0
Close my account,"Hi, Please delete my account and all associated data. It keeps happening again and again for weeks now. I have followed the steps in your help article multiple times and it still happens. Unfortunately this is causing problems for me. Thanks.",urgent,Account,5.3,0
Pages take forever to load,"Hello, The search feature is not working, it just keeps loading. I checked the network tab and the request returns a 502 error. I'm on Chrome 126 with app version 5.0.2. On top of that, I can't log in to my account on the mobile app. Thank you.",medium,Technical,58.2,0
Application keeps crashing,"Good morning, The app crashes every time I try to upload a file larger than 10MB. The browser console shows an exception with code ERR_CONN_RESET. Also, my last package arrived late and the tracking never updated. Regards.",high,Technical,37.2,0
Cancel subscription billing,"Good morning, I want to cancel my subscription at the end of the billing period, will I be charged again? I already tried logging out and back in, and I cleared the cache. I'm a bit disappointed, to be honest. Looking forward to your reply.",medium,Billing,12.6,0
Unknown debit on my statement,"There is a $19.99 debit from your company on my account that I never authorized. I checked the network tab and the request returns a 502 error. I already tried logging out and back in, and I cleared the cache. I restarted and reinstalled everything, nothing works. Unfortunately this is causing problems for me. Please help.",medium,Billing,17.4,0
Invoice amount is wrong,"Hello, The receipt lists the Enterprise plan but I'm on a cheaper plan. Our SSL certificate and DNS configuration look correct. Looking forward to your reply.",low,Billing,14.9,0
Getting error messages,I get a 500 internal server error whenever I open the dashboard. Regards.,medium,Technical,24.0,0
Unauthorized charge,"Hello, There is a $8.99 debit from your company on my account that I never authorized. This is quite frustrating. Please help.",medium,Billing,11.5,0
No tracking information,The carrier website says the tracking number doesn't exist. This is annoying and is slowing down my work. Looking forward to your reply.,medium,Shipping,13.5,0
Duplicate payment this month,"Hello team, You took the subscription payment two times. Please refund the duplicate charge. Please help.",high,Billing,7.7,0
Tracking number not updating,"Hello team, The tracking number for order #10482 hasn't updated in 10 days. Please help.",medium,Shipping,19.2,0
Feature request,"Good morning, A suggestion: it would be nice to have a dark mode. On top of that, I can't log in to my account on the mobile app. Please help.",medium,General,6.8,0
Student discount?,"Good morning, What are your support hours on weekends? I reached out last week and got no response. I already tried logging out and back in, and I cleared the cache. Your team has always been really helpful, thanks in advance!",low,General,9.7,0
Received damaged item,"Good morning, My order arrived with a cracked screen, the box was crushed by the courier. The server logs show a timeout on the API endpoint. I love your product and it's been great so far. Looking forward to your reply.",medium,Shipping,13.8,0
Business hours inquiry,"Hello, We're interested in a partnership with your company, who should we contact? Unfortunately this is causing problems for me. Regards.",medium,General,4.6,0
Refund request,"Please process a refund for order #30055, I never used the service after paying. Thanks.",medium,Billing,9.3,0
Double charge on my card,"Hello, You took the subscription payment two times. Please refund the duplicate charge. Unfortunately this is causing problems for me. Please help.",low,Billing,25.9,0
Close my account,"Hi there, How do I permanently delete my account? I love your product and it's been great so far. Thanks.",medium,Account,6.6,0
Incorrect item in package,"I received the wrong item, I ordered a blue one and got a red one. I have followed the steps in your help article multiple times and it still happens. I already tried logging out and back in, and I cleared the cache. Unfortunately this is causing problems for me.",medium,Shipping,31.9,0
Application keeps crashing,"Hi, The app crashes every time I try to upload a file larger than 10MB. Our SSL certificate and DNS configuration look correct. This is annoying and is slowing down my work. Looking forward to your reply.",medium,Technical,37.5,0
Website very slow,"Hi, The website has been extremely slow, pages take over a minute to load. It keeps happening again and again for weeks now. I reached out last week and got no response. Unfortunately this is causing problems for me. Regards.",low,Technical,79.6,0
Changes not saving,"Edits made by my team are not showing up, looks like sync failed. Our SSL certificate and DNS configuration look correct. I have followed the steps in your help article multiple times and it still happens. Unfortunately this is causing problems for me. Please help.",high,Technical,34.1,1
Webhook failures,"Hi, Our API calls to the orders endpoint keep timing out after 30 seconds. I checked the network tab and the request returns a 502 error. Thank you.",low,Technical,37.4,0
Invoice does not match my plan,"Hello, The invoice for June 1st shows $8.99 but my plan should cost less. On top of that, I can't log in to my account on the mobile app. I love your product and it's been great so far. Thank you.",medium,Billing,24.4,0
Export to CSV not working,Exporting my data to CSV produces an empty file. Please help.,medium,Technical,22.2,0
Update my username,How can I change the email address on my account profile? Looking forward to your reply.,medium,Account,4.4,0
Lost my authenticator,The verification code is always rejected as invalid. Thanks.,low,Account,8.4,0
API requests timing out,"Good morning, The Slack integration stopped posting notifications yesterday. The server logs show a timeout on the API endpoint. It keeps happening again and again for weeks now. Thanks.",medium,Technical,47.6,0
API requests timing out,"Hi there, The Slack integration stopped posting notifications yesterday. The browser console shows an exception with code ERR_CONN_RESET. Looking forward to your reply.",medium,Technical,30.6,0
Cannot update payment method,"Hello, The subscription renewal failed and now I can't pay the outstanding balance. The server logs show a timeout on the API endpoint.",low,Billing,26.5,0
Cannot update payment method,"Good morning, The subscription renewal failed and now I can't pay the outstanding balance. Overall I'm very happy with the service. Regards.",low,Billing,12.3,0
Upgrade billing question,"I want to cancel my subscription at the end of the billing period, will I be charged again? Thanks.",low,Billing,14.5,0
Partnership inquiry,"Good morning, What are your support hours on weekends? This is quite frustrating. Looking forward to your reply.",low,General,8.0,0
Cannot update payment method,"Hi there, The subscription renewal failed and now I can't pay the outstanding balance. I already tried logging out and back in, and I cleared the cache. I'm a bit disappointed, to be honest.",high,Billing,11.5,1
Charged twice for my subscription,My bank statement shows the same $12.50 transaction twice on June 1st. Unfortunately this is causing problems for me.,high,Billing,6.5,0
Password reset link not working,"When I click the reset link it says the token is invalid or expired. I already tried logging out and back in, and I cleared the cache. I love your product and it's been great so far. Looking forward to your reply.",low,Account,18.7,0
Webhook failures,The Slack integration stopped posting notifications yesterday. The server logs show a timeout on the API endpoint. This is completely unacceptable! Regards.,high,Technical,44.2,1
Question about pricing and discounts,"Good morning, If I upgrade to the Premium plan mid-cycle, how will the billing be prorated? I'm on an iPhone 14 on iOS 17 with app version 4.2.1. Regards.",low,Billing,16.0,0
Need a return label,"Hello team, Can you send me a return label so I can send the item back? I love your product and it's been great so far. Thanks.",medium,Shipping,12.0,0
Update delivery address,"Hello, Please update my delivery address, I've moved. The browser console shows an exception with code ERR_CONN_RESET. Thank you.",high,Shipping,14.5,0
Received someone else's order,"Hi, The package contained someone else's order. This is quite frustrating. Thanks.",urgent,Shipping,7.2,1
Pages take forever to load,"Hi there, The website has been extremely slow, pages take over a minute to load. Overall I'm very happy with the service. Looking forward to your reply.",high,Technical,16.0,0
Changes not saving,"Hi, Changes I make on my laptop don't sync to my phone anymore. Our SSL certificate and DNS configuration look correct. I'm on an iPhone 14 on iOS 17 with app version 5.0.2. This is the third time I've contacted you about this. Also, my last package arrived late and the tracking never updated. I'm furious. Your product is useless right now. Thank you.",high,Technical,91.6,1
Need a return label,"Please update my delivery address, I've moved. Overall I'm very happy with the service. Thanks.",medium,Shipping,17.6,1
Sync is broken,"Hi there, The sync has been stuck on 'pending' for hours and my data is out of date. I checked the network tab and the request returns a 502 error. This is the worst service I've ever experienced!! Thanks.",low,Technical,73.1,0
Requesting a refund for order #55321,I requested a refund two weeks ago for $249.00 and have not received it. I love your product and it's been great so far. Thanks.,medium,Billing,14.5,0
No tracking information,The tracking number for order #30055 hasn't updated in 7 days. It keeps happening again and again for weeks now. I am extremely frustrated and angry about this. Please help.,medium,Shipping,30.3,1
Export to CSV not working,"Hello, Exporting my data to CSV produces an empty file. The browser console shows an exception with code 0x80070005. Please help.",medium,Technical,24.9,1
Suggestion for improvement,"Hi there, It would be great if you added bulk export in a future release. It keeps happening again and again for weeks now.",low,General,9.7,0
Duplicate payment this month,"You took the subscription payment two times. Please refund the duplicate charge. Your team has always been really helpful, thanks in advance! Please help.",medium,Billing,5.1,0
Invoice does not match my plan,"Hello, My latest invoice includes fees I don't recognise. Can you explain the charges? Looking forward to your reply.",medium,Billing,8.8,1
Package was damaged,"Hello, My order arrived with a cracked screen, the box was crushed by the courier. It keeps happening again and again for weeks now. I'm furious. Your product is useless right now. I'm considering legal action.",urgent,Shipping,15.7,1
Website very slow,"Hi there, The website has been extremely slow, pages take over a minute to load. I'm on Chrome 126 with app version 4.2.1. The browser console shows an exception with code 502. On top of that, I can't log in to my account on the mobile app. Looking forward to your reply.",high,Technical,38.4,0
Invoice does not match my plan,The invoice for June 1st shows $8.99 but my plan should cost less. Please help.,low,Billing,14.2,0
How do I use custom reports?,"Hi, I'm wondering whether your product supports offline mode. This is annoying and is slowing down my work.",medium,General,4.0,0
Package was damaged,"Hi there, The parcel arrived damaged and the item inside is broken. I have followed the steps in your help article multiple times and it still happens. Honestly this is ridiculous and a total waste of my time. Thank you.",high,Shipping,48.4,0
Unauthorized charge,I see a payment to you I don't recognise. I did not approve this transaction. Thank you.,low,Billing,19.6,0
No tracking information,"Good morning, The tracking number for order #30055 hasn't updated in 7 days. Thank you.",medium,Shipping,10.6,0
Received someone else's order,"The item delivered doesn't match what I ordered in order #98012. I restarted and reinstalled everything, nothing works. I have followed the steps in your help article multiple times and it still happens. Additionally, I had a question about your support hours. Thanks.",urgent,Shipping,22.1,1
Getting error messages,"Hello, I get a 500 internal server error whenever I open the dashboard. On top of that, I can't log in to my account on the mobile app. I'm a bit disappointed, to be honest.",medium,Technical,35.9,0
Getting error messages,"Hello team, I get a 500 internal server error whenever I open the dashboard. I'm on Chrome 126 with app version 4.3.0. The browser console shows an exception with code 403. Also, my last package arrived late and the tracking never updated. This is quite frustrating. Looking forward to your reply.",medium,Technical,35.2,0
Invoice amount is wrong,"Hi there, My latest invoice includes fees I don't recognise. Can you explain the charges? Unfortunately this is causing problems for me. Thank you.",urgent,Billing,5.7,1
Charged twice for my subscription,"Hello, You took the subscription payment two times. Please refund the duplicate charge. Overall I'm very happy with the service. Thanks.",medium,Billing,7.4,0
Card keeps getting declined,My payment keeps getting declined even though the card works everywhere else. Looking forward to your reply.,high,Billing,8.3,0
Package has not arrived,"Hello, I ordered 3 days ago and still have no delivery. The server logs show a timeout on the API endpoint. I reached out last week and got no response. Your team has always been really helpful, thanks in advance!",medium,Shipping,14.5,1
Getting error messages,"Hello, Saving a project fails with the message 'unexpected error, please try again'. I checked the network tab and the request returns a 502 error. I'm on macOS Sonoma with app version 4.3.0. This is the third time I've contacted you about this. I'm a bit disappointed, to be honest. Please help.",high,Technical,41.4,1
Unknown debit on my statement,There is a $49.00 debit from your company on my account that I never authorized. I have followed the steps in your help article multiple times and it still happens. This is quite frustrating. Thank you.,high,Billing,11.9,1
Data not syncing between devices,"Hello, Changes I make on my laptop don't sync to my phone anymore. The browser console shows an exception with code ERR_CONN_RESET. Also, my last package arrived late and the tracking never updated. Regards.",medium,Technical,61.5,0
Data not syncing between devices,"Good morning, The sync has been stuck on 'pending' for hours and my data is out of date. The browser console shows an exception with code E1042. Looking forward to your reply.",medium,Technical,27.0,0
Suggestion for improvement,"I wanted to share some feedback on the new design, it looks cleaner. Unfortunately this is causing problems for me. Thanks.",low,General,4.9,0
Incorrect item in package,"I received the wrong item, I ordered a blue one and got a red one. I have followed the steps in your help article multiple times and it still happens. I reached out last week and got no response. I'm a bit disappointed, to be honest.",medium,Shipping,23.8,1
Wrong item delivered,"Hi, The package contained someone else's order. Looking forward to your reply.",urgent,Shipping,7.4,0
Package has not arrived,"Hello team, I ordered 5 days ago and still have no delivery. The server logs show a timeout on the API endpoint. Also, I was charged an extra fee on my last invoice. Your team has always been really helpful, thanks in advance! Thanks.",high,Shipping,11.6,0
Pages take forever to load,Exporting my data to CSV produces an empty file. I'm on macOS Sonoma with app version 3.9.8. The browser console shows an exception with code 0x80070005.,urgent,Technical,26.3,0
Forgot password,When I click the reset link it says the token is invalid or expired. This is annoying and is slowing down my work. Thank you.,high,Account,3.5,1
Cannot reset my password,"Hi, I forgot my password and the reset form says my email is not recognised. Looking forward to your reply.",medium,Account,5.1,0
Payment declined,"Hello team, The subscription renewal failed and now I can't pay the outstanding balance. I already tried logging out and back in, and I cleared the cache. Unfortunately this is causing problems for me. Thank you.",urgent,Billing,8.7,1
No tracking information,"Hello team, Tracking has shown 'in transit' at the same warehouse for a week. Thanks so much, I appreciate the quick help. Looking forward to your reply.",medium,Shipping,20.7,0
Server error when saving,I get a 500 internal server error whenever I open the dashboard. Our SSL certificate and DNS configuration look correct. Please help.,high,Technical,20.2,0
Error 500 on dashboard,"Hi there, Saving a project fails with the message 'unexpected error, please try again'. I'm on Windows 11 with app version 3.9.8. The server logs show a timeout on the API endpoint. Thanks.",high,Technical,16.0,0
Forgot password,"When I click the reset link it says the token is invalid or expired. Additionally, I had a question about your support hours. Please help.",medium,Account,9.7,0
Export to CSV not working,"Hello team, The search feature is not working, it just keeps loading. The browser console shows an exception with code 0x80070005. I have followed the steps in your help article multiple times and it still happens. I'm furious. Your product is useless right now. Thanks.",urgent,Technical,29.8,1
Double charge on my card,"Hi, You took the subscription payment two times. Please refund the duplicate charge. I restarted and reinstalled everything, nothing works. I'm a bit disappointed, to be honest. Looking forward to your reply.",high,Billing,15.7,1
Duplicate payment this month,"Hello, I was billed twice for my Team plan this month, two charges of $19.99 on my credit card. I already tried logging out and back in, and I cleared the cache. I reached out last week and got no response. I'm a bit disappointed, to be honest. Thank you.",urgent,Billing,7.0,1
Requesting a refund for order #10482,"Hi there, Please process a refund for order #30055, I never used the service after paying. Additionally, I had a question about your support hours. Looking forward to your reply.",high,Billing,12.0,0
Getting error messages,"Hi there, The page shows error code E1042 and nothing loads. Our SSL certificate and DNS configuration look correct. Also, I was charged an extra fee on my last invoice. Looking forward to your reply.",high,Technical,19.1,0
Cannot reset my password,"Hello, When I click the reset link it says the token is invalid or expired. I'm on a Pixel 8 on Android 14 with app version 3.9.8. Also, my last package arrived late and the tracking never updated. Unfortunately this is causing problems for me. Thank you.",urgent,Account,7.2,0
API requests timing out,"Hello team, Our API calls to the orders endpoint keep timing out after 30 seconds. I already tried logging out and back in, and I cleared the cache. Unfortunately this is causing problems for me. Please help.",high,Technical,49.7,0
Card keeps getting declined,"Hi, My payment keeps getting declined even though the card works everywhere else. I'm a bit disappointed, to be honest. Please help.",urgent,Billing,4.2,1
Two-factor code not received,"I got a new phone and lost my authenticator app, now I can't pass 2FA. Please help.",low,Account,6.8,0
Incorrect invoice,The invoice for the 15th shows $99.00 but my plan should cost less.,medium,Billing,8.9,0
Refund request,"Good morning, I requested a refund two weeks ago for $12.50 and have not received it. On top of that, I can't log in to my account on the mobile app. Thanks.",low,Billing,27.4,0
Business hours inquiry,"Good morning, What are your support hours on weekends? I'm a bit disappointed, to be honest. Please help.",low,General,6.1,1
Does the product support offline mode?,I'm wondering whether your product supports calendar sync. This is quite frustrating. Looking forward to your reply.,low,General,6.4,0
